,id,name,url,professional_roles,salary_from,salary_to,currency,gross
0,115934509,Курьер,https://api.hh.ru/vacancies/115934509?host=hh.ru,['Курьер'],75000.0,,RUR,True
1,115943707,Курьер (доставка документов),https://api.hh.ru/vacancies/115943707?host=hh.ru,['Курьер'],60000.0,60000.0,RUR,True
2,115939463,Курьер в офис,https://api.hh.ru/vacancies/115939463?host=hh.ru,['Курьер'],,,,
3,115915028,Курьер пеший (в пределах МКАД),https://api.hh.ru/vacancies/115915028?host=hh.ru,['Курьер'],,,,
4,115760614,Курьер (офис),https://api.hh.ru/vacancies/115760614?host=hh.ru,['Курьер'],80000.0,,RUR,False
5,115904989,Курьер (документы),https://api.hh.ru/vacancies/115904989?host=hh.ru,['Курьер'],,,,
6,114931304,Водитель-курьер на автомобиле компании,https://api.hh.ru/vacancies/114931304?host=hh.ru,['Водитель'],150000.0,200000.0,RUR,False
7,115956439,Курьер на документы,https://api.hh.ru/vacancies/115956439?host=hh.ru,['Курьер'],70000.0,,RUR,False
8,115948479,Курьер,https://api.hh.ru/vacancies/115948479?host=hh.ru,['Курьер'],60000.0,,RUR,True
9,115888400,Пеший курьер,https://api.hh.ru/vacancies/115888400?host=hh.ru,['Курьер'],69000.0,,RUR,True
10,115796693,Курьер,https://api.hh.ru/vacancies/115796693?host=hh.ru,['Курьер'],70500.0,70500.0,RUR,True
11,115246260,Курьер на доставку документов,https://api.hh.ru/vacancies/115246260?host=hh.ru,['Курьер'],70000.0,,RUR,True
12,115894788,Курьер пеший,https://api.hh.ru/vacancies/115894788?host=hh.ru,['Курьер'],45000.0,50000.0,RUR,False
13,115167924,Курьер в офис (м. Маяковская),https://api.hh.ru/vacancies/115167924?host=hh.ru,['Курьер'],60000.0,,RUR,False
14,115936905,Пеший курьер по доставке продуктов от 2 ч в день,https://api.hh.ru/vacancies/115936905?host=hh.ru,['Другое'],163120.0,,RUR,True
15,115907632,Курьер в офис,https://api.hh.ru/vacancies/115907632?host=hh.ru,['Курьер'],24534.0,24534.0,RUR,True
16,115614371,Курьер (в офис),https://api.hh.ru/vacancies/115614371?host=hh.ru,['Курьер'],55000.0,,RUR,False
17,115935094,Курьер,https://api.hh.ru/vacancies/115935094?host=hh.ru,['Курьер'],20000.0,20000.0,RUR,False
18,115701192,Пеший курьер,https://api.hh.ru/vacancies/115701192?host=hh.ru,['Курьер'],60000.0,,RUR,False
19,115762355,Курьер,https://api.hh.ru/vacancies/115762355?host=hh.ru,['Курьер'],65000.0,,RUR,False
20,115797411,Курьер,https://api.hh.ru/vacancies/115797411?host=hh.ru,['Курьер'],40000.0,40000.0,RUR,False
21,115776927,Пеший курьер по документам,https://api.hh.ru/vacancies/115776927?host=hh.ru,['Курьер'],,70000.0,RUR,True
22,115555136,Курьер,https://api.hh.ru/vacancies/115555136?host=hh.ru,['Курьер'],30000.0,30000.0,RUR,False
23,114576241,Велокурьер/Пеший курьер,https://api.hh.ru/vacancies/114576241?host=hh.ru,['Курьер'],150000.0,180000.0,RUR,False
24,115782298,Курьер в офис,https://api.hh.ru/vacancies/115782298?host=hh.ru,['Курьер'],,,,
25,115937428,Водитель-курьер (сутки-трое),https://api.hh.ru/vacancies/115937428?host=hh.ru,['Курьер'],90000.0,110000.0,RUR,False
26,115768280,Курьер (пеший),https://api.hh.ru/vacancies/115768280?host=hh.ru,['Курьер'],70000.0,83000.0,RUR,False
27,115179703,Курьер доставки заказов,https://api.hh.ru/vacancies/115179703?host=hh.ru,['Курьер'],146500.0,,RUR,False
28,115950870,Пеший курьер документы,https://api.hh.ru/vacancies/115950870?host=hh.ru,['Курьер'],,44000.0,RUR,True
29,115528770,Пеший курьер,https://api.hh.ru/vacancies/115528770?host=hh.ru,['Курьер'],73500.0,90500.0,RUR,False
30,115958737,Пеший курьер,https://api.hh.ru/vacancies/115958737?host=hh.ru,['Курьер'],75000.0,,RUR,True
31,115704686,Курьер,https://api.hh.ru/vacancies/115704686?host=hh.ru,['Курьер'],,47000.0,RUR,True
32,115217461,Курьер,https://api.hh.ru/vacancies/115217461?host=hh.ru,['Курьер'],85000.0,95000.0,RUR,False
33,115601249,Курьер,https://api.hh.ru/vacancies/115601249?host=hh.ru,['Курьер'],50000.0,,RUR,False
34,115528827,Пеший курьер,https://api.hh.ru/vacancies/115528827?host=hh.ru,['Курьер'],,60000.0,RUR,False
35,115042148,Водитель-курьер в интернет-магазин,https://api.hh.ru/vacancies/115042148?host=hh.ru,['Водитель'],90000.0,150000.0,RUR,False
36,115709452,Курьер,https://api.hh.ru/vacancies/115709452?host=hh.ru,['Курьер'],60000.0,,RUR,False
37,115504476,Курьер,https://api.hh.ru/vacancies/115504476?host=hh.ru,['Курьер'],60000.0,70000.0,RUR,False
38,115717314,Курьер доставки заказов,https://api.hh.ru/vacancies/115717314?host=hh.ru,['Курьер'],146500.0,,RUR,False
39,115891016,Пеший курьер,https://api.hh.ru/vacancies/115891016?host=hh.ru,['Курьер'],39150.0,,RUR,False
40,115597697,Курьер пеший (детское издательство),https://api.hh.ru/vacancies/115597697?host=hh.ru,['Курьер'],46000.0,46000.0,RUR,True
41,115617116,Водитель курьер на личном автомобиле в автосервис,https://api.hh.ru/vacancies/115617116?host=hh.ru,['Курьер'],100000.0,100000.0,RUR,False
42,115399808,Курьер,https://api.hh.ru/vacancies/115399808?host=hh.ru,['Курьер'],80000.0,80000.0,RUR,True
43,115746432,Курьер в офис,https://api.hh.ru/vacancies/115746432?host=hh.ru,['Курьер'],45000.0,50000.0,RUR,False
44,115032717,Пеший курьер на доставку заказов,https://api.hh.ru/vacancies/115032717?host=hh.ru,['Курьер'],105000.0,,RUR,False
45,115632414,Пеший курьер,https://api.hh.ru/vacancies/115632414?host=hh.ru,['Курьер'],50000.0,50000.0,RUR,False
46,115585841,Пеший курьер Оптика,https://api.hh.ru/vacancies/115585841?host=hh.ru,['Курьер'],,70000.0,RUR,True
47,115440666,Курьер пеший,https://api.hh.ru/vacancies/115440666?host=hh.ru,['Курьер'],,36000.0,RUR,False
48,115700765,Пеший курьер на доставку документов,https://api.hh.ru/vacancies/115700765?host=hh.ru,['Курьер'],45000.0,45000.0,RUR,False
49,115127355,Пеший курьер в офис (без продаж),https://api.hh.ru/vacancies/115127355?host=hh.ru,['Курьер'],66000.0,66000.0,RUR,False
50,115713001,Курьер,https://api.hh.ru/vacancies/115713001?host=hh.ru,['Курьер'],60000.0,,RUR,False
51,115796373,Курьер в офис,https://api.hh.ru/vacancies/115796373?host=hh.ru,['Курьер'],,43000.0,RUR,True
52,115267543,Курьер миграционно-визового отдела (подача и сопровождение в ММЦ Сахарово),https://api.hh.ru/vacancies/115267543?host=hh.ru,['Другое'],,,,
53,115527632,Курьер в офис,https://api.hh.ru/vacancies/115527632?host=hh.ru,['Курьер'],60000.0,60000.0,RUR,False
54,115498491,Курьер пеший,https://api.hh.ru/vacancies/115498491?host=hh.ru,['Курьер'],50000.0,50000.0,RUR,False
55,115505694,Курьер в офис,https://api.hh.ru/vacancies/115505694?host=hh.ru,['Курьер'],30000.0,,RUR,False
56,115952112,Курьер пеший,https://api.hh.ru/vacancies/115952112?host=hh.ru,['Курьер'],60000.0,,RUR,False
57,115378194,Курьер в офис (документы),https://api.hh.ru/vacancies/115378194?host=hh.ru,['Курьер'],70000.0,,RUR,False
58,113849932,Курьер,https://api.hh.ru/vacancies/113849932?host=hh.ru,['Курьер'],63000.0,63000.0,RUR,True
59,115431742,Курьер,https://api.hh.ru/vacancies/115431742?host=hh.ru,['Курьер'],,,,
60,115554368,Курьер,https://api.hh.ru/vacancies/115554368?host=hh.ru,['Курьер'],65000.0,85000.0,RUR,False
61,115774936,Пеший курьер,https://api.hh.ru/vacancies/115774936?host=hh.ru,['Курьер'],60000.0,,RUR,False
62,115152222,Курьер пеший в сеть оптик,https://api.hh.ru/vacancies/115152222?host=hh.ru,['Курьер'],60000.0,60000.0,RUR,True
63,115644746,Курьер - фотограф,https://api.hh.ru/vacancies/115644746?host=hh.ru,['Курьер'],40000.0,60000.0,RUR,False
64,115383401,Курьер пеший,https://api.hh.ru/vacancies/115383401?host=hh.ru,['Курьер'],70000.0,,RUR,False
65,115315197,Водитель-курьер корейской косметики на автомобиле компании,https://api.hh.ru/vacancies/115315197?host=hh.ru,['Другое'],185000.0,295000.0,RUR,False
66,115590134,Курьер,https://api.hh.ru/vacancies/115590134?host=hh.ru,['Курьер'],,42000.0,RUR,False
67,114689942,Водитель-курьер с личным автомобилем,https://api.hh.ru/vacancies/114689942?host=hh.ru,['Курьер'],80000.0,90000.0,RUR,False
68,115621821,Водитель-курьер на личном автомобиле,https://api.hh.ru/vacancies/115621821?host=hh.ru,['Курьер'],170000.0,200000.0,RUR,True
69,115424042,Курьер в офис,https://api.hh.ru/vacancies/115424042?host=hh.ru,['Курьер'],25000.0,,RUR,False
70,112516931,Курьер,https://api.hh.ru/vacancies/112516931?host=hh.ru,['Курьер'],40000.0,40000.0,RUR,False
71,115246995,Утренний водитель-курьер,https://api.hh.ru/vacancies/115246995?host=hh.ru,['Водитель'],110000.0,130000.0,RUR,False
72,115550418,Курьер в офис,https://api.hh.ru/vacancies/115550418?host=hh.ru,['Курьер'],55000.0,60000.0,RUR,False
73,115989754,Курьер,https://api.hh.ru/vacancies/115989754?host=hh.ru,['Курьер'],,,,
74,115617016,Курьер (документы),https://api.hh.ru/vacancies/115617016?host=hh.ru,['Курьер'],45000.0,,RUR,False
75,115994376,Курьер,https://api.hh.ru/vacancies/115994376?host=hh.ru,['Другое'],60000.0,90000.0,RUR,False
76,115051604,Оператор по приглашениям в офис (Массовый подбор курьеров),https://api.hh.ru/vacancies/115051604?host=hh.ru,"['Оператор call-центра, специалист контактного центра']",40000.0,150000.0,RUR,True
77,109630749,Водитель-курьер на личном автомобиле,https://api.hh.ru/vacancies/109630749?host=hh.ru,['Курьер'],200000.0,270000.0,RUR,False
78,114216020,Курьер в офис,https://api.hh.ru/vacancies/114216020?host=hh.ru,['Курьер'],70000.0,,RUR,False
79,115620868,Курьер,https://api.hh.ru/vacancies/115620868?host=hh.ru,['Курьер'],,33000.0,RUR,False
80,115749733,Курьер пеший,https://api.hh.ru/vacancies/115749733?host=hh.ru,['Курьер'],60000.0,70000.0,RUR,False
81,114598117,Курьер Яндекс,https://api.hh.ru/vacancies/114598117?host=hh.ru,['Курьер'],148300.0,168600.0,RUR,True
82,114727803,Курьер в офис,https://api.hh.ru/vacancies/114727803?host=hh.ru,['Курьер'],50000.0,50000.0,RUR,False
83,115589668,Пеший курьер,https://api.hh.ru/vacancies/115589668?host=hh.ru,['Курьер'],80000.0,,RUR,False
84,115939699,Курьер в офис,https://api.hh.ru/vacancies/115939699?host=hh.ru,['Курьер'],,32000.0,RUR,False
85,115890305,Пеший курьер,https://api.hh.ru/vacancies/115890305?host=hh.ru,['Курьер'],70000.0,80000.0,RUR,False
86,115674370,Курьер,https://api.hh.ru/vacancies/115674370?host=hh.ru,['Курьер'],,,,
87,107551387,Курьер (выходные дни),https://api.hh.ru/vacancies/107551387?host=hh.ru,['Курьер'],22069.0,,RUR,True
88,115710209,Курьер в офис,https://api.hh.ru/vacancies/115710209?host=hh.ru,['Курьер'],,,,
89,115182598,Пеший курьер,https://api.hh.ru/vacancies/115182598?host=hh.ru,['Курьер'],,100000.0,RUR,False
90,115331942,Курьер (офис),https://api.hh.ru/vacancies/115331942?host=hh.ru,['Курьер'],70000.0,,RUR,False
91,115940720,Пеший курьер на документы,https://api.hh.ru/vacancies/115940720?host=hh.ru,['Курьер'],40000.0,40000.0,RUR,False
92,115421516,Курьер,https://api.hh.ru/vacancies/115421516?host=hh.ru,['Курьер'],40000.0,45000.0,RUR,False
93,112848391,Курьер по документам,https://api.hh.ru/vacancies/112848391?host=hh.ru,['Курьер'],70000.0,125000.0,RUR,True
94,115403642,Пеший курьер,https://api.hh.ru/vacancies/115403642?host=hh.ru,['Курьер'],90000.0,,RUR,False
95,115777108,Курьер-специалист отдела документооборота (выездная работа + офис),https://api.hh.ru/vacancies/115777108?host=hh.ru,['Курьер'],,55000.0,RUR,False
96,115263893,Курьер,https://api.hh.ru/vacancies/115263893?host=hh.ru,['Курьер'],55000.0,55000.0,RUR,True
97,115414434,Курьер доставки заказов,https://api.hh.ru/vacancies/115414434?host=hh.ru,['Курьер'],145000.0,,RUR,False
98,109895150,Водитель-курьер,https://api.hh.ru/vacancies/109895150?host=hh.ru,['Водитель'],,,,
99,115985237,Курьер,https://api.hh.ru/vacancies/115985237?host=hh.ru,['Курьер'],50000.0,,RUR,False
100,114034443,Курьер пеший в офис,https://api.hh.ru/vacancies/114034443?host=hh.ru,['Курьер'],60000.0,,RUR,False
101,115263964,Пеший курьер,https://api.hh.ru/vacancies/115263964?host=hh.ru,['Курьер'],80000.0,,RUR,False
102,115434481,Визовый курьер,https://api.hh.ru/vacancies/115434481?host=hh.ru,['Курьер'],35000.0,45000.0,RUR,False
103,115500132,Пеший курьер,https://api.hh.ru/vacancies/115500132?host=hh.ru,['Курьер'],69600.0,,RUR,False
104,108248201,Курьер it холдинга,https://api.hh.ru/vacancies/108248201?host=hh.ru,['Курьер'],1500.0,2500.0,USD,False
105,107313939,"Курьер (пеший, документы)",https://api.hh.ru/vacancies/107313939?host=hh.ru,['Курьер'],40000.0,40000.0,RUR,True
106,115509516,Курьер в офис,https://api.hh.ru/vacancies/115509516?host=hh.ru,['Курьер'],40000.0,50000.0,RUR,False
107,115487475,Курьер,https://api.hh.ru/vacancies/115487475?host=hh.ru,['Курьер'],,,,
108,115443520,Курьер пеший,https://api.hh.ru/vacancies/115443520?host=hh.ru,['Курьер'],75000.0,105000.0,RUR,False
109,115606688,Курьер,https://api.hh.ru/vacancies/115606688?host=hh.ru,['Курьер'],,60000.0,RUR,False
110,115990392,Внутренний курьер для работы в банке,https://api.hh.ru/vacancies/115990392?host=hh.ru,['Курьер'],60000.0,60000.0,RUR,False
111,87211849,Утренний водитель-курьер на личном автомобиле,https://api.hh.ru/vacancies/87211849?host=hh.ru,['Курьер'],131000.0,180000.0,RUR,False
112,115628522,Курьер,https://api.hh.ru/vacancies/115628522?host=hh.ru,['Курьер'],,,,
113,115687861,Курьер-экспедитор,https://api.hh.ru/vacancies/115687861?host=hh.ru,['Курьер'],50000.0,,RUR,False
114,115423029,Пеший Курьер,https://api.hh.ru/vacancies/115423029?host=hh.ru,['Курьер'],60000.0,70000.0,RUR,False
115,115041503,Курьер,https://api.hh.ru/vacancies/115041503?host=hh.ru,['Курьер'],60000.0,72000.0,RUR,False
116,115400649,Водитель-курьер на своем авто (загрузка один раз),https://api.hh.ru/vacancies/115400649?host=hh.ru,['Курьер'],160000.0,,RUR,False
117,115438990,Курьер,https://api.hh.ru/vacancies/115438990?host=hh.ru,['Курьер'],,,,
118,112638181,Курьер в офис,https://api.hh.ru/vacancies/112638181?host=hh.ru,['Курьер'],65000.0,,RUR,True
119,115596667,Курьер,https://api.hh.ru/vacancies/115596667?host=hh.ru,['Водитель'],,,,
120,115776748,Пеший курьер,https://api.hh.ru/vacancies/115776748?host=hh.ru,['Курьер'],,70000.0,RUR,True
121,115415376,Водитель - курьер на автомобиль компании,https://api.hh.ru/vacancies/115415376?host=hh.ru,['Водитель'],140000.0,170000.0,RUR,True
122,115232984,Помощник юриста/курьер,https://api.hh.ru/vacancies/115232984?host=hh.ru,['Юрист'],60000.0,60000.0,RUR,False
123,115695711,Курьер пеший,https://api.hh.ru/vacancies/115695711?host=hh.ru,['Курьер'],45000.0,50000.0,RUR,False
124,115893264,Секретарь-курьер,https://api.hh.ru/vacancies/115893264?host=hh.ru,"['Секретарь, помощник руководителя, ассистент']",70000.0,,RUR,False
125,114176196,Курьер в офис,https://api.hh.ru/vacancies/114176196?host=hh.ru,['Курьер'],,,,
126,115709374,Водитель - курьер на своем автомобиле,https://api.hh.ru/vacancies/115709374?host=hh.ru,['Водитель'],150000.0,165000.0,RUR,False
127,115112042,Водитель-курьер на личном автомобиле,https://api.hh.ru/vacancies/115112042?host=hh.ru,['Водитель'],100000.0,,RUR,False
128,114727982,Водитель-курьер на автомобиле компании,https://api.hh.ru/vacancies/114727982?host=hh.ru,['Курьер'],100000.0,130000.0,RUR,True
129,115159474,Курьер (пеший),https://api.hh.ru/vacancies/115159474?host=hh.ru,['Курьер'],65000.0,70000.0,RUR,False
130,115730202,Курьер 800-1200р/час (свободный график и ежедневная оплата),https://api.hh.ru/vacancies/115730202?host=hh.ru,['Курьер'],180000.0,230000.0,RUR,False
131,111759072,Курьер,https://api.hh.ru/vacancies/111759072?host=hh.ru,['Курьер'],,,,
132,114575673,Курьер,https://api.hh.ru/vacancies/114575673?host=hh.ru,['Курьер'],,200000.0,RUR,False
133,115157059,Помощник логиста/курьер пеший,https://api.hh.ru/vacancies/115157059?host=hh.ru,['Курьер'],70000.0,75000.0,RUR,False
134,115438707,Курьер пеший (документы),https://api.hh.ru/vacancies/115438707?host=hh.ru,['Курьер'],45000.0,60000.0,RUR,False
135,115939907,Пеший Курьер,https://api.hh.ru/vacancies/115939907?host=hh.ru,['Курьер'],50000.0,50000.0,RUR,False
136,115923724,Курьер,https://api.hh.ru/vacancies/115923724?host=hh.ru,['Курьер'],100000.0,,RUR,False
137,112051844,Пеший курьер,https://api.hh.ru/vacancies/112051844?host=hh.ru,['Курьер'],65000.0,,RUR,False
138,112136297,Пеший курьер,https://api.hh.ru/vacancies/112136297?host=hh.ru,['Курьер'],70000.0,150000.0,RUR,False
139,115690825,Курьер пеший на доставку раций и документов,https://api.hh.ru/vacancies/115690825?host=hh.ru,['Курьер'],75000.0,95000.0,RUR,False
140,115053231,Пеший курьер/Велокурьер на доставку легких заказов,https://api.hh.ru/vacancies/115053231?host=hh.ru,['Курьер'],163120.0,,RUR,True
141,114183680,Водитель-курьер на личном автомобиле (доставка цветов),https://api.hh.ru/vacancies/114183680?host=hh.ru,['Курьер'],90000.0,150000.0,RUR,False
142,115716311,Водитель-курьер автомобиль выдаем,https://api.hh.ru/vacancies/115716311?host=hh.ru,['Курьер'],205000.0,240000.0,RUR,True
143,115480490,Пеший курьер,https://api.hh.ru/vacancies/115480490?host=hh.ru,['Курьер'],70000.0,,RUR,False
144,115528620,Курьер пеший,https://api.hh.ru/vacancies/115528620?host=hh.ru,['Курьер'],30000.0,50000.0,RUR,False
145,115691461,Курьер,https://api.hh.ru/vacancies/115691461?host=hh.ru,['Курьер'],35000.0,,RUR,False
146,115382948,Курьер пеший (доставка препаратов в клиники),https://api.hh.ru/vacancies/115382948?host=hh.ru,['Курьер'],55000.0,,RUR,False
147,115180430,Курьер пеший,https://api.hh.ru/vacancies/115180430?host=hh.ru,['Курьер'],60000.0,60000.0,RUR,True
148,115273959,Курьер,https://api.hh.ru/vacancies/115273959?host=hh.ru,['Курьер'],66000.0,,RUR,False
149,114190522,Курьер,https://api.hh.ru/vacancies/114190522?host=hh.ru,['Курьер'],50000.0,65000.0,RUR,True
150,112571232,Водитель-курьер,https://api.hh.ru/vacancies/112571232?host=hh.ru,['Водитель'],200000.0,,RUR,False
151,115075280,Курьер,https://api.hh.ru/vacancies/115075280?host=hh.ru,['Курьер'],70000.0,,RUR,False
152,114011808,Курьер в доставку самокат,https://api.hh.ru/vacancies/114011808?host=hh.ru,['Курьер'],137000.0,175000.0,RUR,False
153,115598377,Курьер,https://api.hh.ru/vacancies/115598377?host=hh.ru,['Курьер'],50000.0,60000.0,RUR,False
154,115551434,Курьер отдела документооборота,https://api.hh.ru/vacancies/115551434?host=hh.ru,['Администратор'],81750.0,,RUR,True
155,114184613,Курьер по доставке документов в офис,https://api.hh.ru/vacancies/114184613?host=hh.ru,['Курьер'],50000.0,,RUR,True
156,115988979,Курьер,https://api.hh.ru/vacancies/115988979?host=hh.ru,['Курьер'],30000.0,100000.0,RUR,False
157,114926450,Курьер пеший,https://api.hh.ru/vacancies/114926450?host=hh.ru,['Курьер'],70000.0,,RUR,False
158,111037370,Курьер уникальных интересных и необычных заказов (для избранных клиентов),https://api.hh.ru/vacancies/111037370?host=hh.ru,['Курьер'],194500.0,242000.0,RUR,True
159,110788185,Курьер (пеший),https://api.hh.ru/vacancies/110788185?host=hh.ru,['Курьер'],70000.0,,RUR,False
160,108514304,Курьер в офис (доставка документов),https://api.hh.ru/vacancies/108514304?host=hh.ru,['Курьер'],,45500.0,RUR,True
161,115554129,Водитель-курьер,https://api.hh.ru/vacancies/115554129?host=hh.ru,['Водитель'],120000.0,150000.0,RUR,False
162,115172050,Курьер,https://api.hh.ru/vacancies/115172050?host=hh.ru,['Курьер'],80000.0,80000.0,RUR,False
163,115543082,Курьер на документы,https://api.hh.ru/vacancies/115543082?host=hh.ru,['Курьер'],47000.0,,RUR,True
164,112626293,Курьер пеший,https://api.hh.ru/vacancies/112626293?host=hh.ru,['Курьер'],,,,
165,115144668,Велокурьер/пеший курьер по доставке продуктов,https://api.hh.ru/vacancies/115144668?host=hh.ru,['Курьер'],163120.0,,RUR,True
166,115131659,Водитель-курьер на собственном автомобиле,https://api.hh.ru/vacancies/115131659?host=hh.ru,['Водитель'],91955.0,,RUR,True
167,115408236,Водитель-курьер с личным автомобилем,https://api.hh.ru/vacancies/115408236?host=hh.ru,['Курьер'],150000.0,,RUR,False
168,115215162,Водитель-курьер на личном легковом автомобиле,https://api.hh.ru/vacancies/115215162?host=hh.ru,['Курьер'],160000.0,345000.0,RUR,False
169,113142528,Курьер офисный в секретариат,https://api.hh.ru/vacancies/113142528?host=hh.ru,['Курьер'],,,,
170,109624916,Пеший курьер,https://api.hh.ru/vacancies/109624916?host=hh.ru,['Курьер'],84000.0,120000.0,RUR,False
171,114824327,Курьер-водитель на автомобиле компании,https://api.hh.ru/vacancies/114824327?host=hh.ru,['Курьер'],150000.0,200000.0,RUR,True
172,115072288,Курьер на доставку заказов,https://api.hh.ru/vacancies/115072288?host=hh.ru,['Курьер'],105000.0,,RUR,False
173,115370025,Курьер пеший,https://api.hh.ru/vacancies/115370025?host=hh.ru,['Курьер'],80000.0,120000.0,RUR,True
174,115416153,Водитель-курьер на личном автомобиле,https://api.hh.ru/vacancies/115416153?host=hh.ru,['Курьер'],80000.0,80000.0,RUR,False
175,115603201,Помощник с функциями курьера в адвокатское бюро г. Москвы,https://api.hh.ru/vacancies/115603201?host=hh.ru,['Курьер'],55000.0,60000.0,RUR,False
176,110851847,Водитель-курьер в интернет-магазин,https://api.hh.ru/vacancies/110851847?host=hh.ru,['Водитель'],150000.0,,RUR,False
177,115440117,Курьер,https://api.hh.ru/vacancies/115440117?host=hh.ru,['Курьер'],44000.0,44000.0,RUR,True
178,115362063,Курьер в офис,https://api.hh.ru/vacancies/115362063?host=hh.ru,['Курьер'],50000.0,,RUR,False
179,115764471,Водитель-курьер на личном автомобиле,https://api.hh.ru/vacancies/115764471?host=hh.ru,['Курьер'],110000.0,,RUR,False
180,115990129,Старший курьер ( Клинический Госпиталь на Яузе ),https://api.hh.ru/vacancies/115990129?host=hh.ru,['Другое'],60000.0,,RUR,True
181,115329577,Курьер-Водитель с автомобилем,https://api.hh.ru/vacancies/115329577?host=hh.ru,['Курьер'],,255000.0,RUR,True
182,115608468,Водитель-курьер в магазин,https://api.hh.ru/vacancies/115608468?host=hh.ru,['Курьер'],160000.0,242000.0,RUR,True
183,110126393,Курьер (документы),https://api.hh.ru/vacancies/110126393?host=hh.ru,['Курьер'],30000.0,30000.0,RUR,False
184,115515458,Курьер,https://api.hh.ru/vacancies/115515458?host=hh.ru,['Курьер'],40000.0,50000.0,RUR,True
185,90646754,Водитель-курьер на личном автомобиле (гибкие отгрузки),https://api.hh.ru/vacancies/90646754?host=hh.ru,['Водитель'],180000.0,,RUR,False
186,104834098,"Руководитель проекта Яндекс.Еда и Яндекс.Лавка (аутсорсинг, курьеры)",https://api.hh.ru/vacancies/104834098?host=hh.ru,['Руководитель отдела логистики'],150000.0,,RUR,False
187,106515488,Курьер,https://api.hh.ru/vacancies/106515488?host=hh.ru,['Курьер'],110000.0,240000.0,RUR,False
188,114671691,Водитель-курьер,https://api.hh.ru/vacancies/114671691?host=hh.ru,['Курьер'],200000.0,200000.0,RUR,False
189,115890834,Курьер в офис(Некрасовка),https://api.hh.ru/vacancies/115890834?host=hh.ru,['Курьер'],45000.0,45000.0,RUR,False
190,115789867,Пеший курьер в Банк,https://api.hh.ru/vacancies/115789867?host=hh.ru,['Курьер'],35000.0,,RUR,True
191,115892046,Ночной водитель-курьер в сервис премиальной доставки (ночной автокурьер),https://api.hh.ru/vacancies/115892046?host=hh.ru,['Курьер'],120000.0,220000.0,RUR,False
192,92400757,Водитель-курьер Wildberries,https://api.hh.ru/vacancies/92400757?host=hh.ru,['Курьер'],105000.0,200000.0,RUR,False
193,115772095,Курьер,https://api.hh.ru/vacancies/115772095?host=hh.ru,['Курьер'],50000.0,60000.0,RUR,False
194,115041807,Пеший курьер по доставке писем,https://api.hh.ru/vacancies/115041807?host=hh.ru,['Курьер'],45000.0,45000.0,RUR,False
195,115891362,Курьер,https://api.hh.ru/vacancies/115891362?host=hh.ru,['Курьер'],100000.0,115000.0,RUR,False
196,114981246,Курьер (в офис),https://api.hh.ru/vacancies/114981246?host=hh.ru,['Курьер'],,46000.0,RUR,False
197,114989743,Курьер,https://api.hh.ru/vacancies/114989743?host=hh.ru,['Курьер'],,,,
198,115221828,Курьер в офис,https://api.hh.ru/vacancies/115221828?host=hh.ru,['Курьер'],40000.0,45000.0,RUR,False
199,115271727,Курьер в магазин доставки HQD,https://api.hh.ru/vacancies/115271727?host=hh.ru,['Курьер'],50000.0,120000.0,RUR,False
200,115219258,Пеший курьер,https://api.hh.ru/vacancies/115219258?host=hh.ru,['Другое'],40000.0,,RUR,False
201,115882068,Пеший курьер (ТЦ АВИАПАРК),https://api.hh.ru/vacancies/115882068?host=hh.ru,['Курьер'],90000.0,110000.0,RUR,False
202,109478297,Курьер,https://api.hh.ru/vacancies/109478297?host=hh.ru,['Курьер'],120000.0,250000.0,RUR,True
203,115374895,Водитель-курьер на личном автомобиле,https://api.hh.ru/vacancies/115374895?host=hh.ru,['Курьер'],145000.0,,RUR,True
204,115530506,Пеший курьер,https://api.hh.ru/vacancies/115530506?host=hh.ru,['Курьер'],,50000.0,RUR,False
205,111411680,Курьер Яндекс (легкие заказы),https://api.hh.ru/vacancies/111411680?host=hh.ru,['Разнорабочий'],138300.0,169200.0,RUR,True
206,115266696,Водитель-курьер,https://api.hh.ru/vacancies/115266696?host=hh.ru,['Курьер'],,,,
207,115377737,Курьер по доставке документов,https://api.hh.ru/vacancies/115377737?host=hh.ru,['Курьер'],45000.0,,RUR,False
208,115894085,Водитель-курьер на автомобиль компании Ford Transit,https://api.hh.ru/vacancies/115894085?host=hh.ru,['Водитель'],,195200.0,RUR,False
209,114706120,Водитель - курьер на личном автомобиле,https://api.hh.ru/vacancies/114706120?host=hh.ru,['Водитель'],70000.0,,RUR,False
210,114819131,Курьер в банк,https://api.hh.ru/vacancies/114819131?host=hh.ru,['Курьер'],55000.0,55000.0,RUR,True
211,112316210,Пеший курьер,https://api.hh.ru/vacancies/112316210?host=hh.ru,['Курьер'],65000.0,,RUR,True
212,112069685,Курьер,https://api.hh.ru/vacancies/112069685?host=hh.ru,['Курьер'],60000.0,70000.0,RUR,False
213,115553406,Курьер в лабораторию (медицинскую),https://api.hh.ru/vacancies/115553406?host=hh.ru,['Курьер'],40000.0,45000.0,RUR,False
214,114932537,Водитель-курьер на личном автомобиле,https://api.hh.ru/vacancies/114932537?host=hh.ru,['Водитель'],200000.0,,RUR,False
215,110776071,Курьер/велокурьер,https://api.hh.ru/vacancies/110776071?host=hh.ru,['Курьер'],115000.0,145000.0,RUR,False
216,114976401,Курьер,https://api.hh.ru/vacancies/114976401?host=hh.ru,['Курьер'],80000.0,,RUR,True
217,115355995,Пеший курьер,https://api.hh.ru/vacancies/115355995?host=hh.ru,['Курьер'],80000.0,110000.0,RUR,False
218,115074856,Курьер,https://api.hh.ru/vacancies/115074856?host=hh.ru,['Курьер'],65000.0,,RUR,False
219,107045859,Курьер в офис,https://api.hh.ru/vacancies/107045859?host=hh.ru,['Курьер'],,,,
220,115740491,Водитель-курьер по доставке мелкой бытовой техники,https://api.hh.ru/vacancies/115740491?host=hh.ru,['Курьер'],100000.0,120000.0,RUR,False
221,115157220,Разнорабочий / курьер в офис,https://api.hh.ru/vacancies/115157220?host=hh.ru,['Курьер'],60000.0,,RUR,False
222,115894112,Водитель-курьер на автомобиль компании Ford Transit,https://api.hh.ru/vacancies/115894112?host=hh.ru,['Водитель'],,195200.0,RUR,False
223,115434903,Водитель-курьер,https://api.hh.ru/vacancies/115434903?host=hh.ru,['Водитель'],100000.0,,RUR,False
224,108730794,Водитель-курьер WILDBERRIES,https://api.hh.ru/vacancies/108730794?host=hh.ru,['Курьер'],105000.0,200000.0,RUR,False
225,115057802,Курьер,https://api.hh.ru/vacancies/115057802?host=hh.ru,['Курьер'],80000.0,130000.0,RUR,False
226,115042304,Водитель-курьер на личном автомобиле,https://api.hh.ru/vacancies/115042304?host=hh.ru,['Курьер'],70000.0,70000.0,RUR,False
227,114055179,Курьер,https://api.hh.ru/vacancies/114055179?host=hh.ru,['Курьер'],30000.0,35000.0,RUR,False
228,114958726,"QA mobile, Приложение Курьер и Работа",https://api.hh.ru/vacancies/114958726?host=hh.ru,['Тестировщик'],,,,
229,115136602,Пеший курьер / Начинающий специалист,https://api.hh.ru/vacancies/115136602?host=hh.ru,['Курьер'],90000.0,,RUR,False
230,115710332,Пеший курьер,https://api.hh.ru/vacancies/115710332?host=hh.ru,['Курьер'],70000.0,,RUR,False
231,113000917,Курьер,https://api.hh.ru/vacancies/113000917?host=hh.ru,['Курьер'],30000.0,40000.0,RUR,False
232,108412019,Курьер на Лада Ларгус в Ozon Fresh (Зеленоград),https://api.hh.ru/vacancies/108412019?host=hh.ru,['Курьер'],150000.0,270000.0,RUR,True
233,115490883,Водитель-курьер на своем автомобиле,https://api.hh.ru/vacancies/115490883?host=hh.ru,['Курьер'],140000.0,,RUR,False
234,115487336,Курьер,https://api.hh.ru/vacancies/115487336?host=hh.ru,['Курьер'],,90000.0,RUR,False
235,115147340,Водитель-курьер на автомобиле компании,https://api.hh.ru/vacancies/115147340?host=hh.ru,['Водитель'],80000.0,,RUR,False
236,115360455,Водитель курьер на личном легковом автомобиле,https://api.hh.ru/vacancies/115360455?host=hh.ru,['Курьер'],130000.0,270000.0,RUR,False
237,115466762,Водитель-курьер корейской косметики на автомобиле компании,https://api.hh.ru/vacancies/115466762?host=hh.ru,['Другое'],185000.0,295000.0,RUR,False
238,114911211,Курьер,https://api.hh.ru/vacancies/114911211?host=hh.ru,['Курьер'],80000.0,120000.0,RUR,True
239,115270162,Курьер,https://api.hh.ru/vacancies/115270162?host=hh.ru,['Курьер'],90000.0,90000.0,RUR,False
240,104300023,Курьер WILDBERRIES,https://api.hh.ru/vacancies/104300023?host=hh.ru,['Курьер'],,160000.0,RUR,False
241,115996814,Курьер,https://api.hh.ru/vacancies/115996814?host=hh.ru,['Курьер'],49300.0,49300.0,RUR,True
242,115280645,Курьер пеший,https://api.hh.ru/vacancies/115280645?host=hh.ru,['Курьер'],40000.0,50000.0,RUR,False
243,115497003,Водитель-курьер на личном автомобиле,https://api.hh.ru/vacancies/115497003?host=hh.ru,['Водитель'],100000.0,150000.0,RUR,False
244,114955719,Курьер на доставку продуктов,https://api.hh.ru/vacancies/114955719?host=hh.ru,['Курьер'],163120.0,,RUR,True
245,115661790,Водитель-курьер на легковом автомобиле,https://api.hh.ru/vacancies/115661790?host=hh.ru,['Курьер'],80000.0,110000.0,RUR,False
246,115792031,Внутренний курьер в Альфа-банк,https://api.hh.ru/vacancies/115792031?host=hh.ru,['Курьер'],60000.0,60000.0,RUR,False
247,115264696,Водитель-курьер,https://api.hh.ru/vacancies/115264696?host=hh.ru,['Водитель'],80000.0,120000.0,RUR,False
248,108481475,Курьер деловых бумаг,https://api.hh.ru/vacancies/108481475?host=hh.ru,['Курьер'],,,,
249,115335946,Водитель-курьер на автомобиле компании,https://api.hh.ru/vacancies/115335946?host=hh.ru,['Водитель'],80000.0,80000.0,RUR,False
250,108228507,Курьер,https://api.hh.ru/vacancies/108228507?host=hh.ru,['Курьер'],60000.0,,RUR,False
251,104143019,Курьер WILDBERRIES,https://api.hh.ru/vacancies/104143019?host=hh.ru,['Курьер'],,160000.0,RUR,False
252,115738372,Водитель-курьер в карго-сервис (на личном автомобиле),https://api.hh.ru/vacancies/115738372?host=hh.ru,['Водитель'],265000.0,280000.0,RUR,False
253,115375830,Пеший курьер,https://api.hh.ru/vacancies/115375830?host=hh.ru,['Курьер'],110000.0,,RUR,False
254,113105147,Курьер,https://api.hh.ru/vacancies/113105147?host=hh.ru,['Курьер'],130000.0,170000.0,RUR,False
255,115449075,Водитель-курьер (на личном автомобиле),https://api.hh.ru/vacancies/115449075?host=hh.ru,['Водитель'],70000.0,70000.0,RUR,False
256,115347357,Водитель-курьер корейской косметики на автомобиле компании,https://api.hh.ru/vacancies/115347357?host=hh.ru,['Другое'],185000.0,295000.0,RUR,False
257,112432150,Пеший курьер в ресторан (м. Маяковская),https://api.hh.ru/vacancies/112432150?host=hh.ru,['Курьер'],95000.0,,RUR,False
258,114947278,"Водитель-курьер на автомобиле компании (Уссурийская улица, 9, м. Щелковская)",https://api.hh.ru/vacancies/114947278?host=hh.ru,['Курьер'],80000.0,,RUR,False
259,114976543,Курьер,https://api.hh.ru/vacancies/114976543?host=hh.ru,['Курьер'],75000.0,,RUR,True
260,115705778,Курьер аптек (лёгкие посылки),https://api.hh.ru/vacancies/115705778?host=hh.ru,['Курьер'],,215000.0,RUR,True
261,115487504,Водитель курьер,https://api.hh.ru/vacancies/115487504?host=hh.ru,['Другое'],85000.0,110000.0,RUR,False
262,115161434,Пеший курьер в интернет магазин,https://api.hh.ru/vacancies/115161434?host=hh.ru,['Курьер'],80000.0,,RUR,False
263,115403177,Водитель-курьер на своём автомобиле,https://api.hh.ru/vacancies/115403177?host=hh.ru,['Водитель'],120000.0,,RUR,False
264,110810597,Водитель - курьер на личном грузовом автомобиле,https://api.hh.ru/vacancies/110810597?host=hh.ru,['Курьер'],250000.0,,RUR,False
265,114963070,Курьер - водитель с личным автомобилем,https://api.hh.ru/vacancies/114963070?host=hh.ru,['Курьер'],95000.0,120000.0,RUR,False
266,115443841,Специалист Отдела административно-хозяйственного обеспечения (курьер),https://api.hh.ru/vacancies/115443841?host=hh.ru,['Менеджер/руководитель АХО'],60000.0,,RUR,False
267,114023478,Курьер,https://api.hh.ru/vacancies/114023478?host=hh.ru,['Курьер'],60000.0,60000.0,RUR,False
268,115368673,Курьер,https://api.hh.ru/vacancies/115368673?host=hh.ru,['Курьер'],,,,
269,115711447,Водитель-курьер на личном автомобиле (Цайняо),https://api.hh.ru/vacancies/115711447?host=hh.ru,['Водитель'],97000.0,122000.0,RUR,False
270,114672513,Курьер / Помощник офис-менеджера,https://api.hh.ru/vacancies/114672513?host=hh.ru,['Курьер'],,,,
271,115383990,Водитель-курьер на служебный автомобиль,https://api.hh.ru/vacancies/115383990?host=hh.ru,['Водитель'],,,,
272,115416224,Курьер в Альфа-Банк,https://api.hh.ru/vacancies/115416224?host=hh.ru,['Курьер'],60000.0,60000.0,RUR,False
273,114976057,Курьер,https://api.hh.ru/vacancies/114976057?host=hh.ru,['Курьер'],75000.0,,RUR,False
274,115215451,Водитель-курьер на личном грузовом автомобиле,https://api.hh.ru/vacancies/115215451?host=hh.ru,['Курьер'],210000.0,425000.0,RUR,False
275,115265302,Курьер (пеший),https://api.hh.ru/vacancies/115265302?host=hh.ru,['Курьер'],45000.0,55000.0,RUR,False
276,111731332,Водитель-курьер,https://api.hh.ru/vacancies/111731332?host=hh.ru,['Водитель'],90000.0,160000.0,RUR,False
277,115982598,Курьер в интернет-магазин,https://api.hh.ru/vacancies/115982598?host=hh.ru,['Курьер'],55000.0,60000.0,RUR,False
278,108052210,Курьер,https://api.hh.ru/vacancies/108052210?host=hh.ru,['Курьер'],60000.0,70000.0,RUR,False
279,115933237,Курьер,https://api.hh.ru/vacancies/115933237?host=hh.ru,['Курьер'],143000.0,164000.0,RUR,False
280,115484786,Курьер it холдинга,https://api.hh.ru/vacancies/115484786?host=hh.ru,['Курьер'],1413.0,2661.0,USD,False
281,115817624,Курьер,https://api.hh.ru/vacancies/115817624?host=hh.ru,['Курьер'],127000.0,150000.0,RUR,False
282,115899196,Курьер пеший - экспресс доставка,https://api.hh.ru/vacancies/115899196?host=hh.ru,['Курьер'],60000.0,90000.0,RUR,False
283,114958426,Водитель-курьер на личном грузовом автомобиле,https://api.hh.ru/vacancies/114958426?host=hh.ru,['Курьер'],200000.0,300000.0,RUR,False
284,115700844,Курьер-водитель с личным автомобилем,https://api.hh.ru/vacancies/115700844?host=hh.ru,['Курьер'],160000.0,160000.0,RUR,False
285,114185157,Курьер в копировальный центр,https://api.hh.ru/vacancies/114185157?host=hh.ru,['Курьер'],40000.0,70000.0,RUR,False
286,114558328,Курьер пеший,https://api.hh.ru/vacancies/114558328?host=hh.ru,['Курьер'],50000.0,,RUR,False
287,114688096,Помощник секретаря-курьер,https://api.hh.ru/vacancies/114688096?host=hh.ru,['Курьер'],45000.0,50000.0,RUR,False
288,115597300,Курьер,https://api.hh.ru/vacancies/115597300?host=hh.ru,['Курьер'],,,,
289,115224779,Курьер пеший,https://api.hh.ru/vacancies/115224779?host=hh.ru,['Курьер'],57200.0,,RUR,False
290,115362366,Пеший курьер,https://api.hh.ru/vacancies/115362366?host=hh.ru,['Курьер'],50000.0,,RUR,False
291,115386272,Водитель-курьер,https://api.hh.ru/vacancies/115386272?host=hh.ru,['Водитель'],75000.0,,RUR,False
292,115638121,Пеший курьер на ПВЗ,https://api.hh.ru/vacancies/115638121?host=hh.ru,['Курьер'],85000.0,,RUR,False
293,115141154,Курьер в магазин (ТЦ Европейский),https://api.hh.ru/vacancies/115141154?host=hh.ru,['Курьер'],60000.0,,RUR,False
294,115777507,"Водитель курьер на автомобиль Газель, Форд-Транзит",https://api.hh.ru/vacancies/115777507?host=hh.ru,['Курьер'],140000.0,,RUR,False
295,115216610,Курьер,https://api.hh.ru/vacancies/115216610?host=hh.ru,['Курьер'],48300.0,,RUR,False
296,115796937,Водитель-курьер на личном легковом автомобиле,https://api.hh.ru/vacancies/115796937?host=hh.ru,['Курьер'],140000.0,230000.0,RUR,False
297,107054070,Курьер,https://api.hh.ru/vacancies/107054070?host=hh.ru,['Курьер'],55000.0,80000.0,RUR,False
298,111330546,Водитель-курьер на личном автомобиле,https://api.hh.ru/vacancies/111330546?host=hh.ru,['Курьер'],135000.0,,RUR,False
299,93766860,Водитель-курьер на личном автомобиле в Озон фреш,https://api.hh.ru/vacancies/93766860?host=hh.ru,['Курьер'],150000.0,270000.0,RUR,True
300,96996979,Водитель курьер на личном автомобиле ( сб/ вс),https://api.hh.ru/vacancies/96996979?host=hh.ru,['Курьер'],131000.0,180000.0,RUR,True
301,115505097,Пеший курьер,https://api.hh.ru/vacancies/115505097?host=hh.ru,['Курьер'],50000.0,55000.0,RUR,False
302,89592432,Курьер,https://api.hh.ru/vacancies/89592432?host=hh.ru,['Курьер'],50573.0,,RUR,True
303,109141427,Курьер (Москва),https://api.hh.ru/vacancies/109141427?host=hh.ru,['Курьер'],,,,
304,115415523,Курьер,https://api.hh.ru/vacancies/115415523?host=hh.ru,['Курьер'],60000.0,,RUR,True
305,115760165,Водитель-курьер в бутик одежды,https://api.hh.ru/vacancies/115760165?host=hh.ru,['Водитель'],137450.0,200000.0,RUR,False
306,115553573,Курьер,https://api.hh.ru/vacancies/115553573?host=hh.ru,['Курьер'],100000.0,150000.0,RUR,False
307,115276127,Водитель-курьер на своем автомобиле в офис,https://api.hh.ru/vacancies/115276127?host=hh.ru,['Курьер'],,,,
308,115187358,Курьер,https://api.hh.ru/vacancies/115187358?host=hh.ru,['Курьер'],40000.0,,RUR,False
309,115882193,Пеший курьер в Кафе,https://api.hh.ru/vacancies/115882193?host=hh.ru,['Курьер'],80000.0,,RUR,False
310,112353613,Водитель-курьер,https://api.hh.ru/vacancies/112353613?host=hh.ru,['Курьер'],90000.0,120000.0,RUR,False
311,106133294,Водитель-курьер,https://api.hh.ru/vacancies/106133294?host=hh.ru,['Курьер'],,279000.0,RUR,False
312,112532931,Курьер,https://api.hh.ru/vacancies/112532931?host=hh.ru,['Курьер'],75000.0,75000.0,RUR,True
313,95626683,Водитель-курьер на личном автомобиле (м. Беговая),https://api.hh.ru/vacancies/95626683?host=hh.ru,['Курьер'],150000.0,270000.0,RUR,True
314,115388856,Водитель-курьер,https://api.hh.ru/vacancies/115388856?host=hh.ru,['Водитель'],90000.0,100000.0,RUR,True
315,115913073,Курьер,https://api.hh.ru/vacancies/115913073?host=hh.ru,['Курьер'],,130000.0,RUR,False
316,115127358,Визовый курьер (специалист по сбору и доставке документов),https://api.hh.ru/vacancies/115127358?host=hh.ru,['Курьер'],40000.0,,RUR,False
317,115913072,Курьер,https://api.hh.ru/vacancies/115913072?host=hh.ru,['Курьер'],122500.0,160000.0,RUR,False
318,115644718,Выездной курьер эксперт документы и фотографии,https://api.hh.ru/vacancies/115644718?host=hh.ru,['Оценщик'],100000.0,,RUR,False
319,115181154,Пеший курьер (м. Коломенская / м. Кленовый Бульвар ),https://api.hh.ru/vacancies/115181154?host=hh.ru,['Курьер'],46000.0,46000.0,RUR,True
320,114624876,Пеший курьер (ювелирные изделия),https://api.hh.ru/vacancies/114624876?host=hh.ru,['Курьер'],60000.0,80000.0,RUR,False
321,115005399,Курьер 800-1200р/час (свободный график и ежедневная оплата),https://api.hh.ru/vacancies/115005399?host=hh.ru,['Курьер'],180000.0,230000.0,RUR,False
322,115500151,Курьер заказов с ограниченным радиусом,https://api.hh.ru/vacancies/115500151?host=hh.ru,['Курьер'],168000.0,229000.0,RUR,False
323,107248849,Водитель-курьер,https://api.hh.ru/vacancies/107248849?host=hh.ru,"['Автослесарь, автомеханик']",100000.0,150000.0,RUR,True
324,111261178,Водитель-курьер,https://api.hh.ru/vacancies/111261178?host=hh.ru,['Водитель'],105000.0,,RUR,True
325,115769835,Курьер,https://api.hh.ru/vacancies/115769835?host=hh.ru,['Курьер'],,120000.0,RUR,False
326,115294273,Пеший курьер,https://api.hh.ru/vacancies/115294273?host=hh.ru,['Курьер'],50000.0,55000.0,RUR,False
327,115907601,"Ответственный водитель курьер по району, подработка",https://api.hh.ru/vacancies/115907601?host=hh.ru,['Курьер'],195400.0,223800.0,RUR,False
328,108617497,Водитель-курьер/ Представитель банка/ специалист по доставке банковских карт,https://api.hh.ru/vacancies/108617497?host=hh.ru,['Курьер'],110000.0,200000.0,RUR,False
329,115754751,"Курьер пеший (ТРЦ ""Гагаринский"")",https://api.hh.ru/vacancies/115754751?host=hh.ru,['Курьер'],60000.0,80000.0,RUR,False
330,115949666,Водитель-курьер на личном автомобиле,https://api.hh.ru/vacancies/115949666?host=hh.ru,['Курьер'],30000.0,,RUR,False
331,114662781,Пеший курьер,https://api.hh.ru/vacancies/114662781?host=hh.ru,['Курьер'],,300160.0,RUR,True
332,114956766,Курьер-водитель,https://api.hh.ru/vacancies/114956766?host=hh.ru,['Водитель'],90000.0,100000.0,RUR,True
333,115681583,Водитель-курьер на автомобиль компании Ford Transit,https://api.hh.ru/vacancies/115681583?host=hh.ru,['Водитель'],,195200.0,RUR,False
334,115988171,Пеший курьер,https://api.hh.ru/vacancies/115988171?host=hh.ru,['Курьер'],35000.0,35000.0,RUR,False
335,112577807,"Водитель - Курьер на транспорт компании (Газель, Ford)",https://api.hh.ru/vacancies/112577807?host=hh.ru,['Курьер'],150000.0,400000.0,RUR,True
336,115033301,Пеший курьер/Велокурьер на доставку легких заказов,https://api.hh.ru/vacancies/115033301?host=hh.ru,['Курьер'],163120.0,,RUR,True
337,115072885,Пеший курьер по доставке продуктов,https://api.hh.ru/vacancies/115072885?host=hh.ru,['Курьер'],163120.0,,RUR,True
338,115722800,Водитель-курьер на своем автомобиле,https://api.hh.ru/vacancies/115722800?host=hh.ru,['Курьер'],80000.0,100000.0,RUR,False
339,115557398,Водитель-курьер на личном автомобиле,https://api.hh.ru/vacancies/115557398?host=hh.ru,['Курьер'],80000.0,85000.0,RUR,False
340,111521770,Водитель-курьер с личным автомобилем,https://api.hh.ru/vacancies/111521770?host=hh.ru,['Водитель'],130000.0,,RUR,False
341,114515525,Водитель-курьер на машине компании,https://api.hh.ru/vacancies/114515525?host=hh.ru,['Курьер'],90000.0,,RUR,False
342,111497666,"Водитель-курьер на автомобиле компании или на личном автомобиле (Можайское ш., 39)",https://api.hh.ru/vacancies/111497666?host=hh.ru,['Курьер'],80000.0,100000.0,RUR,False
343,114021551,Курьер,https://api.hh.ru/vacancies/114021551?host=hh.ru,['Курьер'],70000.0,80000.0,RUR,True
344,115708287,Курьер на документы,https://api.hh.ru/vacancies/115708287?host=hh.ru,['Курьер'],,55000.0,RUR,True
345,115356958,Курьер на легкие заказы,https://api.hh.ru/vacancies/115356958?host=hh.ru,['Курьер'],,260450.0,RUR,False
346,110143816,Курьер для доставки документов в офис-СРОЧНО(без формы/опыта)-можно как-ПОДРАБОТКУ!,https://api.hh.ru/vacancies/110143816?host=hh.ru,['Другое'],121500.0,189700.0,RUR,True
347,108459924,Курьер,https://api.hh.ru/vacancies/108459924?host=hh.ru,['Курьер'],30000.0,32000.0,RUR,False
348,115849198,Курьер,https://api.hh.ru/vacancies/115849198?host=hh.ru,['Курьер'],127000.0,150000.0,RUR,False
349,115486855,Водитель - курьер на автомобиль компании Ford Transit,https://api.hh.ru/vacancies/115486855?host=hh.ru,['Водитель'],,195200.0,RUR,False
350,113709866,Пеший курьер,https://api.hh.ru/vacancies/113709866?host=hh.ru,['Курьер'],,,,
351,115039697,Водитель-курьер на личном автомобиле,https://api.hh.ru/vacancies/115039697?host=hh.ru,['Курьер'],165000.0,220000.0,RUR,False
352,115242290,Курьер c функцией помощника специалиста,https://api.hh.ru/vacancies/115242290?host=hh.ru,['Курьер'],35208.0,41076.0,RUR,True
353,115568579,Курьер Wildberries,https://api.hh.ru/vacancies/115568579?host=hh.ru,['Курьер'],145500.0,215000.0,RUR,False
354,115025099,Курьер по доставке продуктов (велокурьер/пеший курьер),https://api.hh.ru/vacancies/115025099?host=hh.ru,['Курьер'],163120.0,,RUR,True
355,111766575,Курьер,https://api.hh.ru/vacancies/111766575?host=hh.ru,['Курьер'],40000.0,,RUR,False
356,115130279,Водитель - курьер на автомобиль компании Ford Transit,https://api.hh.ru/vacancies/115130279?host=hh.ru,['Водитель'],,195200.0,RUR,False
357,115518974,Курьер в интернет магазин,https://api.hh.ru/vacancies/115518974?host=hh.ru,['Курьер'],140000.0,160000.0,RUR,False
358,114276056,Водитель-курьер на автомобиле компании (Лента),https://api.hh.ru/vacancies/114276056?host=hh.ru,['Курьер'],146000.0,302000.0,RUR,False
359,115394650,Курьер,https://api.hh.ru/vacancies/115394650?host=hh.ru,['Курьер'],48000.0,48000.0,RUR,False
360,81693112,Водитель - курьер на своем грузовом автомобиле,https://api.hh.ru/vacancies/81693112?host=hh.ru,['Курьер'],200000.0,,RUR,False
361,112765968,Водитель-курьер на автомобиле компании (Лента),https://api.hh.ru/vacancies/112765968?host=hh.ru,['Курьер'],146000.0,302000.0,RUR,False
362,115257166,Водитель-курьер на своем автомобиле,https://api.hh.ru/vacancies/115257166?host=hh.ru,['Курьер'],75000.0,124000.0,RUR,True
363,115429521,Курьер в фотостудию,https://api.hh.ru/vacancies/115429521?host=hh.ru,['Курьер'],,60000.0,RUR,True
364,106963573,Курьер (Москва и Московская область),https://api.hh.ru/vacancies/106963573?host=hh.ru,['Курьер'],155000.0,258000.0,RUR,True
365,115938197,Курьер,https://api.hh.ru/vacancies/115938197?host=hh.ru,['Курьер'],,245000.0,RUR,False
366,115128987,Курьер,https://api.hh.ru/vacancies/115128987?host=hh.ru,['Курьер'],95000.0,,RUR,False
367,115781591,Курьер без сумок и форм — офисы и бизнес-центры,https://api.hh.ru/vacancies/115781591?host=hh.ru,['Курьер'],,220000.0,RUR,True
368,115954410,Водитель-курьер,https://api.hh.ru/vacancies/115954410?host=hh.ru,['Курьер'],140000.0,,RUR,False
369,112431801,Водитель - курьер на автомобиле компании в ресторан,https://api.hh.ru/vacancies/112431801?host=hh.ru,['Водитель'],110000.0,,RUR,False
370,112765876,Курьер,https://api.hh.ru/vacancies/112765876?host=hh.ru,['Курьер'],40000.0,,RUR,False
371,114824435,Водитель-курьер,https://api.hh.ru/vacancies/114824435?host=hh.ru,['Курьер'],150000.0,200000.0,RUR,True
372,115154286,Курьер-водитель на автомобиле компании,https://api.hh.ru/vacancies/115154286?host=hh.ru,['Водитель'],80000.0,120000.0,RUR,False
373,104438365,Курьер пеший,https://api.hh.ru/vacancies/104438365?host=hh.ru,['Другое'],75000.0,120000.0,RUR,False
374,115851335,Водитель-Курьер на автомобиле компании,https://api.hh.ru/vacancies/115851335?host=hh.ru,['Курьер'],130000.0,250000.0,RUR,False
375,115385845,Водитель-курьер на автомобиле компании (категория В),https://api.hh.ru/vacancies/115385845?host=hh.ru,['Курьер'],90000.0,,RUR,False
376,115404356,Водитель-курьер на личном автомобиле,https://api.hh.ru/vacancies/115404356?host=hh.ru,['Курьер'],150000.0,,RUR,False
377,114829884,Курьер в офис,https://api.hh.ru/vacancies/114829884?host=hh.ru,['Курьер'],50000.0,,RUR,False
378,107498047,Пеший курьер (Яндекс еда),https://api.hh.ru/vacancies/107498047?host=hh.ru,['Курьер'],160000.0,197000.0,RUR,False
379,115266406,Пеший курьер,https://api.hh.ru/vacancies/115266406?host=hh.ru,['Курьер'],60000.0,,RUR,True
380,115582063,Курьер на доставку цветов (Москва),https://api.hh.ru/vacancies/115582063?host=hh.ru,['Курьер'],80000.0,115000.0,RUR,True
381,96604759,"Курьер пеший (ТЦ ""Валдай"")",https://api.hh.ru/vacancies/96604759?host=hh.ru,['Курьер'],60000.0,80000.0,RUR,True
382,115748243,Курьер в доставку Самокат,https://api.hh.ru/vacancies/115748243?host=hh.ru,['Курьер'],127000.0,150000.0,RUR,False
383,115917264,Водитель-курьер на личном автомобиле (м. Рязанский проспект),https://api.hh.ru/vacancies/115917264?host=hh.ru,['Курьер'],100000.0,140000.0,RUR,False
384,115752638,"Водитель-курьер на личном автомобиле (ТЦ ""МИЛЯ"")",https://api.hh.ru/vacancies/115752638?host=hh.ru,['Курьер'],110000.0,,RUR,True
385,115813098,Курьер 1-4 часа с ежедневной оплатой,https://api.hh.ru/vacancies/115813098?host=hh.ru,['Другое'],150000.0,200000.0,RUR,True
386,115372265,Курьер 800-1200р/час (свободный график и ежедневная оплата),https://api.hh.ru/vacancies/115372265?host=hh.ru,['Курьер'],180000.0,230000.0,RUR,False
387,115658343,Пеший курьер,https://api.hh.ru/vacancies/115658343?host=hh.ru,['Курьер'],60000.0,,RUR,False
388,114662769,Пеший курьер,https://api.hh.ru/vacancies/114662769?host=hh.ru,['Курьер'],,300160.0,RUR,True
389,115179931,Водитель-курьер в Ночь (м. Таганка),https://api.hh.ru/vacancies/115179931?host=hh.ru,['Курьер'],120000.0,150000.0,RUR,False
390,115586223,Курьер,https://api.hh.ru/vacancies/115586223?host=hh.ru,['Курьер'],120000.0,139800.0,RUR,False
391,115240790,Курьер пеший,https://api.hh.ru/vacancies/115240790?host=hh.ru,['Курьер'],61000.0,85000.0,RUR,False
392,115162029,Курьер,https://api.hh.ru/vacancies/115162029?host=hh.ru,['Другое'],45000.0,,RUR,False
393,115094944,"Водитель-курьер на автомобиле компании ""Делимобиль""",https://api.hh.ru/vacancies/115094944?host=hh.ru,['Курьер'],120000.0,,RUR,True
394,115895125,Водитель-курьер на своем авто (график на выбор),https://api.hh.ru/vacancies/115895125?host=hh.ru,['Водитель'],160000.0,,RUR,False
395,99676379,Курьер документов и легких посылок,https://api.hh.ru/vacancies/99676379?host=hh.ru,['Курьер'],140000.0,159000.0,RUR,False
396,106127247,Курьер,https://api.hh.ru/vacancies/106127247?host=hh.ru,['Курьер'],,231000.0,RUR,False
397,114728363,Курьер,https://api.hh.ru/vacancies/114728363?host=hh.ru,['Курьер'],,48800.0,RUR,True
398,111612525,"Водитель - курьер на служебном автомобиле (Ford, Газель)",https://api.hh.ru/vacancies/111612525?host=hh.ru,['Курьер'],150000.0,400000.0,RUR,True
399,115588511,Курьер,https://api.hh.ru/vacancies/115588511?host=hh.ru,['Курьер'],100000.0,120000.0,RUR,False
400,114951025,Курьер малогабаритных (легких) заказов (платим ежедневно ),https://api.hh.ru/vacancies/114951025?host=hh.ru,['Другое'],,212000.0,RUR,True
401,115850549,Курьер,https://api.hh.ru/vacancies/115850549?host=hh.ru,['Курьер'],,130000.0,RUR,False
402,115129498,Водитель - курьер на своем грузовом автомобиле,https://api.hh.ru/vacancies/115129498?host=hh.ru,['Курьер'],180000.0,,RUR,False
403,115439087,Курьер на корпоративном автомобиле,https://api.hh.ru/vacancies/115439087?host=hh.ru,['Курьер'],80500.0,,RUR,True
404,115922817,Курьер,https://api.hh.ru/vacancies/115922817?host=hh.ru,['Курьер'],,150000.0,RUR,False
405,112704612,Водитель-курьер на автомобиле компании,https://api.hh.ru/vacancies/112704612?host=hh.ru,['Водитель'],100000.0,130000.0,RUR,True
406,114556107,Водитель-курьер (Раменское),https://api.hh.ru/vacancies/114556107?host=hh.ru,['Курьер'],100000.0,120000.0,RUR,True
407,115747468,"Водитель-курьер (Подольск, Домодедово, Серпухов)",https://api.hh.ru/vacancies/115747468?host=hh.ru,['Водитель'],,,,
408,115882884,"Курьер на 3 часа, корпоративных заказов и посылок (оплата каждый час)",https://api.hh.ru/vacancies/115882884?host=hh.ru,['Курьер'],96000.0,163000.0,RUR,False
409,115999409,Координатор проекта в управление курьерами,https://api.hh.ru/vacancies/115999409?host=hh.ru,['Менеджер по персоналу'],35000.0,50000.0,RUR,False
410,115413502,Курьер,https://api.hh.ru/vacancies/115413502?host=hh.ru,['Курьер'],41000.0,,RUR,True
411,115786113,Водитель-курьер на личном автомобиле,https://api.hh.ru/vacancies/115786113?host=hh.ru,['Курьер'],160000.0,220000.0,RUR,False
412,109851790,Водитель-курьер,https://api.hh.ru/vacancies/109851790?host=hh.ru,['Водитель'],,,,
413,114577645,Курьер,https://api.hh.ru/vacancies/114577645?host=hh.ru,['Курьер'],40000.0,40000.0,RUR,False
414,114813533,Курьер,https://api.hh.ru/vacancies/114813533?host=hh.ru,['Курьер'],,155000.0,RUR,False
415,114924073,Курьер Wildberries,https://api.hh.ru/vacancies/114924073?host=hh.ru,['Курьер'],,160000.0,RUR,False
416,115976660,Курьер-водитель,https://api.hh.ru/vacancies/115976660?host=hh.ru,['Курьер'],96000.0,,RUR,False
417,106495320,"Водитель курьер на автомобиле компании или на личном (ул. площадь Смоленская, дом 3, помещение 1/6)",https://api.hh.ru/vacancies/106495320?host=hh.ru,['Курьер'],100000.0,,RUR,False
418,115576385,Курьер на доставку документов,https://api.hh.ru/vacancies/115576385?host=hh.ru,['Курьер'],160000.0,,RUR,False
419,115781650,Курьер 800-1200р/час (свободный график и ежедневная оплата),https://api.hh.ru/vacancies/115781650?host=hh.ru,['Курьер'],,220000.0,RUR,True
420,114676044,Курьер косметики Sesderma/La roche-posay/Bioderma,https://api.hh.ru/vacancies/114676044?host=hh.ru,['Другое'],151000.0,205000.0,RUR,False
421,115486990,Водитель - курьер на автомобиль компании Ford Transit,https://api.hh.ru/vacancies/115486990?host=hh.ru,['Водитель'],,195200.0,RUR,False
422,115556964,Водитель-курьер на личном автомобиле,https://api.hh.ru/vacancies/115556964?host=hh.ru,['Курьер'],100000.0,150000.0,RUR,False
423,112577254,Курьер пеший (ТРЦ Филион),https://api.hh.ru/vacancies/112577254?host=hh.ru,['Курьер'],60000.0,80000.0,RUR,False
424,115724532,Водитель-курьер с автомобилем,https://api.hh.ru/vacancies/115724532?host=hh.ru,['Водитель'],100000.0,130000.0,RUR,False
425,115900530,Водитель-курьер на личном автомобиле,https://api.hh.ru/vacancies/115900530?host=hh.ru,['Курьер'],70000.0,,RUR,False
426,115042903,Водитель-курьер на автомобиле,https://api.hh.ru/vacancies/115042903?host=hh.ru,['Курьер'],,,,
427,115721036,Водитель-курьер,https://api.hh.ru/vacancies/115721036?host=hh.ru,['Курьер'],147000.0,230000.0,RUR,False
428,115267179,Офисный курьер,https://api.hh.ru/vacancies/115267179?host=hh.ru,['Курьер'],42000.0,42000.0,RUR,False
429,115943213,Водитель-курьер,https://api.hh.ru/vacancies/115943213?host=hh.ru,['Водитель'],,202000.0,RUR,False
430,115375661,"Водитель-курьер на личном авто (Нижегородская, 70к1)",https://api.hh.ru/vacancies/115375661?host=hh.ru,['Водитель'],160000.0,,RUR,False
431,115643558,Водитель-курьер выходного дня,https://api.hh.ru/vacancies/115643558?host=hh.ru,['Курьер'],32000.0,37000.0,RUR,True
432,112584707,Водитель-курьер на личном автомобиле по доставке документов по банкам и офисам,https://api.hh.ru/vacancies/112584707?host=hh.ru,['Курьер'],63000.0,,RUR,False
433,114823974,Водитель-курьер,https://api.hh.ru/vacancies/114823974?host=hh.ru,['Курьер'],,,,
434,115933236,Курьер в доставку,https://api.hh.ru/vacancies/115933236?host=hh.ru,['Курьер'],130200.0,160000.0,RUR,False
435,93354473,Водитель-курьер (Москва и Московская область),https://api.hh.ru/vacancies/93354473?host=hh.ru,['Водитель'],155000.0,258000.0,RUR,True
436,108693514,"Водитель-курьер на личном автомобиле (ТЦ ""Водный"")",https://api.hh.ru/vacancies/108693514?host=hh.ru,['Курьер'],60000.0,80000.0,RUR,True
437,112420346,Водитель-курьер (на своем автомобиле),https://api.hh.ru/vacancies/112420346?host=hh.ru,['Курьер'],70000.0,80000.0,RUR,False
438,115226259,Курьер пеший,https://api.hh.ru/vacancies/115226259?host=hh.ru,['Курьер'],,,,
439,112397191,"Пеший курьер (смартфоны, планшеты)",https://api.hh.ru/vacancies/112397191?host=hh.ru,['Курьер'],60000.0,,RUR,False
440,114200936,Курьер,https://api.hh.ru/vacancies/114200936?host=hh.ru,['Курьер'],,,,
441,115666807,"Курьер на 2 часа, корпоративных заказов и посылок (оплата каждый час)",https://api.hh.ru/vacancies/115666807?host=hh.ru,['Курьер'],115000.0,167000.0,RUR,False
442,115681110,Пеший курьер,https://api.hh.ru/vacancies/115681110?host=hh.ru,['Курьер'],50000.0,,RUR,False
443,115944784,Водитель-курьер на корпоративном автомобиле (м. Текстильщики),https://api.hh.ru/vacancies/115944784?host=hh.ru,['Курьер'],90000.0,120000.0,RUR,True
444,110790027,Водитель-курьер на личном грузовом автомобиле,https://api.hh.ru/vacancies/110790027?host=hh.ru,['Курьер'],175000.0,,RUR,False
445,112217168,"Водитель-курьер на автомобиле компании или личном автомобиле (Волжский бульвар, квартал 113А, корп.)",https://api.hh.ru/vacancies/112217168?host=hh.ru,['Курьер'],80000.0,,RUR,False
446,115679514,"Водитель-курьер на автомобиле ГМ ""Глобус"" (м. Саларьево)",https://api.hh.ru/vacancies/115679514?host=hh.ru,['Курьер'],120000.0,150000.0,RUR,False
447,110602777,Водитель-курьер,https://api.hh.ru/vacancies/110602777?host=hh.ru,['Курьер'],150000.0,230000.0,RUR,True
448,115498905,Курьер,https://api.hh.ru/vacancies/115498905?host=hh.ru,['Курьер'],100000.0,130000.0,RUR,False
449,115128925,Водитель-курьер на своем авто,https://api.hh.ru/vacancies/115128925?host=hh.ru,['Водитель'],120000.0,170000.0,RUR,False
450,115355997,Водитель курьер с личным грузовым автомобилем,https://api.hh.ru/vacancies/115355997?host=hh.ru,['Курьер'],190000.0,300000.0,RUR,False
451,115491818,Курьер (доставка),https://api.hh.ru/vacancies/115491818?host=hh.ru,['Курьер'],,177600.0,RUR,False
452,115492963,Курьер (доставка),https://api.hh.ru/vacancies/115492963?host=hh.ru,['Курьер'],,177600.0,RUR,False
453,115792363,Внутренний курьер в Альфа-банк,https://api.hh.ru/vacancies/115792363?host=hh.ru,['Курьер'],60000.0,,RUR,False
454,115905314,Водитель-курьер на личном автомобиле (ТЦ Виктория),https://api.hh.ru/vacancies/115905314?host=hh.ru,['Курьер'],110000.0,,RUR,True
455,115994378,Курьер,https://api.hh.ru/vacancies/115994378?host=hh.ru,['Курьер'],131500.0,237500.0,RUR,False
456,115642942,Курьер,https://api.hh.ru/vacancies/115642942?host=hh.ru,['Курьер'],55000.0,102000.0,RUR,False
457,115713950,Пеший курьер (развоз внутри Третьего кольца),https://api.hh.ru/vacancies/115713950?host=hh.ru,['Курьер'],70000.0,,RUR,False
458,115918423,Водитель-курьер (м. Свиблово),https://api.hh.ru/vacancies/115918423?host=hh.ru,['Курьер'],,140000.0,RUR,False
459,115427101,Курьер в офис,https://api.hh.ru/vacancies/115427101?host=hh.ru,['Курьер'],40000.0,,RUR,False
460,115477811,Водитель-курьер на личном автомобиле,https://api.hh.ru/vacancies/115477811?host=hh.ru,['Водитель'],,210000.0,RUR,False
461,114562635,Курьер WILDBERRIES,https://api.hh.ru/vacancies/114562635?host=hh.ru,['Курьер'],,160000.0,RUR,False
462,115327950,Водитель-курьер на автомобиле компании,https://api.hh.ru/vacancies/115327950?host=hh.ru,['Другое'],75000.0,80000.0,RUR,False
463,115291451,Курьер,https://api.hh.ru/vacancies/115291451?host=hh.ru,['Курьер'],,,,
464,115178553,Пеший Курьер,https://api.hh.ru/vacancies/115178553?host=hh.ru,['Курьер'],50000.0,,RUR,False
465,115695925,Пеший курьер,https://api.hh.ru/vacancies/115695925?host=hh.ru,['Курьер'],25000.0,,RUR,False
466,113742903,Пеший Курьер,https://api.hh.ru/vacancies/113742903?host=hh.ru,['Курьер'],60000.0,,RUR,False
467,115424554,Курьер (цветы),https://api.hh.ru/vacancies/115424554?host=hh.ru,['Курьер'],105000.0,135000.0,RUR,False
468,115376188,Пеший курьер (заказы до 2-3 кг),https://api.hh.ru/vacancies/115376188?host=hh.ru,['Курьер'],,90000.0,RUR,False
469,115501709,Водитель-курьер на личном автомобиле (Медведково),https://api.hh.ru/vacancies/115501709?host=hh.ru,['Водитель'],120000.0,150000.0,RUR,False
470,111742108,Водитель-курьер на личном авто,https://api.hh.ru/vacancies/111742108?host=hh.ru,['Курьер'],91000.0,155000.0,RUR,False
471,115401933,Внутренний курьер в Альфа-банк,https://api.hh.ru/vacancies/115401933?host=hh.ru,['Курьер'],60000.0,60000.0,RUR,False
472,111611006,Курьер,https://api.hh.ru/vacancies/111611006?host=hh.ru,['Курьер'],90000.0,150000.0,RUR,False
473,115421534,Водитель-курьер,https://api.hh.ru/vacancies/115421534?host=hh.ru,['Водитель'],50000.0,,RUR,False
474,114805927,Курьер,https://api.hh.ru/vacancies/114805927?host=hh.ru,['Курьер'],,,,
475,115052648,Курьер,https://api.hh.ru/vacancies/115052648?host=hh.ru,['Курьер'],180000.0,230000.0,RUR,False
476,109437057,Водитель-курьер,https://api.hh.ru/vacancies/109437057?host=hh.ru,['Водитель'],,160000.0,RUR,False
477,112790442,Водитель-курьер с личным автомобилем,https://api.hh.ru/vacancies/112790442?host=hh.ru,['Курьер'],150000.0,,RUR,False
478,109036497,Водитель-курьер,https://api.hh.ru/vacancies/109036497?host=hh.ru,['Водитель'],100000.0,162000.0,RUR,False
479,115992841,Курьер-партнер на велосипеде Самоката,https://api.hh.ru/vacancies/115992841?host=hh.ru,['Курьер'],130000.0,210000.0,RUR,False
480,115168109,Курьер в офис,https://api.hh.ru/vacancies/115168109?host=hh.ru,['Курьер'],70000.0,,RUR,True
481,112539092,"Водитель-курьер на автомобиле компании (Твардовского, 2к4с1)",https://api.hh.ru/vacancies/112539092?host=hh.ru,['Курьер'],80000.0,100000.0,RUR,False
482,115371574,Курьер,https://api.hh.ru/vacancies/115371574?host=hh.ru,['Курьер'],20000.0,80000.0,RUR,False
483,115995164,Курьер для Самокат,https://api.hh.ru/vacancies/115995164?host=hh.ru,['Курьер'],,170000.0,RUR,False
484,110881866,Курьер (Московская Биржа),https://api.hh.ru/vacancies/110881866?host=hh.ru,['Курьер'],50000.0,50000.0,RUR,False
485,115477796,Курьер,https://api.hh.ru/vacancies/115477796?host=hh.ru,['Курьер'],100000.0,120000.0,RUR,False
486,115490781,Курьер (доставка),https://api.hh.ru/vacancies/115490781?host=hh.ru,['Курьер'],,177600.0,RUR,False
487,115999518,Секретарь-курьер,https://api.hh.ru/vacancies/115999518?host=hh.ru,"['Секретарь, помощник руководителя, ассистент']",40000.0,40000.0,RUR,False
488,115850548,Курьер/Велокурьер,https://api.hh.ru/vacancies/115850548?host=hh.ru,['Курьер'],123700.0,140000.0,RUR,False
489,116000763,Курьер пеший/велокурьер,https://api.hh.ru/vacancies/116000763?host=hh.ru,['Курьер'],106500.0,138400.0,RUR,False
490,109571299,Водитель - Курьер на личном автомобиле (ТРЦ «Ривьера»),https://api.hh.ru/vacancies/109571299?host=hh.ru,['Курьер'],110000.0,,RUR,True
491,115621020,Водитель-курьер на личном автомобиле,https://api.hh.ru/vacancies/115621020?host=hh.ru,['Курьер'],120000.0,,RUR,False
492,112587463,Водитель-курьер на Ford Transit,https://api.hh.ru/vacancies/112587463?host=hh.ru,['Курьер'],148000.0,232000.0,RUR,True
493,115492393,Курьер,https://api.hh.ru/vacancies/115492393?host=hh.ru,['Курьер'],,177600.0,RUR,False
494,115459251,Курьер доставка,https://api.hh.ru/vacancies/115459251?host=hh.ru,['Курьер'],,207760.0,RUR,False
495,114726043,Курьер (документы),https://api.hh.ru/vacancies/114726043?host=hh.ru,['Курьер'],,,,
496,115372903,Курьер в доставку,https://api.hh.ru/vacancies/115372903?host=hh.ru,['Курьер'],127000.0,150000.0,RUR,False
497,107078553,Пеший курьер в Пятёрочку,https://api.hh.ru/vacancies/107078553?host=hh.ru,['Курьер'],,120000.0,RUR,False
498,115634921,Рекрутер (подбор курьеров),https://api.hh.ru/vacancies/115634921?host=hh.ru,['Специалист по подбору персонала'],,,,
499,115498904,Курьер / Велокурьер,https://api.hh.ru/vacancies/115498904?host=hh.ru,['Курьер'],120000.0,135000.0,RUR,False
500,115999744,Водитель курьер на личном автомобиле,https://api.hh.ru/vacancies/115999744?host=hh.ru,['Водитель'],,150000.0,RUR,False
501,115444402,Водитель-курьер на автомобиле компании,https://api.hh.ru/vacancies/115444402?host=hh.ru,['Курьер'],83000.0,95000.0,RUR,True
502,115926154,Курьер,https://api.hh.ru/vacancies/115926154?host=hh.ru,['Курьер'],,190000.0,RUR,False
503,113719117,Куратор доставки/Координатор курьеров,https://api.hh.ru/vacancies/113719117?host=hh.ru,['Руководитель отдела логистики'],,95000.0,RUR,False
504,112699467,Курьер-водитель,https://api.hh.ru/vacancies/112699467?host=hh.ru,['Водитель'],100000.0,130000.0,RUR,True
505,115239905,Водитель-курьер на личном легковом автомобиле,https://api.hh.ru/vacancies/115239905?host=hh.ru,['Водитель'],120000.0,195000.0,RUR,False
506,115490439,Курьер (доставка продуктов),https://api.hh.ru/vacancies/115490439?host=hh.ru,['Курьер'],,177600.0,RUR,False
507,112062461,"Водитель-курьер на автомобиле компании в ресторан ""VASILCHUKI Chaihona №1"" (м. Сокол)",https://api.hh.ru/vacancies/112062461?host=hh.ru,['Курьер'],80000.0,,RUR,False
508,115431743,Водитель-курьер на личном автомобиле,https://api.hh.ru/vacancies/115431743?host=hh.ru,['Курьер'],,155000.0,RUR,False
509,115821898,Курьер,https://api.hh.ru/vacancies/115821898?host=hh.ru,['Курьер'],,144000.0,RUR,False
510,110821786,Водитель-курьер на личном автомобиле,https://api.hh.ru/vacancies/110821786?host=hh.ru,['Водитель'],117450.0,,RUR,False
511,104846177,Водитель-курьер автомобиле компании (ул. Мастеркова д. 1 ),https://api.hh.ru/vacancies/104846177?host=hh.ru,['Курьер'],90000.0,,RUR,False
512,114924810,"Курьер на мультизаказы, ЯндексЛавка",https://api.hh.ru/vacancies/114924810?host=hh.ru,['Курьер'],195200.0,235800.0,RUR,False
513,110208412,Курьер,https://api.hh.ru/vacancies/110208412?host=hh.ru,['Курьер'],,,,
514,115492030,Водитель-курьер с личным автомобилем,https://api.hh.ru/vacancies/115492030?host=hh.ru,['Водитель'],171500.0,210500.0,RUR,False
515,115223629,Водитель-курьер,https://api.hh.ru/vacancies/115223629?host=hh.ru,['Водитель'],80000.0,100000.0,RUR,False
516,115232372,Курьер на электровелосипеде (м. Славянский бульвар),https://api.hh.ru/vacancies/115232372?host=hh.ru,['Курьер'],95000.0,,RUR,False
517,115436871,Водитель-курьер на личном автомобиле,https://api.hh.ru/vacancies/115436871?host=hh.ru,['Курьер'],,279000.0,RUR,False
518,95455176,Курьер в интернет-магазин,https://api.hh.ru/vacancies/95455176?host=hh.ru,['Курьер'],,226500.0,RUR,False
519,115424004,Пеший курьер (цветы),https://api.hh.ru/vacancies/115424004?host=hh.ru,['Курьер'],75000.0,100000.0,RUR,True
520,109352954,Курьер,https://api.hh.ru/vacancies/109352954?host=hh.ru,['Курьер'],40000.0,,RUR,False
521,115514143,Курьер,https://api.hh.ru/vacancies/115514143?host=hh.ru,['Курьер'],115000.0,139000.0,RUR,False
522,110812628,Водитель-курьер в интернет-магазин на своем автомобиле,https://api.hh.ru/vacancies/110812628?host=hh.ru,['Курьер'],150000.0,,RUR,False
523,115588339,Курьер,https://api.hh.ru/vacancies/115588339?host=hh.ru,['Курьер'],,120000.0,RUR,False
524,115922816,Курьер в доставку,https://api.hh.ru/vacancies/115922816?host=hh.ru,['Курьер'],,130000.0,RUR,False
525,112415588,Пеший-курьер (центр Москвы),https://api.hh.ru/vacancies/112415588?host=hh.ru,['Курьер'],100000.0,170000.0,RUR,False
526,115991640,Водитель-курьер на автомобиле,https://api.hh.ru/vacancies/115991640?host=hh.ru,['Курьер'],105000.0,140000.0,RUR,False
527,115381626,"Водитель-курьер на грузовом автомобиле 8-16 кубов (САО, СВАО, СЗАО)",https://api.hh.ru/vacancies/115381626?host=hh.ru,['Другое'],200000.0,,RUR,False
528,115491317,Курьер,https://api.hh.ru/vacancies/115491317?host=hh.ru,['Курьер'],,177600.0,RUR,False
529,106068367,Водитель-курьер (Москва и Московская область),https://api.hh.ru/vacancies/106068367?host=hh.ru,['Курьер'],155000.0,258000.0,RUR,True
530,114947709,Пеший курьер,https://api.hh.ru/vacancies/114947709?host=hh.ru,['Курьер'],172000.0,187900.0,RUR,False
531,114674727,Менеджер (курьер) отдела по развитию корпоративного канала продаж,https://api.hh.ru/vacancies/114674727?host=hh.ru,['Курьер'],80000.0,90000.0,RUR,True
532,115389197,Пеший курьер (Москва),https://api.hh.ru/vacancies/115389197?host=hh.ru,['Курьер'],55000.0,,RUR,False
533,115610172,Курьер-партнёр сервиса Яндекс.Еда,https://api.hh.ru/vacancies/115610172?host=hh.ru,['Курьер'],,120000.0,RUR,False
534,112405049,Курьер-делопроизводитель,https://api.hh.ru/vacancies/112405049?host=hh.ru,"['Копирайтер, редактор, корректор']",,80000.0,RUR,True
535,104927036,Водитель-курьер на автомобиле компании,https://api.hh.ru/vacancies/104927036?host=hh.ru,['Водитель'],,115000.0,RUR,True
536,112663979,Курьер по доставке для юридических лиц (без поиска клиентов),https://api.hh.ru/vacancies/112663979?host=hh.ru,"['Менеджер по продажам, менеджер по работе с клиентами']",130000.0,,RUR,True
537,115611802,Курьер в доставку,https://api.hh.ru/vacancies/115611802?host=hh.ru,['Курьер'],100000.0,130000.0,RUR,False
538,115897430,Курьер дополнительный доход,https://api.hh.ru/vacancies/115897430?host=hh.ru,['Курьер'],,125000.0,RUR,False
539,115903381,Пеший курьер на ПВЗ,https://api.hh.ru/vacancies/115903381?host=hh.ru,['Курьер'],75000.0,,RUR,False
540,115910779,Водитель-курьер (м. Аэропорт),https://api.hh.ru/vacancies/115910779?host=hh.ru,['Курьер'],100000.0,140000.0,RUR,False
541,106438952,Пеший курьер,https://api.hh.ru/vacancies/106438952?host=hh.ru,['Курьер'],50000.0,,RUR,True
542,111611393,Курьер,https://api.hh.ru/vacancies/111611393?host=hh.ru,['Курьер'],90000.0,150000.0,RUR,False
543,114671727,Курьер,https://api.hh.ru/vacancies/114671727?host=hh.ru,['Курьер'],,180000.0,RUR,False
544,115994445,Курьер на велосипеде,https://api.hh.ru/vacancies/115994445?host=hh.ru,['Курьер'],125000.0,210000.0,RUR,False
545,111552648,Супервайзер по работе с курьерами,https://api.hh.ru/vacancies/111552648?host=hh.ru,['Курьер'],50000.0,85000.0,RUR,False
546,115439110,Курьер,https://api.hh.ru/vacancies/115439110?host=hh.ru,['Курьер'],,237850.0,RUR,False
547,115049879,Курьер легких заказов,https://api.hh.ru/vacancies/115049879?host=hh.ru,['Другое'],,281330.0,RUR,False
548,115936074,Курьер в Самокат (ВАХТА),https://api.hh.ru/vacancies/115936074?host=hh.ru,['Курьер'],,190000.0,RUR,False
549,115882463,Курьер доставки документов (в офис),https://api.hh.ru/vacancies/115882463?host=hh.ru,['Курьер'],145000.0,220000.0,RUR,False
550,115889437,Курьер,https://api.hh.ru/vacancies/115889437?host=hh.ru,['Курьер'],115700.0,131600.0,RUR,False
551,115993386,Курьер / Велокурьер партнерской доставки Самокат,https://api.hh.ru/vacancies/115993386?host=hh.ru,['Курьер'],125000.0,210000.0,RUR,False
552,115050267,Пеший курьер,https://api.hh.ru/vacancies/115050267?host=hh.ru,['Курьер'],55000.0,,RUR,False
553,115994262,Пеший курьер / Велокурьер партнерской доставки Самокат,https://api.hh.ru/vacancies/115994262?host=hh.ru,['Курьер'],115000.0,163100.0,RUR,False
554,115742259,Курьер коротких заказов,https://api.hh.ru/vacancies/115742259?host=hh.ru,['Курьер'],,207300.0,RUR,True
555,114966553,Водитель-курьер,https://api.hh.ru/vacancies/114966553?host=hh.ru,['Курьер'],140000.0,,RUR,False
556,104892252,Курьер,https://api.hh.ru/vacancies/104892252?host=hh.ru,['Курьер'],,207760.0,RUR,False
557,104991591,Водитель-курьер,https://api.hh.ru/vacancies/104991591?host=hh.ru,['Водитель'],115000.0,,RUR,False
558,115699072,Водитель-курьер,https://api.hh.ru/vacancies/115699072?host=hh.ru,['Водитель'],85000.0,100000.0,RUR,False
559,115893431,Водитель-курьер на личном автомобиле,https://api.hh.ru/vacancies/115893431?host=hh.ru,['Курьер'],117000.0,175000.0,RUR,False
560,112220704,Курьер,https://api.hh.ru/vacancies/112220704?host=hh.ru,['Курьер'],70000.0,100000.0,RUR,False
561,115363926,Курьер,https://api.hh.ru/vacancies/115363926?host=hh.ru,['Другое'],,184300.0,RUR,True
562,115976610,Курьер (малогабаритный груз),https://api.hh.ru/vacancies/115976610?host=hh.ru,['Курьер'],71000.0,,RUR,False
563,115984824,"Курьер с ежедневной оплатой в доставку Кафе, можно как подработка (легкие заказы 2-3 кг)",https://api.hh.ru/vacancies/115984824?host=hh.ru,['Курьер'],106852.0,174260.0,RUR,False
564,115907345,Курьер,https://api.hh.ru/vacancies/115907345?host=hh.ru,['Курьер'],206300.0,224500.0,RUR,False
565,112587900,Водитель-курьер на Ford Transit,https://api.hh.ru/vacancies/112587900?host=hh.ru,['Курьер'],148000.0,230000.0,RUR,True
566,115034548,Курьер,https://api.hh.ru/vacancies/115034548?host=hh.ru,['Курьер'],137000.0,150000.0,RUR,False
567,114288338,Водитель-курьер,https://api.hh.ru/vacancies/114288338?host=hh.ru,['Курьер'],125000.0,200000.0,RUR,False
568,115095382,Курьер,https://api.hh.ru/vacancies/115095382?host=hh.ru,['Курьер'],,237850.0,RUR,False
569,115993634,Курьер на велосипеде,https://api.hh.ru/vacancies/115993634?host=hh.ru,['Курьер'],125000.0,210000.0,RUR,False
570,115994110,Пеший курьер/велокурьер,https://api.hh.ru/vacancies/115994110?host=hh.ru,['Курьер'],100000.0,163100.0,RUR,False
571,114559524,Курьер на велосипеде в доставку,https://api.hh.ru/vacancies/114559524?host=hh.ru,['Курьер'],135000.0,165000.0,RUR,False
572,114712836,Водитель - курьер на автомобиль компании Ford Transit,https://api.hh.ru/vacancies/114712836?host=hh.ru,['Водитель'],,195200.0,RUR,False
573,115427935,Водитель-курьер на корпоративном авто (м. Текстильщики),https://api.hh.ru/vacancies/115427935?host=hh.ru,['Курьер'],90000.0,120000.0,RUR,True
574,115905886,Курьер в доставку,https://api.hh.ru/vacancies/115905886?host=hh.ru,['Курьер'],100000.0,120000.0,RUR,False
575,114623644,Водитель-курьер на автомобиле компании,https://api.hh.ru/vacancies/114623644?host=hh.ru,['Курьер'],100000.0,,RUR,False
576,115936062,"Курьер Мультизаказов косметика, аптека (от 2-х часов)",https://api.hh.ru/vacancies/115936062?host=hh.ru,['Курьер'],130000.0,196000.0,RUR,True
577,106068221,Водитель-курьер (Москва и Московская область),https://api.hh.ru/vacancies/106068221?host=hh.ru,['Курьер'],155000.0,258000.0,RUR,True
578,114558718,Курьер,https://api.hh.ru/vacancies/114558718?host=hh.ru,['Курьер'],120000.0,170000.0,RUR,False
579,115491557,Водитель-курьер,https://api.hh.ru/vacancies/115491557?host=hh.ru,['Водитель'],171500.0,210500.0,RUR,False
580,115747181,Курьер,https://api.hh.ru/vacancies/115747181?host=hh.ru,['Курьер'],121900.0,140000.0,RUR,False
581,115897277,Курьер (ВАХТА),https://api.hh.ru/vacancies/115897277?host=hh.ru,['Курьер'],,190000.0,RUR,False
582,112580379,Водитель-курьер в ТОКИО-CITY,https://api.hh.ru/vacancies/112580379?host=hh.ru,['Курьер'],80000.0,255000.0,RUR,False
583,115576402,Курьер на (важные доставки),https://api.hh.ru/vacancies/115576402?host=hh.ru,['Курьер'],60000.0,100000.0,RUR,False
584,108780773,Водитель-курьер на личном легковом автомобиле,https://api.hh.ru/vacancies/108780773?host=hh.ru,['Курьер'],140000.0,,RUR,True
585,108782895,Водитель-курьер на собственном автомобиле,https://api.hh.ru/vacancies/108782895?host=hh.ru,['Курьер'],140000.0,,RUR,True
586,114192352,Водитель-курьер с личным авто в магазин,https://api.hh.ru/vacancies/114192352?host=hh.ru,['Курьер'],117000.0,147000.0,RUR,False
587,115986884,Курьер,https://api.hh.ru/vacancies/115986884?host=hh.ru,['Курьер'],,207760.0,RUR,False
588,115060519,Курьер-партнер сервиса Яндекс.Еда,https://api.hh.ru/vacancies/115060519?host=hh.ru,['Курьер'],80000.0,130000.0,RUR,False
589,115328275,Курьер с ежедневной оплатой — работай рядом с домом,https://api.hh.ru/vacancies/115328275?host=hh.ru,['Другое'],,281370.0,RUR,False
590,115889353,Курьер,https://api.hh.ru/vacancies/115889353?host=hh.ru,['Курьер'],115700.0,131600.0,RUR,False
591,115010245,Водитель-курьер,https://api.hh.ru/vacancies/115010245?host=hh.ru,['Водитель'],120000.0,,RUR,False
592,115252719,Водитель-курьер на своем легковом автомобиле,https://api.hh.ru/vacancies/115252719?host=hh.ru,['Водитель'],125000.0,210000.0,RUR,False
593,113106752,Курьер,https://api.hh.ru/vacancies/113106752?host=hh.ru,['Курьер'],140000.0,170000.0,RUR,False
594,113876600,Водитель-Курьер на автомобиле компании,https://api.hh.ru/vacancies/113876600?host=hh.ru,['Курьер'],100000.0,,RUR,False
595,114579854,Курьер в ресторане,https://api.hh.ru/vacancies/114579854?host=hh.ru,['Курьер'],70000.0,,RUR,False
596,110257545,Водитель-курьер на личном автомобиле,https://api.hh.ru/vacancies/110257545?host=hh.ru,['Курьер'],150000.0,,RUR,True
597,115087132,Водитель-курьер на личном автомобиле (доставка мелких посылок),https://api.hh.ru/vacancies/115087132?host=hh.ru,['Водитель'],170000.0,300000.0,RUR,True
598,114515675,Водитель-курьер,https://api.hh.ru/vacancies/114515675?host=hh.ru,['Другое'],110000.0,,RUR,False
599,114954884,Водитель-курьер,https://api.hh.ru/vacancies/114954884?host=hh.ru,['Водитель'],243600.0,276400.0,RUR,False
600,115990822,Курьер в Лавку,https://api.hh.ru/vacancies/115990822?host=hh.ru,['Курьер'],,187500.0,RUR,False
601,115124945,Курьер в банк / Представитель Банка,https://api.hh.ru/vacancies/115124945?host=hh.ru,"['Менеджер по продажам, менеджер по работе с клиентами']",150000.0,,RUR,True
602,103636569,Курьер на ЦФЗ,https://api.hh.ru/vacancies/103636569?host=hh.ru,['Курьер'],,160000.0,RUR,False
603,115129272,Водитель-курьер,https://api.hh.ru/vacancies/115129272?host=hh.ru,['Водитель'],100000.0,,RUR,False
604,115062142,"Курьер товаров для животных Purina,Royal canin (легкие заказы)",https://api.hh.ru/vacancies/115062142?host=hh.ru,['Курьер'],,194500.0,RUR,False
605,108544926,Курьер,https://api.hh.ru/vacancies/108544926?host=hh.ru,['Курьер'],150000.0,170000.0,RUR,False
606,114668148,Курьер,https://api.hh.ru/vacancies/114668148?host=hh.ru,['Курьер'],127000.0,150000.0,RUR,False
607,115394191,Курьер (доставка),https://api.hh.ru/vacancies/115394191?host=hh.ru,['Курьер'],,177600.0,RUR,False
608,115717872,"Водитель-курьер на личном легковом автомобиле, ЮАО",https://api.hh.ru/vacancies/115717872?host=hh.ru,['Курьер'],147500.0,228000.0,RUR,False
609,115885687,"Курьер (без формы и сумки - посылки, документы)",https://api.hh.ru/vacancies/115885687?host=hh.ru,['Курьер'],160000.0,,RUR,False
610,115331347,Водитель-курьер на личном легковом автомобиле САО,https://api.hh.ru/vacancies/115331347?host=hh.ru,['Курьер'],170000.0,235000.0,RUR,False
611,112615686,Курьер на электровелосипеде,https://api.hh.ru/vacancies/112615686?host=hh.ru,['Курьер'],,120000.0,RUR,False
612,115614758,Водитель-курьер на личном автомобиле (м. Водный стадион),https://api.hh.ru/vacancies/115614758?host=hh.ru,['Курьер'],150000.0,,RUR,False
613,115479145,Курьер,https://api.hh.ru/vacancies/115479145?host=hh.ru,['Курьер'],100000.0,130000.0,RUR,False
614,114551210,Курьер,https://api.hh.ru/vacancies/114551210?host=hh.ru,['Курьер'],180000.0,230000.0,RUR,False
615,115501623,Водитель-курьер на личном автомобиле,https://api.hh.ru/vacancies/115501623?host=hh.ru,['Водитель'],122000.0,,RUR,False
616,115938183,Водитель-курьер на автомобиле,https://api.hh.ru/vacancies/115938183?host=hh.ru,['Курьер'],62000.0,70000.0,RUR,False
617,111611147,Курьер,https://api.hh.ru/vacancies/111611147?host=hh.ru,['Курьер'],90000.0,150000.0,RUR,False
618,114662784,Пеший курьер,https://api.hh.ru/vacancies/114662784?host=hh.ru,['Курьер'],,300160.0,RUR,True
619,115485468,Водитель-курьер (экспресс-доставка),https://api.hh.ru/vacancies/115485468?host=hh.ru,['Другое'],171500.0,210500.0,RUR,False
620,115766114,Менеджер склада/Курьер-водитель,https://api.hh.ru/vacancies/115766114?host=hh.ru,['Кладовщик'],75000.0,,RUR,False
621,110218243,"Курьер на электровелосипед в ресторан ""VASILCHUKÍ CHAIHONA №1"" (м. Пушкинская)",https://api.hh.ru/vacancies/110218243?host=hh.ru,['Курьер'],80000.0,,RUR,False
622,115495765,Водитель-курьер (Экспресс-служба: доставка на своем автомобиле),https://api.hh.ru/vacancies/115495765?host=hh.ru,['Курьер'],171500.0,210500.0,RUR,False
623,112544800,Водитель-курьер на автомобиль компании Ford Transit - Газель,https://api.hh.ru/vacancies/112544800?host=hh.ru,['Курьер'],148000.0,230000.0,RUR,True
624,113865686,Водитель-курьер в Пятёрочку,https://api.hh.ru/vacancies/113865686?host=hh.ru,['Курьер'],,210000.0,RUR,False
625,115775783,Курьер,https://api.hh.ru/vacancies/115775783?host=hh.ru,['Курьер'],,149000.0,RUR,False
626,115088097,Курьер на продуктовый склад,https://api.hh.ru/vacancies/115088097?host=hh.ru,['Курьер'],108000.0,172000.0,RUR,False
627,115670251,Курьер в доставку Самокат,https://api.hh.ru/vacancies/115670251?host=hh.ru,['Курьер'],127000.0,150000.0,RUR,False
628,114024026,Водитель-курьер на автомобиле компании (Яндекс Маркет),https://api.hh.ru/vacancies/114024026?host=hh.ru,['Водитель'],88000.0,110000.0,RUR,False
629,108076099,Техник-курьер,https://api.hh.ru/vacancies/108076099?host=hh.ru,['Курьер'],,100000.0,RUR,True
630,114286599,"Водитель-курьер на личном автомобиле (ТРЦ ""Июнь"")",https://api.hh.ru/vacancies/114286599?host=hh.ru,['Курьер'],110000.0,,RUR,True
631,115780376,Курьер службы доставки Яндекс Еда,https://api.hh.ru/vacancies/115780376?host=hh.ru,['Разнорабочий'],91000.0,184000.0,RUR,False
632,113856385,Водитель-курьер на легковом автомобиле,https://api.hh.ru/vacancies/113856385?host=hh.ru,['Водитель'],100000.0,130000.0,RUR,True
633,115079811,Водитель-курьер на личном автомобиле (доставка мелких посылок),https://api.hh.ru/vacancies/115079811?host=hh.ru,['Водитель'],170000.0,300000.0,RUR,True
634,115993830,КУРЬЕР,https://api.hh.ru/vacancies/115993830?host=hh.ru,['Курьер'],,207760.0,RUR,False
635,111789715,Ночной водитель-курьер на корпоративном автомобиле в Озон фреш (м. Каширская),https://api.hh.ru/vacancies/111789715?host=hh.ru,['Курьер'],135000.0,240000.0,RUR,True
636,115304266,Курьер пеший,https://api.hh.ru/vacancies/115304266?host=hh.ru,['Курьер'],45000.0,,RUR,True
637,114817255,Курьер для доставки товаров первой необходимости,https://api.hh.ru/vacancies/114817255?host=hh.ru,['Курьер'],,190000.0,RUR,False
638,114966195,"Водитель-курьер на автомобиле компании в ресторан ""VASILCHUKI Chaihona №1"" (Мега Белая Дача)",https://api.hh.ru/vacancies/114966195?host=hh.ru,['Водитель'],80000.0,,RUR,False
639,114841166,Велокурьер/курьер на электровелосипеде,https://api.hh.ru/vacancies/114841166?host=hh.ru,['Курьер'],160000.0,,RUR,False
640,115073541,Курьер,https://api.hh.ru/vacancies/115073541?host=hh.ru,['Курьер'],94122.0,134240.0,RUR,False
641,115882461,Курьер документов в офис,https://api.hh.ru/vacancies/115882461?host=hh.ru,['Курьер'],135000.0,225000.0,RUR,False
642,106432946,Пеший курьер по доставке карт Тинькофф,https://api.hh.ru/vacancies/106432946?host=hh.ru,['Курьер'],110000.0,,RUR,False
643,115887026,Пеший курьер,https://api.hh.ru/vacancies/115887026?host=hh.ru,['Курьер'],110000.0,125000.0,RUR,False
644,112727513,Водитель - курьер на авто компании,https://api.hh.ru/vacancies/112727513?host=hh.ru,['Курьер'],150000.0,300000.0,RUR,True
645,115122079,Курьер,https://api.hh.ru/vacancies/115122079?host=hh.ru,['Курьер'],35000.0,43500.0,RUR,False
646,115705363,"Курьер аптек, лёгкие посылки",https://api.hh.ru/vacancies/115705363?host=hh.ru,['Курьер'],,215000.0,RUR,True
647,115958088,Курьер (документы),https://api.hh.ru/vacancies/115958088?host=hh.ru,['Курьер'],110000.0,150000.0,RUR,False
648,106068215,Водитель-курьер (Москва и Московская область),https://api.hh.ru/vacancies/106068215?host=hh.ru,['Курьер'],155000.0,258000.0,RUR,True
649,115320129,"Водитель-курьер на автомобиле компании ""Делимобиль""",https://api.hh.ru/vacancies/115320129?host=hh.ru,['Курьер'],120000.0,,RUR,True
650,115483718,Курьер,https://api.hh.ru/vacancies/115483718?host=hh.ru,['Курьер'],100000.0,250000.0,RUR,False
651,114741871,Курьер,https://api.hh.ru/vacancies/114741871?host=hh.ru,['Курьер'],130000.0,190000.0,RUR,False
652,109531077,Курьер,https://api.hh.ru/vacancies/109531077?host=hh.ru,['Курьер'],,,,
653,114991717,Пеший курьер,https://api.hh.ru/vacancies/114991717?host=hh.ru,['Курьер'],60000.0,,RUR,False
654,115389744,"Курьер (без формы и сумки на посылки, документы)",https://api.hh.ru/vacancies/115389744?host=hh.ru,['Курьер'],155000.0,,RUR,False
655,115775781,Курьер,https://api.hh.ru/vacancies/115775781?host=hh.ru,['Курьер'],121200.0,140000.0,RUR,False
656,115347355,Курьер,https://api.hh.ru/vacancies/115347355?host=hh.ru,['Курьер'],71000.0,,RUR,False
657,114829581,Курьер,https://api.hh.ru/vacancies/114829581?host=hh.ru,['Курьер'],92121.0,143590.0,RUR,False
658,113742812,Водитель-курьер (Солнечногорск),https://api.hh.ru/vacancies/113742812?host=hh.ru,['Курьер'],156000.0,261000.0,RUR,True
659,115553864,Менеджер доставки (Сборщик-Курьер),https://api.hh.ru/vacancies/115553864?host=hh.ru,['Курьер'],100000.0,,RUR,False
660,108836959,Водитель-курьер,https://api.hh.ru/vacancies/108836959?host=hh.ru,['Курьер'],130000.0,180000.0,RUR,False
661,114835526,Курьер,https://api.hh.ru/vacancies/114835526?host=hh.ru,['Курьер'],93451.0,148017.0,RUR,False
662,115087683,Водитель-курьер по доставке косметики/товаров на личном автомобиле,https://api.hh.ru/vacancies/115087683?host=hh.ru,['Водитель'],132000.0,200000.0,RUR,False
663,114985694,Курьер,https://api.hh.ru/vacancies/114985694?host=hh.ru,['Курьер'],45000.0,,RUR,False
664,115063201,"Курьер, канцелярии-уникальных заказов, лёгкие посылок до 2-кг.(СРОЧНО), подработка-ОПЛАТА-ЕЖЕДНЕВНО",https://api.hh.ru/vacancies/115063201?host=hh.ru,['Другое'],178400.0,203500.0,RUR,False
665,115083161,Водитель-курьер на личном автомобиле,https://api.hh.ru/vacancies/115083161?host=hh.ru,['Курьер'],130000.0,230000.0,RUR,True
666,115459502,Доставка Самокат (курьеры),https://api.hh.ru/vacancies/115459502?host=hh.ru,['Курьер'],,207760.0,RUR,False
667,115522408,Менеджер проекта (по работе с курьерами),https://api.hh.ru/vacancies/115522408?host=hh.ru,['Курьер'],70000.0,80000.0,RUR,False
668,111611195,Курьер,https://api.hh.ru/vacancies/111611195?host=hh.ru,['Курьер'],90000.0,150000.0,RUR,False
669,105757564,Курьер/велокурьер,https://api.hh.ru/vacancies/105757564?host=hh.ru,['Курьер'],,231000.0,RUR,False
670,115091356,Курьер к партнёру Яндекс.Еда,https://api.hh.ru/vacancies/115091356?host=hh.ru,['Курьер'],43000.0,120000.0,RUR,False
671,85991804,Водитель-курьер,https://api.hh.ru/vacancies/85991804?host=hh.ru,['Курьер'],,161000.0,RUR,False
672,115747061,Курьер,https://api.hh.ru/vacancies/115747061?host=hh.ru,['Курьер'],100000.0,120000.0,RUR,False
673,115822521,Водитель-курьер со свободным графиком,https://api.hh.ru/vacancies/115822521?host=hh.ru,['Водитель'],243600.0,276400.0,RUR,False
674,115019501,Курьер пеший,https://api.hh.ru/vacancies/115019501?host=hh.ru,['Курьер'],85000.0,,RUR,False
675,106941693,Водитель-курьер на личном автомобиле (м. Яхромская),https://api.hh.ru/vacancies/106941693?host=hh.ru,['Курьер'],150000.0,270000.0,RUR,True
676,114558866,Курьер на велосипеде,https://api.hh.ru/vacancies/114558866?host=hh.ru,['Курьер'],115000.0,121900.0,RUR,False
677,115851282,Водитель-курьер с автомобилем,https://api.hh.ru/vacancies/115851282?host=hh.ru,['Водитель'],90000.0,,RUR,False
678,115882459,Курьер в банк (карты/документы),https://api.hh.ru/vacancies/115882459?host=hh.ru,['Курьер'],125000.0,180000.0,RUR,False
679,115701788,Курьер,https://api.hh.ru/vacancies/115701788?host=hh.ru,['Курьер'],,130000.0,RUR,False
680,106068362,Водитель-курьер (Москва и Московская область),https://api.hh.ru/vacancies/106068362?host=hh.ru,['Курьер'],155000.0,258000.0,RUR,True
681,101267180,Водитель-курьер (Москва и Московская область),https://api.hh.ru/vacancies/101267180?host=hh.ru,['Водитель'],155000.0,258000.0,RUR,True
682,114830376,Курьер,https://api.hh.ru/vacancies/114830376?host=hh.ru,['Курьер'],92300.0,146009.0,RUR,False
683,115891892,Курьер,https://api.hh.ru/vacancies/115891892?host=hh.ru,['Курьер'],,130000.0,RUR,False
684,115896887,Курьер на велосипеде (доставка заказов),https://api.hh.ru/vacancies/115896887?host=hh.ru,['Курьер'],127000.0,150000.0,RUR,False
685,115990871,Доставщик / Курьер,https://api.hh.ru/vacancies/115990871?host=hh.ru,['Курьер'],,207760.0,RUR,False
686,115395791,Водитель-курьер на личном автомобиле (м. Сокол),https://api.hh.ru/vacancies/115395791?host=hh.ru,['Курьер'],85000.0,,RUR,False
687,115889686,Водитель - курьер на личном автомобиле,https://api.hh.ru/vacancies/115889686?host=hh.ru,['Курьер'],154000.0,220000.0,RUR,False
688,113876838,Водитель-курьер на автомобиле компании,https://api.hh.ru/vacancies/113876838?host=hh.ru,['Курьер'],96000.0,,RUR,False
689,115898173,Курьер дополнительный доход,https://api.hh.ru/vacancies/115898173?host=hh.ru,['Курьер'],,125000.0,RUR,False
690,115982227,Курьер на велосипеде,https://api.hh.ru/vacancies/115982227?host=hh.ru,['Курьер'],,140000.0,RUR,True
691,114576015,Курьер в доставку,https://api.hh.ru/vacancies/114576015?host=hh.ru,['Курьер'],,120000.0,RUR,False
692,115034536,Курьер пеший (фарш),https://api.hh.ru/vacancies/115034536?host=hh.ru,['Курьер'],71000.0,96000.0,RUR,False
693,115439255,Курьер,https://api.hh.ru/vacancies/115439255?host=hh.ru,['Курьер'],,237850.0,RUR,False
694,113149963,Водитель-курьер (м. Таганская),https://api.hh.ru/vacancies/113149963?host=hh.ru,['Курьер'],150000.0,,RUR,False
695,112878757,Пеший курьер (м. Красные ворота),https://api.hh.ru/vacancies/112878757?host=hh.ru,['Курьер'],120000.0,,RUR,False
696,115113681,Водитель-курьер на личном автомобиле в Магнит доставку,https://api.hh.ru/vacancies/115113681?host=hh.ru,['Водитель'],135137.0,238658.0,RUR,False
697,106964811,Курьер (Москва и Московская область),https://api.hh.ru/vacancies/106964811?host=hh.ru,['Курьер'],155000.0,258000.0,RUR,True
698,115735240,Курьер документов в офис,https://api.hh.ru/vacancies/115735240?host=hh.ru,['Курьер'],132000.0,225000.0,RUR,False
699,111611231,Курьер,https://api.hh.ru/vacancies/111611231?host=hh.ru,['Курьер'],90000.0,150000.0,RUR,False
700,115717347,Курьер в сервис доставки,https://api.hh.ru/vacancies/115717347?host=hh.ru,['Курьер'],,200000.0,RUR,True
701,115957937,Курьер,https://api.hh.ru/vacancies/115957937?host=hh.ru,['Курьер'],116000.0,128000.0,RUR,False
702,114964387,Курьер пеший,https://api.hh.ru/vacancies/114964387?host=hh.ru,['Курьер'],195100.0,258000.0,RUR,False
703,115506720,Курьер,https://api.hh.ru/vacancies/115506720?host=hh.ru,['Курьер'],120000.0,130000.0,RUR,False
704,111611256,Курьер,https://api.hh.ru/vacancies/111611256?host=hh.ru,['Курьер'],90000.0,150000.0,RUR,False
705,115213333,Водитель курьер на личном автомобиле,https://api.hh.ru/vacancies/115213333?host=hh.ru,['Водитель'],130000.0,180000.0,RUR,False
706,115618170,Курьер,https://api.hh.ru/vacancies/115618170?host=hh.ru,['Курьер'],120000.0,140000.0,RUR,False
707,115404541,Водитель-курьер на личном автомобиле,https://api.hh.ru/vacancies/115404541?host=hh.ru,['Курьер'],65000.0,,RUR,False
708,104450008,Водитель-курьер на личном грузовом автомобиле в Озон фреш,https://api.hh.ru/vacancies/104450008?host=hh.ru,['Курьер'],150000.0,270000.0,RUR,True
709,115401244,Водитель-курьер на личном автомобиле (м. Народное Ополчение),https://api.hh.ru/vacancies/115401244?host=hh.ru,['Курьер'],95000.0,,RUR,True
710,115409126,Курьер,https://api.hh.ru/vacancies/115409126?host=hh.ru,['Курьер'],,130000.0,RUR,False
711,115978760,Курьер пеший,https://api.hh.ru/vacancies/115978760?host=hh.ru,['Курьер'],132000.0,198000.0,RUR,False
712,112880269,"Водитель-курьер на личном грузовом автомобиле (ЮВАО, ЮАО, ЮЗАО)",https://api.hh.ru/vacancies/112880269?host=hh.ru,['Курьер'],200000.0,,RUR,False
713,115614532,Водитель-курьер на личном автомобиле (м. Римская),https://api.hh.ru/vacancies/115614532?host=hh.ru,['Курьер'],150000.0,,RUR,False
714,114514956,Курьер пеший,https://api.hh.ru/vacancies/114514956?host=hh.ru,['Курьер'],195100.0,258000.0,RUR,False
715,115115951,Курьер,https://api.hh.ru/vacancies/115115951?host=hh.ru,['Курьер'],,130000.0,RUR,False
716,115169826,Курьер/ Специалист по доставке банковских продуктов (без привлечения),https://api.hh.ru/vacancies/115169826?host=hh.ru,['Курьер'],85000.0,145000.0,RUR,True
717,115485825,Курьер,https://api.hh.ru/vacancies/115485825?host=hh.ru,['Другое'],171500.0,210500.0,RUR,False
718,115890162,Пеший курьер/велокурьер,https://api.hh.ru/vacancies/115890162?host=hh.ru,['Курьер'],125000.0,135000.0,RUR,False
719,106068308,Водитель-курьер (Москва и Московская область),https://api.hh.ru/vacancies/106068308?host=hh.ru,['Курьер'],155000.0,258000.0,RUR,True
720,115774853,Оператор-курьер в ресторан (м. Пятницкое шоссе\ТЦ Мандарин),https://api.hh.ru/vacancies/115774853?host=hh.ru,['Курьер'],70000.0,,RUR,False
721,112956709,Курьер,https://api.hh.ru/vacancies/112956709?host=hh.ru,['Курьер'],,120000.0,RUR,False
722,68793373,Водитель-курьер на личном автомобиле в Пятёрочку,https://api.hh.ru/vacancies/68793373?host=hh.ru,['Курьер'],,210000.0,RUR,False
723,115882169,Водитель-курьер на своем автомобиле (м. Молодежная),https://api.hh.ru/vacancies/115882169?host=hh.ru,['Курьер'],100000.0,,RUR,False
724,114974538,Курьер пеший,https://api.hh.ru/vacancies/114974538?host=hh.ru,['Курьер'],195100.0,258000.0,RUR,False
725,115769832,Курьер/Велокурьер,https://api.hh.ru/vacancies/115769832?host=hh.ru,['Курьер'],116000.0,218000.0,RUR,False
726,115796560,"Водитель-курьер, сбермаркет (тестовая)",https://api.hh.ru/vacancies/115796560?host=hh.ru,['Курьер'],,,,
727,106068319,Водитель-курьер (Москва и Московская область),https://api.hh.ru/vacancies/106068319?host=hh.ru,['Курьер'],155000.0,258000.0,RUR,True
728,114186390,Курьер,https://api.hh.ru/vacancies/114186390?host=hh.ru,['Грузчик'],50000.0,50000.0,RUR,False
729,114729062,Курьер на велосипеде,https://api.hh.ru/vacancies/114729062?host=hh.ru,['Курьер'],100000.0,,RUR,False
730,101362999,Водитель-курьер с личным автомобилем (м. Бабушкинская),https://api.hh.ru/vacancies/101362999?host=hh.ru,['Курьер'],90000.0,150000.0,RUR,False
731,110707387,Водитель-курьер на личном автомобиле в Озон фреш (м. Говорово),https://api.hh.ru/vacancies/110707387?host=hh.ru,['Курьер'],150000.0,270000.0,RUR,True
732,108621637,Водитель-курьер на автомобиле компании,https://api.hh.ru/vacancies/108621637?host=hh.ru,['Водитель'],115000.0,130000.0,RUR,True
733,114949860,Курьер пеший,https://api.hh.ru/vacancies/114949860?host=hh.ru,['Курьер'],195100.0,258000.0,RUR,False
734,115478486,Водитель-курьер в Яндекс.Лавку,https://api.hh.ru/vacancies/115478486?host=hh.ru,['Курьер'],139000.0,,RUR,False
735,112544484,Водитель-курьер на автомобиле компании Ford Transit - Газель,https://api.hh.ru/vacancies/112544484?host=hh.ru,['Курьер'],148000.0,230000.0,RUR,True
736,93518114,Курьер (Москва и МО),https://api.hh.ru/vacancies/93518114?host=hh.ru,['Курьер'],155000.0,258000.0,RUR,True
737,115387781,Курьер в доставку,https://api.hh.ru/vacancies/115387781?host=hh.ru,['Курьер'],,130000.0,RUR,False
738,115393373,Курьер (доставка еды),https://api.hh.ru/vacancies/115393373?host=hh.ru,['Курьер'],,177600.0,RUR,False
739,115686853,Водитель-курьер на личном автомобиле (не еда),https://api.hh.ru/vacancies/115686853?host=hh.ru,['Курьер'],140000.0,,RUR,False
740,115985008,"Курьер с ежедневной оплатой в доставку Кафе, можно как подработка (легкие заказы 2-3 кг)",https://api.hh.ru/vacancies/115985008?host=hh.ru,['Курьер'],106852.0,174260.0,RUR,False
741,110664218,Водитель-курьер на личном автомобиле,https://api.hh.ru/vacancies/110664218?host=hh.ru,['Курьер'],150000.0,,RUR,False
742,115080086,Водитель-курьер на личном автомобиле (доставка мелких посылок),https://api.hh.ru/vacancies/115080086?host=hh.ru,['Водитель'],172000.0,263000.0,RUR,True
743,115970893,"Водитель-курьер на автомобиле компании ""Делимобиль""",https://api.hh.ru/vacancies/115970893?host=hh.ru,['Курьер'],120000.0,,RUR,True
744,115926594,Водитель-курьер по доставке косметики/товаров на личном автомобиле,https://api.hh.ru/vacancies/115926594?host=hh.ru,['Курьер'],162000.0,234000.0,RUR,True
745,101267219,Водитель-курьер (Москва и Московская область),https://api.hh.ru/vacancies/101267219?host=hh.ru,['Водитель'],155000.0,258000.0,RUR,True
746,101442602,Водитель-курьер,https://api.hh.ru/vacancies/101442602?host=hh.ru,['Курьер'],,279000.0,RUR,False
747,115689661,Курьер в доставку,https://api.hh.ru/vacancies/115689661?host=hh.ru,['Курьер'],,130000.0,RUR,False
748,115777677,Курьер для Банка с оплатой за каждую доставку,https://api.hh.ru/vacancies/115777677?host=hh.ru,['Курьер'],100000.0,120000.0,RUR,False
749,106723491,Пеший курьер в Ozon fresh ( Москва Сити),https://api.hh.ru/vacancies/106723491?host=hh.ru,['Курьер'],125000.0,250000.0,RUR,True
750,111611050,Курьер,https://api.hh.ru/vacancies/111611050?host=hh.ru,['Курьер'],90000.0,150000.0,RUR,False
751,111954039,Курьер,https://api.hh.ru/vacancies/111954039?host=hh.ru,['Курьер'],130000.0,180000.0,RUR,False
752,115493003,Водитель-курьер,https://api.hh.ru/vacancies/115493003?host=hh.ru,['Курьер'],171500.0,210500.0,RUR,False
753,115775782,Курьер в доставку,https://api.hh.ru/vacancies/115775782?host=hh.ru,['Курьер'],,120000.0,RUR,False
754,106964797,Курьер (Москва и Московская область),https://api.hh.ru/vacancies/106964797?host=hh.ru,['Курьер'],155000.0,258000.0,RUR,True
755,115670680,Пеший Курьер/Велокурьер,https://api.hh.ru/vacancies/115670680?host=hh.ru,['Курьер'],127000.0,150000.0,RUR,False
756,115751061,Водитель-курьер,https://api.hh.ru/vacancies/115751061?host=hh.ru,['Водитель'],80000.0,87000.0,RUR,False
757,115905769,"Водитель-курьер на личном автомобиле (ТЦ ""КОЛУМБУС"")",https://api.hh.ru/vacancies/115905769?host=hh.ru,['Курьер'],55000.0,,RUR,True
758,114576429,Курьер на электровелосипеде,https://api.hh.ru/vacancies/114576429?host=hh.ru,['Курьер'],140000.0,180000.0,RUR,False
759,115409125,Курьер в доставку,https://api.hh.ru/vacancies/115409125?host=hh.ru,['Курьер'],120000.0,137900.0,RUR,False
760,115663622,Водитель-Курьер с личным автомобилем,https://api.hh.ru/vacancies/115663622?host=hh.ru,['Курьер'],140000.0,219000.0,RUR,False
761,115948215,Пеший курьер/Велокурьер в доставку,https://api.hh.ru/vacancies/115948215?host=hh.ru,['Курьер'],100000.0,226000.0,RUR,False
762,114684776,Пеший курьер,https://api.hh.ru/vacancies/114684776?host=hh.ru,['Курьер'],188600.0,235600.0,RUR,True
763,115259625,Курьер Академии / Младший специалист в отдел КДП,https://api.hh.ru/vacancies/115259625?host=hh.ru,['Специалист по кадрам'],46859.0,46859.0,RUR,True
764,115612038,Пеший курьер (экспресс-доставка),https://api.hh.ru/vacancies/115612038?host=hh.ru,['Курьер'],54000.0,,RUR,False
765,93354518,Водитель-курьер (Москва и Московская область),https://api.hh.ru/vacancies/93354518?host=hh.ru,['Водитель'],155000.0,258000.0,RUR,True
766,115073973,Курьер в интернет-магазин,https://api.hh.ru/vacancies/115073973?host=hh.ru,['Курьер'],150000.0,190000.0,RUR,False
767,115397762,Курьер на электровелосипеде,https://api.hh.ru/vacancies/115397762?host=hh.ru,['Курьер'],80000.0,,RUR,False
768,115400734,Курьер,https://api.hh.ru/vacancies/115400734?host=hh.ru,['Курьер'],120000.0,130000.0,RUR,False
769,114662789,Пеший курьер,https://api.hh.ru/vacancies/114662789?host=hh.ru,['Курьер'],,300160.0,RUR,True
770,114913167,Курьер,https://api.hh.ru/vacancies/114913167?host=hh.ru,['Курьер'],140000.0,180000.0,RUR,False
771,115459111,Курьер (Доставка продуктов),https://api.hh.ru/vacancies/115459111?host=hh.ru,['Курьер'],,207760.0,RUR,False
772,115722801,Водитель-курьер на своем автомобиле,https://api.hh.ru/vacancies/115722801?host=hh.ru,['Курьер'],80000.0,100000.0,RUR,False
773,114315646,Водитель-курьер на личном грузовом автомобиле,https://api.hh.ru/vacancies/114315646?host=hh.ru,['Курьер'],200000.0,,RUR,False
774,115994372,Курьер в доставку Кафе,https://api.hh.ru/vacancies/115994372?host=hh.ru,['Курьер'],106852.0,174260.0,RUR,False
775,106068326,Водитель-курьер (Москва и Московская область),https://api.hh.ru/vacancies/106068326?host=hh.ru,['Курьер'],155000.0,258000.0,RUR,True
776,114689506,Пеший курьер,https://api.hh.ru/vacancies/114689506?host=hh.ru,['Курьер'],188600.0,235600.0,RUR,True
777,112489349,Водитель-курьер (м. Цветной бульвар),https://api.hh.ru/vacancies/112489349?host=hh.ru,['Курьер'],110000.0,,RUR,False
778,113153580,Водитель-курьер в интернет магазин,https://api.hh.ru/vacancies/113153580?host=hh.ru,['Курьер'],115000.0,130000.0,RUR,True
779,114578027,Курьер (пеший),https://api.hh.ru/vacancies/114578027?host=hh.ru,['Курьер'],,50000.0,RUR,False
780,115436438,Курьер на доставку продукции,https://api.hh.ru/vacancies/115436438?host=hh.ru,['Курьер'],233660.0,260970.0,RUR,True
781,113027605,Курьер,https://api.hh.ru/vacancies/113027605?host=hh.ru,['Курьер'],90000.0,90000.0,RUR,False
782,115897649,Курьер дополнительный доход,https://api.hh.ru/vacancies/115897649?host=hh.ru,['Курьер'],,125000.0,RUR,False
783,93354520,Водитель-курьер (Москва и Московская область),https://api.hh.ru/vacancies/93354520?host=hh.ru,['Водитель'],155000.0,258000.0,RUR,True
784,114478182,Пеший курьер,https://api.hh.ru/vacancies/114478182?host=hh.ru,['Курьер'],188600.0,235600.0,RUR,True
785,108597074,Водитель-курьер с личным автомобилем (м. Первомайская),https://api.hh.ru/vacancies/108597074?host=hh.ru,['Курьер'],100000.0,150000.0,RUR,False
786,106068343,Водитель-курьер (Москва и Московская область),https://api.hh.ru/vacancies/106068343?host=hh.ru,['Курьер'],155000.0,258000.0,RUR,True
787,114666170,Курьер на доставку подарков,https://api.hh.ru/vacancies/114666170?host=hh.ru,['Курьер'],,201380.0,RUR,False
788,115817623,Курьер,https://api.hh.ru/vacancies/115817623?host=hh.ru,['Курьер'],120000.0,132900.0,RUR,False
789,114677344,Курьер,https://api.hh.ru/vacancies/114677344?host=hh.ru,['Курьер'],123750.0,,RUR,False
790,107116846,Водитель-курьер с личным автомобилем,https://api.hh.ru/vacancies/107116846?host=hh.ru,['Водитель'],105000.0,,RUR,False
791,106068311,Водитель-курьер (Москва и Московская область),https://api.hh.ru/vacancies/106068311?host=hh.ru,['Курьер'],155000.0,258000.0,RUR,True
792,115503740,Курьер на склад,https://api.hh.ru/vacancies/115503740?host=hh.ru,['Курьер'],150000.0,180000.0,RUR,False
793,106068209,Водитель-курьер (Москва и Московская область),https://api.hh.ru/vacancies/106068209?host=hh.ru,['Курьер'],155000.0,258000.0,RUR,True
794,114478331,Курьер партнера Яндекс Еда,https://api.hh.ru/vacancies/114478331?host=hh.ru,['Курьер'],115000.0,,RUR,True
795,114559470,Курьер по доставке документов,https://api.hh.ru/vacancies/114559470?host=hh.ru,['Курьер'],45000.0,45000.0,RUR,False
796,114579880,Пеший курьер,https://api.hh.ru/vacancies/114579880?host=hh.ru,['Курьер'],195100.0,258000.0,RUR,False
797,115129250,Водитель-курьер на личном автомобиле (15 паллет) ЦФО,https://api.hh.ru/vacancies/115129250?host=hh.ru,['Курьер'],200000.0,,RUR,False
798,115486666,Водитель-курьер-экспресс на личном автомобиле,https://api.hh.ru/vacancies/115486666?host=hh.ru,['Другое'],171500.0,210500.0,RUR,False
799,115822680,Велокурьер/ курьер на электровелосипеде,https://api.hh.ru/vacancies/115822680?host=hh.ru,['Курьер'],140000.0,,RUR,False
800,114938702,Пеший курьер/Велокурьер,https://api.hh.ru/vacancies/114938702?host=hh.ru,['Курьер'],200000.0,400000.0,RUR,False
801,114985235,Курьер в Лавку,https://api.hh.ru/vacancies/114985235?host=hh.ru,['Курьер'],,210000.0,RUR,False
802,115130420,Водитель - курьер на автомобиль компании Ford Transit,https://api.hh.ru/vacancies/115130420?host=hh.ru,['Водитель'],,195200.0,RUR,False
803,108863490,Курьер (в г. Москве),https://api.hh.ru/vacancies/108863490?host=hh.ru,['Курьер'],150000.0,200000.0,RUR,False
804,113109706,Водитель-курьер по ПВЗ,https://api.hh.ru/vacancies/113109706?host=hh.ru,['Курьер'],72000.0,,RUR,False
805,115524340,Курьер ( цветы ),https://api.hh.ru/vacancies/115524340?host=hh.ru,['Курьер'],105000.0,125000.0,RUR,False
806,115984970,"Курьер с ежедневной оплатой в доставку Кафе, можно как подработка (легкие заказы 2-3 кг)",https://api.hh.ru/vacancies/115984970?host=hh.ru,['Курьер'],106852.0,174260.0,RUR,False
807,106964976,Курьер (Москва и Московская область),https://api.hh.ru/vacancies/106964976?host=hh.ru,['Курьер'],155000.0,258000.0,RUR,True
808,102610064,Пеший курьер в Ozon Fresh,https://api.hh.ru/vacancies/102610064?host=hh.ru,['Курьер'],125000.0,250000.0,RUR,True
809,106624253,Пеший курьер в Ozon Fresh (м. Беломорская),https://api.hh.ru/vacancies/106624253?host=hh.ru,['Курьер'],125000.0,250000.0,RUR,True
810,115058093,Пеший курьер на доставку интернет-заказов,https://api.hh.ru/vacancies/115058093?host=hh.ru,['Курьер'],110000.0,170000.0,RUR,True
811,115905887,Курьер/Велокурьер,https://api.hh.ru/vacancies/115905887?host=hh.ru,['Курьер'],,141000.0,RUR,False
812,106068332,Водитель-курьер (Москва и Московская область),https://api.hh.ru/vacancies/106068332?host=hh.ru,['Курьер'],155000.0,258000.0,RUR,True
813,115674810,Курьер в интернет-магазин,https://api.hh.ru/vacancies/115674810?host=hh.ru,['Курьер'],152000.0,200000.0,RUR,False
814,115782611,Курьер,https://api.hh.ru/vacancies/115782611?host=hh.ru,['Курьер'],95324.0,146329.0,RUR,False
815,93518096,Курьер (Москва и МО),https://api.hh.ru/vacancies/93518096?host=hh.ru,['Курьер'],155000.0,258000.0,RUR,True
816,114964385,Курьер пеший,https://api.hh.ru/vacancies/114964385?host=hh.ru,['Курьер'],195100.0,258000.0,RUR,False
817,115500689,Водитель-курьер на личном автомобиле,https://api.hh.ru/vacancies/115500689?host=hh.ru,['Курьер'],160000.0,,RUR,False
818,111629809,Курьер,https://api.hh.ru/vacancies/111629809?host=hh.ru,['Курьер'],140000.0,170000.0,RUR,False
819,115717296,Курьер-пеший на подработку рядом с домом,https://api.hh.ru/vacancies/115717296?host=hh.ru,['Курьер'],,215000.0,RUR,True
820,115780368,Курьер с моментальными выплатами — работа без доставки еды,https://api.hh.ru/vacancies/115780368?host=hh.ru,['Курьер'],,215000.0,RUR,True
821,115350749,Пеший курьер в банк (доставка документов),https://api.hh.ru/vacancies/115350749?host=hh.ru,['Другое'],130000.0,175000.0,RUR,True
822,109969467,"Водитель-курьер на личном автомобиле (ТЦ ""Народного ополчения"")",https://api.hh.ru/vacancies/109969467?host=hh.ru,['Курьер'],110000.0,,RUR,True
823,114600146,Курьер,https://api.hh.ru/vacancies/114600146?host=hh.ru,['Курьер'],,60000.0,RUR,True
824,114946918,Курьер в доставку продуктов,https://api.hh.ru/vacancies/114946918?host=hh.ru,['Курьер'],127000.0,150000.0,RUR,False
825,115107227,Курьер,https://api.hh.ru/vacancies/115107227?host=hh.ru,['Курьер'],,228900.0,RUR,False
826,115991882,Водитель-курьер на личном автомобиле,https://api.hh.ru/vacancies/115991882?host=hh.ru,['Курьер'],160000.0,,RUR,False
827,107192023,Курьер в Ozon Fresh (Речной вокзал),https://api.hh.ru/vacancies/107192023?host=hh.ru,['Курьер'],125000.0,250000.0,RUR,True
828,114691259,Пеший курьер,https://api.hh.ru/vacancies/114691259?host=hh.ru,['Курьер'],80000.0,189000.0,RUR,False
829,115785826,Водитель-курьер на личном автомобиле,https://api.hh.ru/vacancies/115785826?host=hh.ru,['Курьер'],160000.0,220000.0,RUR,False
830,102362770,Курьер,https://api.hh.ru/vacancies/102362770?host=hh.ru,['Курьер'],119280.0,,RUR,False
831,115259152,Техник-курьер проектного отдела,https://api.hh.ru/vacancies/115259152?host=hh.ru,['Курьер'],60000.0,,RUR,True
832,110222006,Пеший курьер,https://api.hh.ru/vacancies/110222006?host=hh.ru,['Курьер'],125000.0,187500.0,RUR,False
833,114559274,Курьер,https://api.hh.ru/vacancies/114559274?host=hh.ru,['Курьер'],137000.0,150000.0,RUR,False
834,114958914,Водитель-курьер,https://api.hh.ru/vacancies/114958914?host=hh.ru,['Водитель'],243600.0,276400.0,RUR,False
835,115717105,Курьер в доставку,https://api.hh.ru/vacancies/115717105?host=hh.ru,['Курьер'],,215000.0,RUR,True
836,93518101,Курьер (Москва и МО),https://api.hh.ru/vacancies/93518101?host=hh.ru,['Курьер'],155000.0,258000.0,RUR,True
837,115372579,Курьер,https://api.hh.ru/vacancies/115372579?host=hh.ru,['Курьер'],127000.0,150000.0,RUR,False
838,115775690,Курьер на велосипеде,https://api.hh.ru/vacancies/115775690?host=hh.ru,['Курьер'],60000.0,176000.0,RUR,False
839,115958313,Велокурьер / Курьер на велосипеде,https://api.hh.ru/vacancies/115958313?host=hh.ru,['Курьер'],165000.0,,RUR,False
840,115984436,"Водитель-курьер на автомобиле компании ""Делимобиль""",https://api.hh.ru/vacancies/115984436?host=hh.ru,['Курьер'],120000.0,,RUR,True
841,115586068,Пеший Курьер/Велокурьер в доставку самокат,https://api.hh.ru/vacancies/115586068?host=hh.ru,['Курьер'],127000.0,150000.0,RUR,False
842,104064513,Курьер,https://api.hh.ru/vacancies/104064513?host=hh.ru,['Курьер'],45000.0,45000.0,RUR,True
843,112443107,Автокурьер на личном автомобиле / Водитель-Курьер мобильный.,https://api.hh.ru/vacancies/112443107?host=hh.ru,['Курьер'],170000.0,,RUR,False
844,114478180,Пеший курьер,https://api.hh.ru/vacancies/114478180?host=hh.ru,['Курьер'],188600.0,235600.0,RUR,True
845,115073552,Курьер,https://api.hh.ru/vacancies/115073552?host=hh.ru,['Курьер'],94122.0,133245.0,RUR,False
846,72944061,Водитель-курьер на автомобиле компании,https://api.hh.ru/vacancies/72944061?host=hh.ru,['Курьер'],,140000.0,RUR,True
847,115399978,Курьер на электровелосипеде (м. Смоленская),https://api.hh.ru/vacancies/115399978?host=hh.ru,['Курьер'],95000.0,,RUR,False
848,109752313,"Водитель-Курьер на личном автомобиле в ресторан ""FRANK by БАСТА"" (м. ВДНХ)",https://api.hh.ru/vacancies/109752313?host=hh.ru,['Курьер'],,130000.0,RUR,False
849,111877332,Курьер в своем районе,https://api.hh.ru/vacancies/111877332?host=hh.ru,['Курьер'],,207760.0,RUR,False
850,113851139,Курьер отдела делопроизводства,https://api.hh.ru/vacancies/113851139?host=hh.ru,['Курьер'],70000.0,70000.0,RUR,False
851,114841064,Велокурьер/курьер на электровелосипеде,https://api.hh.ru/vacancies/114841064?host=hh.ru,['Курьер'],160000.0,,RUR,False
852,115268298,"Водитель-курьер в Додо Пиццу, Западное Бирюлево",https://api.hh.ru/vacancies/115268298?host=hh.ru,['Курьер'],,160000.0,RUR,True
853,114995644,Курьер-водитель на автомобиле маркетплейса,https://api.hh.ru/vacancies/114995644?host=hh.ru,['Курьер'],143800.0,,RUR,True
854,115402314,Водитель-курьер выходного дня на личном автомобиле (м. Планерная),https://api.hh.ru/vacancies/115402314?host=hh.ru,['Курьер'],30000.0,,RUR,True
855,93518105,Курьер (Москва и МО),https://api.hh.ru/vacancies/93518105?host=hh.ru,['Курьер'],155000.0,258000.0,RUR,True
856,108427411,Пеший курьер в Ozon fresh (Москва Сити),https://api.hh.ru/vacancies/108427411?host=hh.ru,['Курьер'],125000.0,250000.0,RUR,True
857,114575810,Курьер,https://api.hh.ru/vacancies/114575810?host=hh.ru,['Разнорабочий'],135000.0,170000.0,RUR,False
858,115082737,Водитель-курьер на личном автомобиле (доставка мелких посылок),https://api.hh.ru/vacancies/115082737?host=hh.ru,['Водитель'],200000.0,350000.0,RUR,False
859,115912029,Курьер на электровелосипеде (м. Комсомольская),https://api.hh.ru/vacancies/115912029?host=hh.ru,['Курьер'],80000.0,,RUR,False
860,101267196,Водитель-курьер (Москва и Московская область),https://api.hh.ru/vacancies/101267196?host=hh.ru,['Водитель'],155000.0,258000.0,RUR,True
861,114952159,Водитель-курьер,https://api.hh.ru/vacancies/114952159?host=hh.ru,['Водитель'],243600.0,276400.0,RUR,False
862,101259660,Курьер (м. Строгино),https://api.hh.ru/vacancies/101259660?host=hh.ru,['Курьер'],125000.0,250000.0,RUR,True
863,109052951,"Водитель курьер в премиальный сервис доставки, (ЮЗАО)",https://api.hh.ru/vacancies/109052951?host=hh.ru,['Курьер'],120000.0,220000.0,RUR,False
864,115779565,"Водитель-курьер с личным автомобилем (минивэн, фургон, цельнометаллический)",https://api.hh.ru/vacancies/115779565?host=hh.ru,['Курьер'],150000.0,,RUR,False
865,115717565,Курьер на велосипеде компании,https://api.hh.ru/vacancies/115717565?host=hh.ru,['Курьер'],,240000.0,RUR,False
866,106068328,Водитель-курьер (Москва и Московская область),https://api.hh.ru/vacancies/106068328?host=hh.ru,['Курьер'],155000.0,258000.0,RUR,True
867,106964922,Курьер (Москва и Московская область),https://api.hh.ru/vacancies/106964922?host=hh.ru,['Курьер'],155000.0,258000.0,RUR,True
868,109553303,Курьер на электровелосипеде (м. Менделеевская),https://api.hh.ru/vacancies/109553303?host=hh.ru,['Курьер'],110000.0,150000.0,RUR,False
869,115860001,"Водитель-курьер на автомобиле компании ""Делимобиль""",https://api.hh.ru/vacancies/115860001?host=hh.ru,['Курьер'],120000.0,,RUR,True
870,103729085,Курьер на электровело в Ozon fresh (Москва Сити),https://api.hh.ru/vacancies/103729085?host=hh.ru,['Курьер'],125000.0,250000.0,RUR,True
871,115084708,Водитель-курьер,https://api.hh.ru/vacancies/115084708?host=hh.ru,['Водитель'],243600.0,276400.0,RUR,False
872,115893934,Курьер в доставку,https://api.hh.ru/vacancies/115893934?host=hh.ru,['Курьер'],141900.0,160000.0,RUR,False
873,115948045,Велокурьер / Курьер на велосипеде,https://api.hh.ru/vacancies/115948045?host=hh.ru,['Курьер'],165000.0,,RUR,False
874,106068256,Водитель-курьер (Москва и Московская область),https://api.hh.ru/vacancies/106068256?host=hh.ru,['Курьер'],155000.0,258000.0,RUR,True
875,115883233,Курьер - доставка одежды/косметики,https://api.hh.ru/vacancies/115883233?host=hh.ru,['Курьер'],,228600.0,RUR,False
876,115701789,Курьер,https://api.hh.ru/vacancies/115701789?host=hh.ru,['Курьер'],125000.0,138000.0,RUR,False
877,114828715,Курьер,https://api.hh.ru/vacancies/114828715?host=hh.ru,['Курьер'],92121.0,143599.0,RUR,False
878,115503866,Водитель-курьер,https://api.hh.ru/vacancies/115503866?host=hh.ru,['Курьер'],,279000.0,RUR,False
879,115695406,Курьер,https://api.hh.ru/vacancies/115695406?host=hh.ru,['Курьер'],100000.0,120000.0,RUR,False
880,115853093,Курьер для доставки легких заказов,https://api.hh.ru/vacancies/115853093?host=hh.ru,['Курьер'],,281780.0,RUR,False
881,106727538,Пеший курьер в Ozon fresh (ТЦ Грин),https://api.hh.ru/vacancies/106727538?host=hh.ru,['Курьер'],125000.0,250000.0,RUR,True
882,114478174,Пеший курьер,https://api.hh.ru/vacancies/114478174?host=hh.ru,['Курьер'],188600.0,235600.0,RUR,True
883,115371335,Курьер рядом с домом,https://api.hh.ru/vacancies/115371335?host=hh.ru,['Курьер'],,207760.0,RUR,False
884,111738879,Курьер / фотограф - помощник оценщика,https://api.hh.ru/vacancies/111738879?host=hh.ru,['Курьер'],35000.0,52000.0,RUR,False
885,114841019,Пеший курьер,https://api.hh.ru/vacancies/114841019?host=hh.ru,['Курьер'],195100.0,258000.0,RUR,False
886,114921076,Курьер,https://api.hh.ru/vacancies/114921076?host=hh.ru,['Курьер'],,135000.0,RUR,False
887,115394884,Курьер (доставка),https://api.hh.ru/vacancies/115394884?host=hh.ru,['Курьер'],,177600.0,RUR,False
888,115683257,Курьер,https://api.hh.ru/vacancies/115683257?host=hh.ru,['Курьер'],,120000.0,RUR,False
889,115782712,Курьер,https://api.hh.ru/vacancies/115782712?host=hh.ru,['Курьер'],95242.0,148535.0,RUR,False
890,107014261,Пеший курьер / велокурьер в Озон фреш (р-н Бирюлево Западное),https://api.hh.ru/vacancies/107014261?host=hh.ru,['Курьер'],125000.0,250000.0,RUR,True
891,115431744,Курьер пеший/курьер на электровелосипеде,https://api.hh.ru/vacancies/115431744?host=hh.ru,['Курьер'],,124000.0,RUR,False
892,115781623,Лёгкая работа курьером — заказы из аптек и магазинов,https://api.hh.ru/vacancies/115781623?host=hh.ru,['Курьер'],,220000.0,RUR,True
893,115766629,Велокурьер/пеший курьер,https://api.hh.ru/vacancies/115766629?host=hh.ru,['Курьер'],80000.0,189000.0,RUR,False
894,108430248,Пеший курьер в Ozon fresh (Молодежная),https://api.hh.ru/vacancies/108430248?host=hh.ru,['Курьер'],125000.0,250000.0,RUR,True
895,115679332,"Водитель-курьер с личным автомобилем, ГМ ""Метро"" (м. Озёрная)",https://api.hh.ru/vacancies/115679332?host=hh.ru,['Курьер'],117600.0,147000.0,RUR,False
896,115782663,Курьер,https://api.hh.ru/vacancies/115782663?host=hh.ru,['Курьер'],95241.0,148535.0,RUR,False
897,115984723,"Курьер с ежедневной оплатой в доставку Кафе, можно как подработка (легкие заказы 2-3 кг)",https://api.hh.ru/vacancies/115984723?host=hh.ru,['Курьер'],106852.0,174260.0,RUR,False
898,99239644,Пеший курьер в Озон фреш (м. Парк Победы),https://api.hh.ru/vacancies/99239644?host=hh.ru,['Курьер'],125000.0,250000.0,RUR,True
899,115935077,Автокурьер на автомобиле / Водитель-курьер (Доставка),https://api.hh.ru/vacancies/115935077?host=hh.ru,['Курьер'],170000.0,,RUR,False
900,108803900,Ночной водитель-курьер на личном автомобиле в Озон фреш (г. Подольск),https://api.hh.ru/vacancies/108803900?host=hh.ru,['Курьер'],150000.0,270000.0,RUR,True
901,115701704,"Водитель-курьер на автомобиле компании ""Делимобиль""",https://api.hh.ru/vacancies/115701704?host=hh.ru,['Курьер'],120000.0,,RUR,True
902,114813532,Курьер в доставку,https://api.hh.ru/vacancies/114813532?host=hh.ru,['Курьер'],150000.0,180000.0,RUR,False
903,114947488,Курьер / Велокурьер,https://api.hh.ru/vacancies/114947488?host=hh.ru,['Курьер'],140000.0,180000.0,RUR,False
904,106068373,Водитель-курьер (Москва и Московская область),https://api.hh.ru/vacancies/106068373?host=hh.ru,['Курьер'],155000.0,258000.0,RUR,True
905,106726926,Курьер на электровелосипеде в Ozon fresh (Молодежная),https://api.hh.ru/vacancies/106726926?host=hh.ru,['Курьер'],125000.0,250000.0,RUR,True
906,115392685,Курьер (доставка),https://api.hh.ru/vacancies/115392685?host=hh.ru,['Курьер'],,177600.0,RUR,False
907,115882126,Водитель-курьер на своем автомобиле (Метро Войковская),https://api.hh.ru/vacancies/115882126?host=hh.ru,['Курьер'],110000.0,200000.0,RUR,False
908,104439380,Курьер на электровелосипеде в Ozon fresh,https://api.hh.ru/vacancies/104439380?host=hh.ru,['Курьер'],125000.0,250000.0,RUR,True
909,106726928,Пеший курьер в Ozon fresh (Молодежная),https://api.hh.ru/vacancies/106726928?host=hh.ru,['Курьер'],125000.0,250000.0,RUR,True
910,106068341,Водитель-курьер (Москва и Московская область),https://api.hh.ru/vacancies/106068341?host=hh.ru,['Курьер'],155000.0,258000.0,RUR,True
911,114939596,Курьер 800-1200р/час (свободный график и ежедневная оплата),https://api.hh.ru/vacancies/114939596?host=hh.ru,['Курьер'],180000.0,230000.0,RUR,False
912,115611801,Курьер в доставку,https://api.hh.ru/vacancies/115611801?host=hh.ru,['Курьер'],115000.0,140000.0,RUR,False
913,114671187,Водитель-курьер в Додо Пиццу (МЦД Люблино),https://api.hh.ru/vacancies/114671187?host=hh.ru,['Курьер'],,160000.0,RUR,True
914,114943904,Курьер,https://api.hh.ru/vacancies/114943904?host=hh.ru,['Курьер'],80000.0,150000.0,RUR,False
915,81038469,"Курьер на велосипеде (Городская ул., 8, Москва)",https://api.hh.ru/vacancies/81038469?host=hh.ru,['Курьер'],110000.0,,RUR,False
916,106964979,Курьер (Москва и Московская область),https://api.hh.ru/vacancies/106964979?host=hh.ru,['Курьер'],155000.0,258000.0,RUR,True
917,108431265,Курьер в Ozon Fresh (Речной вокзал),https://api.hh.ru/vacancies/108431265?host=hh.ru,['Курьер'],125000.0,250000.0,RUR,True
918,111413013,Курьер Яндекс,https://api.hh.ru/vacancies/111413013?host=hh.ru,['Курьер'],134300.0,168200.0,RUR,True
919,111769416,Пеший курьер в Ozon fresh (м.Крылатское),https://api.hh.ru/vacancies/111769416?host=hh.ru,['Курьер'],125000.0,250000.0,RUR,True
920,108249923,Водитель-курьер на автомобиль компании (Владыкино),https://api.hh.ru/vacancies/108249923?host=hh.ru,['Водитель'],90000.0,,RUR,False
921,115095379,Курьер,https://api.hh.ru/vacancies/115095379?host=hh.ru,['Курьер'],,237850.0,RUR,False
922,115988765,Водитель-курьер по доставке косметики/товаров на личном автомобиле,https://api.hh.ru/vacancies/115988765?host=hh.ru,['Курьер'],204000.0,232000.0,RUR,True
923,92254795,Пеший курьер в Озон (м. Коньково),https://api.hh.ru/vacancies/92254795?host=hh.ru,['Курьер'],125000.0,250000.0,RUR,True
924,115886049,Пеший курьер\Велокурьер в Купер,https://api.hh.ru/vacancies/115886049?host=hh.ru,['Курьер'],187600.0,226100.0,RUR,False
925,91322552,Водитель-курьер на личном автомобиле,https://api.hh.ru/vacancies/91322552?host=hh.ru,['Водитель'],131000.0,190000.0,RUR,False
926,105380333,Курьер по доставке телеграмм,https://api.hh.ru/vacancies/105380333?host=hh.ru,['Другое'],,36000.0,RUR,True
927,114949881,Курьер,https://api.hh.ru/vacancies/114949881?host=hh.ru,['Курьер'],140000.0,170000.0,RUR,False
928,115160881,"Водитель-курьер на личном грузовом автомобиле (1,5 тонны)",https://api.hh.ru/vacancies/115160881?host=hh.ru,['Курьер'],160000.0,,RUR,False
929,101267155,Водитель-курьер (Москва и Московская область),https://api.hh.ru/vacancies/101267155?host=hh.ru,['Водитель'],155000.0,258000.0,RUR,True
930,114668482,Курьер в интернет-магазин,https://api.hh.ru/vacancies/114668482?host=hh.ru,['Курьер'],123000.0,165000.0,RUR,False
931,115139612,Водитель-курьер,https://api.hh.ru/vacancies/115139612?host=hh.ru,['Водитель'],243600.0,276400.0,RUR,False
932,115388158,Администратор по логистике курьеров,https://api.hh.ru/vacancies/115388158?host=hh.ru,['Курьер'],75000.0,85000.0,RUR,False
933,98910237,Пеший курьер в Озон фреш (м. Парк Победы),https://api.hh.ru/vacancies/98910237?host=hh.ru,['Курьер'],125000.0,250000.0,RUR,True
934,112786064,"Курьер на велосипеде (Москва, ул. Городская д.8)",https://api.hh.ru/vacancies/112786064?host=hh.ru,['Курьер'],110000.0,,RUR,False
935,115095381,Курьер,https://api.hh.ru/vacancies/115095381?host=hh.ru,['Курьер'],,237850.0,RUR,False
936,115390416,Курьер (доставка),https://api.hh.ru/vacancies/115390416?host=hh.ru,['Курьер'],,177600.0,RUR,True
937,115072222,Курьер пеший,https://api.hh.ru/vacancies/115072222?host=hh.ru,['Курьер'],195100.0,258000.0,RUR,False
938,105854041,Курьер / велокурьер по доставке продуктов,https://api.hh.ru/vacancies/105854041?host=hh.ru,['Курьер'],,231000.0,RUR,False
939,114483181,Курьер пеший,https://api.hh.ru/vacancies/114483181?host=hh.ru,['Курьер'],195100.0,258000.0,RUR,False
940,106964934,Курьер (Москва и Московская область),https://api.hh.ru/vacancies/106964934?host=hh.ru,['Курьер'],155000.0,258000.0,RUR,True
941,114958919,Пеший Курьер,https://api.hh.ru/vacancies/114958919?host=hh.ru,['Курьер'],195100.0,258000.0,RUR,False
942,115763037,"Водитель-курьер на автомобиле компании ""Делимобиль""",https://api.hh.ru/vacancies/115763037?host=hh.ru,['Курьер'],120000.0,,RUR,True
943,115794625,Водитель - курьер (ст. метро Фили),https://api.hh.ru/vacancies/115794625?host=hh.ru,['Курьер'],150000.0,,RUR,True
944,115853076,Курьер в службу доставки,https://api.hh.ru/vacancies/115853076?host=hh.ru,['Курьер'],,152000.0,RUR,False
945,102610067,Курьер на самокате в Ozon Fresh,https://api.hh.ru/vacancies/102610067?host=hh.ru,['Курьер'],125000.0,250000.0,RUR,True
946,115095389,Курьер,https://api.hh.ru/vacancies/115095389?host=hh.ru,['Курьер'],,237850.0,RUR,False
947,106068335,Водитель-курьер (Москва и Московская область),https://api.hh.ru/vacancies/106068335?host=hh.ru,['Курьер'],155000.0,258000.0,RUR,True
948,103629393,Курьер,https://api.hh.ru/vacancies/103629393?host=hh.ru,['Курьер'],,185000.0,RUR,False
949,111790114,Ночной водитель-курьер на корпоративном автомобиле в Озон фреш (м. Каширская),https://api.hh.ru/vacancies/111790114?host=hh.ru,['Курьер'],135000.0,240000.0,RUR,True
950,115907322,Курьер в Самокат,https://api.hh.ru/vacancies/115907322?host=hh.ru,['Курьер'],,189000.0,RUR,True
951,107676213,Представитель банка/Выездной агент (курьер) по доставке банковских карт,https://api.hh.ru/vacancies/107676213?host=hh.ru,['Курьер'],110000.0,,RUR,False
952,113004052,"Ночной курьер на велосипеде (Москва, наб. Павелецкая, дом 2 стр. 18)",https://api.hh.ru/vacancies/113004052?host=hh.ru,['Курьер'],100000.0,,RUR,False
953,106068339,Водитель-курьер (Москва и Московская область),https://api.hh.ru/vacancies/106068339?host=hh.ru,['Курьер'],155000.0,258000.0,RUR,True
954,106964790,Курьер (Москва и Московская область),https://api.hh.ru/vacancies/106964790?host=hh.ru,['Курьер'],155000.0,258000.0,RUR,True
955,111866404,Водитель-курьер на своем автомобиле,https://api.hh.ru/vacancies/111866404?host=hh.ru,['Другое'],140000.0,,RUR,True
956,115084734,Водитель-курьер,https://api.hh.ru/vacancies/115084734?host=hh.ru,['Водитель'],243600.0,276400.0,RUR,False
957,115441330,Водитель-курьер в Додо Пиццу (Новопеределкино),https://api.hh.ru/vacancies/115441330?host=hh.ru,['Курьер'],,160000.0,RUR,True
958,106963566,Курьер (Москва и Московская область),https://api.hh.ru/vacancies/106963566?host=hh.ru,['Курьер'],155000.0,258000.0,RUR,True
959,106068329,Водитель-курьер (Москва и Московская область),https://api.hh.ru/vacancies/106068329?host=hh.ru,['Курьер'],155000.0,258000.0,RUR,True
960,111700455,"Курьер на велосипеде (Москва, ул. 1-я Измайловского Зверинца, д. 8)",https://api.hh.ru/vacancies/111700455?host=hh.ru,['Курьер'],120000.0,,RUR,False
961,115058354,"Аккуратный курьер it компании. Бонус 10,000 рублей каждому!",https://api.hh.ru/vacancies/115058354?host=hh.ru,['Другое'],95470.0,181910.0,RUR,False
962,115695405,Курьер на велосипеде,https://api.hh.ru/vacancies/115695405?host=hh.ru,['Курьер'],120000.0,140000.0,RUR,False
963,115764496,Курьер,https://api.hh.ru/vacancies/115764496?host=hh.ru,['Курьер'],,130000.0,RUR,False
964,115897898,Курьер дополнительный доход,https://api.hh.ru/vacancies/115897898?host=hh.ru,['Курьер'],,125000.0,RUR,False
965,114506304,Пеший курьер,https://api.hh.ru/vacancies/114506304?host=hh.ru,['Курьер'],188600.0,235600.0,RUR,True
966,115246935,Водитель - курьер на личном автомобиле,https://api.hh.ru/vacancies/115246935?host=hh.ru,['Водитель'],50000.0,80000.0,RUR,False
967,114670959,Курьер на велосипеде,https://api.hh.ru/vacancies/114670959?host=hh.ru,['Курьер'],,130000.0,RUR,False
968,115891967,Велокурьер / Курьер на электровелосипеде в сервис премиальной доставки,https://api.hh.ru/vacancies/115891967?host=hh.ru,['Курьер'],120000.0,220000.0,RUR,False
969,106964917,Курьер (Москва и Московская область),https://api.hh.ru/vacancies/106964917?host=hh.ru,['Курьер'],155000.0,258000.0,RUR,True
970,115993283,Курьер,https://api.hh.ru/vacancies/115993283?host=hh.ru,['Курьер'],125600.0,,RUR,False
971,106964968,Курьер (Москва и Московская область),https://api.hh.ru/vacancies/106964968?host=hh.ru,['Курьер'],155000.0,258000.0,RUR,True
972,114618935,Водитель-Курьер на автомобиль компании (доставка онлайн-заказов),https://api.hh.ru/vacancies/114618935?host=hh.ru,['Курьер'],258000.0,,RUR,True
973,115013371,Курьер пеший,https://api.hh.ru/vacancies/115013371?host=hh.ru,['Курьер'],195100.0,258000.0,RUR,False
974,115984566,"Курьер в доставку Кафе, ежедневная оплата (подработка, без графика)",https://api.hh.ru/vacancies/115984566?host=hh.ru,['Курьер'],106852.0,174260.0,RUR,False
975,115668712,Курьер,https://api.hh.ru/vacancies/115668712?host=hh.ru,['Курьер'],140000.0,154000.0,RUR,False
976,115764497,Курьер,https://api.hh.ru/vacancies/115764497?host=hh.ru,['Курьер'],,151000.0,RUR,False
977,114921372,Курьер доставки продуктов (велокурьер/пеший курьер),https://api.hh.ru/vacancies/114921372?host=hh.ru,['Курьер'],163120.0,,RUR,True
978,115913075,Курьер в службу доставки Самокат,https://api.hh.ru/vacancies/115913075?host=hh.ru,['Курьер'],,149000.0,RUR,False
979,103223814,Пеший курьер в Ozon Fresh (Красногорский Бульвар),https://api.hh.ru/vacancies/103223814?host=hh.ru,['Курьер'],125000.0,250000.0,RUR,True
980,106068222,Водитель-курьер (Москва и Московская область),https://api.hh.ru/vacancies/106068222?host=hh.ru,['Курьер'],155000.0,258000.0,RUR,True
981,112773989,"Курьер на велосипеде (Москва, ул. Киевская, д. 27)",https://api.hh.ru/vacancies/112773989?host=hh.ru,['Курьер'],100000.0,,RUR,False
982,115845599,Велокурьер/ курьер на электровелосипеде,https://api.hh.ru/vacancies/115845599?host=hh.ru,['Курьер'],140000.0,,RUR,False
983,114926858,Водитель-курьер на личном автомобиле,https://api.hh.ru/vacancies/114926858?host=hh.ru,['Курьер'],100000.0,162000.0,RUR,False
984,115362358,Водитель-курьер (г.Москва),https://api.hh.ru/vacancies/115362358?host=hh.ru,['Курьер'],,160000.0,RUR,False
985,115617628,Водитель-курьер с личным грузовым автомобилем,https://api.hh.ru/vacancies/115617628?host=hh.ru,['Курьер'],260000.0,,RUR,True
986,106866404,Водитель-курьер,https://api.hh.ru/vacancies/106866404?host=hh.ru,['Водитель'],115000.0,,RUR,False
987,113003783,"Курьер на велосипеде (Москва, наб. Павелецкая, дом 2 стр. 18)",https://api.hh.ru/vacancies/113003783?host=hh.ru,['Курьер'],100000.0,,RUR,False
988,115894971,Курьер на велосипеде,https://api.hh.ru/vacancies/115894971?host=hh.ru,['Курьер'],140000.0,,RUR,False
989,114831610,Курьер,https://api.hh.ru/vacancies/114831610?host=hh.ru,['Курьер'],93291.0,136718.0,RUR,False
990,115442340,Водитель-курьер на корпоративном автомобиле в ресторан (м. Варшавская),https://api.hh.ru/vacancies/115442340?host=hh.ru,['Курьер'],80000.0,110000.0,RUR,True
991,113848069,Курьер,https://api.hh.ru/vacancies/113848069?host=hh.ru,['Курьер'],120000.0,160000.0,RUR,False
992,115050556,"Курьер по вечерам, канцелярии и необычных заказов (выплата каждый день )",https://api.hh.ru/vacancies/115050556?host=hh.ru,['Курьер'],175000.0,198000.0,RUR,False
993,110707343,Водитель-курьер на личном автомобиле в Озон фреш (м. Улица Горчакова),https://api.hh.ru/vacancies/110707343?host=hh.ru,['Курьер'],150000.0,270000.0,RUR,True
994,113153637,Водитель-курьер (на автомобиле компании),https://api.hh.ru/vacancies/113153637?host=hh.ru,['Водитель'],115000.0,130000.0,RUR,True
995,114949502,Водитель-курьер,https://api.hh.ru/vacancies/114949502?host=hh.ru,['Курьер'],,279000.0,RUR,False
996,108562191,Курьер (м. Домодедовская),https://api.hh.ru/vacancies/108562191?host=hh.ru,['Курьер'],125000.0,250000.0,RUR,True
997,112155511,Пеший курьер,https://api.hh.ru/vacancies/112155511?host=hh.ru,['Курьер'],71000.0,,RUR,False
998,114559683,Курьер,https://api.hh.ru/vacancies/114559683?host=hh.ru,['Курьер'],,133000.0,RUR,False
999,115578182,"Водитель-курьер на личном автомобиле в Магнит Доставку (подработка, без комиссии с заказов)",https://api.hh.ru/vacancies/115578182?host=hh.ru,['Водитель'],126137.0,238658.0,RUR,False
1000,115791257,Водитель-курьер на личном автомобиле (м. Академическая),https://api.hh.ru/vacancies/115791257?host=hh.ru,['Курьер'],40000.0,,RUR,True
1001,106964973,Курьер (Москва и Московская область),https://api.hh.ru/vacancies/106964973?host=hh.ru,['Курьер'],155000.0,258000.0,RUR,True
1002,108429503,Пеший курьер в Ozon fresh (Киевская),https://api.hh.ru/vacancies/108429503?host=hh.ru,['Курьер'],125000.0,250000.0,RUR,True
1003,112982555,Водитель-курьер на личном автомобиле (м. Братиславская),https://api.hh.ru/vacancies/112982555?host=hh.ru,['Курьер'],150000.0,,RUR,True
1004,115605128,Курьер на велосипеде,https://api.hh.ru/vacancies/115605128?host=hh.ru,['Курьер'],114000.0,139800.0,RUR,False
1005,85565705,Пеший курьер в Озон фреш (м. Крымская),https://api.hh.ru/vacancies/85565705?host=hh.ru,['Курьер'],125000.0,250000.0,RUR,True
1006,93354501,Водитель-курьер (Москва и Московская область),https://api.hh.ru/vacancies/93354501?host=hh.ru,['Водитель'],155000.0,258000.0,RUR,True
1007,108429294,Пеший курьер в Ozon fresh (Сходненская),https://api.hh.ru/vacancies/108429294?host=hh.ru,['Курьер'],125000.0,250000.0,RUR,True
1008,111610419,Курьер,https://api.hh.ru/vacancies/111610419?host=hh.ru,['Курьер'],90000.0,150000.0,RUR,False
1009,115351281,Водитель-курьер на своем автомобиле (легкие заказы),https://api.hh.ru/vacancies/115351281?host=hh.ru,['Курьер'],205000.0,,RUR,False
1010,115823180,Велокурьер/ курьер на электровелосипеде,https://api.hh.ru/vacancies/115823180?host=hh.ru,['Курьер'],140000.0,,RUR,False
1011,101267156,Водитель-курьер (Москва и Московская область),https://api.hh.ru/vacancies/101267156?host=hh.ru,['Водитель'],155000.0,258000.0,RUR,True
1012,114478184,Пеший курьер,https://api.hh.ru/vacancies/114478184?host=hh.ru,['Курьер'],188600.0,235600.0,RUR,True
1013,115681699,Водитель-курьер на автомобиль компании Ford Transit,https://api.hh.ru/vacancies/115681699?host=hh.ru,['Водитель'],,195200.0,RUR,False
1014,93518110,Курьер (Москва и МО),https://api.hh.ru/vacancies/93518110?host=hh.ru,['Курьер'],155000.0,258000.0,RUR,True
1015,114938823,Водитель-курьер (категория В) по доставке со склада,https://api.hh.ru/vacancies/114938823?host=hh.ru,['Другое'],130000.0,190000.0,RUR,True
1016,106068282,Водитель-курьер (Москва и Московская область),https://api.hh.ru/vacancies/106068282?host=hh.ru,['Курьер'],155000.0,258000.0,RUR,True
1017,114621876,Курьер-пеший,https://api.hh.ru/vacancies/114621876?host=hh.ru,['Курьер'],195100.0,258000.0,RUR,False
1018,115886398,Пеший курьер / Велокурьер,https://api.hh.ru/vacancies/115886398?host=hh.ru,['Курьер'],187600.0,226100.0,RUR,False
1019,115897196,Курьер,https://api.hh.ru/vacancies/115897196?host=hh.ru,['Курьер'],,163000.0,RUR,False
1020,115954383,Водитель-курьер на личном автомобиле (м. Щелковская),https://api.hh.ru/vacancies/115954383?host=hh.ru,['Курьер'],,170000.0,RUR,False
1021,115130287,"Водитель-курьер на автомобиле компании ""Делимобиль""",https://api.hh.ru/vacancies/115130287?host=hh.ru,['Курьер'],120000.0,,RUR,True
1022,115180786,Пеший курьер по доставке срочных отправлений,https://api.hh.ru/vacancies/115180786?host=hh.ru,['Курьер'],60000.0,,RUR,False
1023,115782797,Курьер,https://api.hh.ru/vacancies/115782797?host=hh.ru,['Курьер'],94212.0,142123.0,RUR,False
1024,104458874,Пеший курьер в Ozon Fresh,https://api.hh.ru/vacancies/104458874?host=hh.ru,['Курьер'],125000.0,250000.0,RUR,True
1025,110234426,Пеший курьер (м. Аэропорт),https://api.hh.ru/vacancies/110234426?host=hh.ru,['Курьер'],125000.0,250000.0,RUR,True
1026,115948048,Пеший курьер ( Яндекс Еда ),https://api.hh.ru/vacancies/115948048?host=hh.ru,['Курьер'],160000.0,197000.0,RUR,False
1027,115984472,Курьер по доставке банковских карт,https://api.hh.ru/vacancies/115984472?host=hh.ru,['Курьер'],100000.0,160000.0,RUR,False
1028,114921079,"Курьер в интернет-магазин, подработка",https://api.hh.ru/vacancies/114921079?host=hh.ru,['Курьер'],226500.0,226500.0,RUR,False
1029,115919810,Курьер на велосипеде (м. Киевская),https://api.hh.ru/vacancies/115919810?host=hh.ru,['Курьер'],100000.0,140000.0,RUR,False
1030,115290735,Курьер Яндекс.Еда,https://api.hh.ru/vacancies/115290735?host=hh.ru,['Курьер'],150000.0,230000.0,RUR,False
1031,111875352,Водитель-курьер на личном автомобиле в Озон фреш (м.Генерала Тюленева),https://api.hh.ru/vacancies/111875352?host=hh.ru,['Курьер'],150000.0,270000.0,RUR,True
1032,114819222,Курьер (Троицк),https://api.hh.ru/vacancies/114819222?host=hh.ru,['Курьер'],140800.0,226500.0,RUR,False
1033,114849638,Пеший курьер,https://api.hh.ru/vacancies/114849638?host=hh.ru,['Курьер'],188600.0,235600.0,RUR,True
1034,115947746,Автокурьер на автомобиле / Водитель-курьер / Доставка,https://api.hh.ru/vacancies/115947746?host=hh.ru,['Курьер'],170000.0,,RUR,False
1035,106068350,Водитель-курьер (Москва и Московская область),https://api.hh.ru/vacancies/106068350?host=hh.ru,['Курьер'],155000.0,258000.0,RUR,True
1036,106964842,Курьер (Москва и Московская область),https://api.hh.ru/vacancies/106964842?host=hh.ru,['Курьер'],155000.0,258000.0,RUR,True
1037,115402562,Водитель-курьер (м. Кунцевская),https://api.hh.ru/vacancies/115402562?host=hh.ru,['Курьер'],105000.0,,RUR,False
1038,105486386,"Курьер на велосипеде (Москва, пер. 4-й Вятский, д. 10)",https://api.hh.ru/vacancies/105486386?host=hh.ru,['Курьер'],100000.0,,RUR,False
1039,106725705,Курьер на электровелосипеде в Ozon fresh (Киевская),https://api.hh.ru/vacancies/106725705?host=hh.ru,['Курьер'],125000.0,250000.0,RUR,True
1040,113300197,"Курьер на велосипеде (Москва, Миклухо-Маклая, №18к2)",https://api.hh.ru/vacancies/113300197?host=hh.ru,['Курьер'],100000.0,,RUR,False
1041,115177403,Автокурьер на автомобиле / Курьер,https://api.hh.ru/vacancies/115177403?host=hh.ru,['Курьер'],170000.0,,RUR,False
1042,104458879,Курьер на самокате в Ozon Fresh,https://api.hh.ru/vacancies/104458879?host=hh.ru,['Курьер'],125000.0,250000.0,RUR,True
1043,106383126,Курьер на электровелосипеде в Озон фреш,https://api.hh.ru/vacancies/106383126?host=hh.ru,['Курьер'],125000.0,250000.0,RUR,True
1044,114788876,Пеший курьер / Велокурьер / Автокурьер,https://api.hh.ru/vacancies/114788876?host=hh.ru,['Курьер'],110000.0,250000.0,RUR,False
1045,106068250,Водитель-курьер (Москва и Московская область),https://api.hh.ru/vacancies/106068250?host=hh.ru,['Курьер'],155000.0,258000.0,RUR,True
1046,115451174,Представитель/водитель-курьер по доставке из аптек на своем автомобиле,https://api.hh.ru/vacancies/115451174?host=hh.ru,['Другое'],150000.0,240000.0,RUR,True
1047,115522649,Водитель-Курьер на своём автомобиле,https://api.hh.ru/vacancies/115522649?host=hh.ru,['Курьер'],,279000.0,RUR,False
1048,115699410,Водитель-курьер,https://api.hh.ru/vacancies/115699410?host=hh.ru,['Водитель'],160000.0,210000.0,RUR,False
1049,106698572,Водитель-курьер в Ozon fresh,https://api.hh.ru/vacancies/106698572?host=hh.ru,['Курьер'],170000.0,240000.0,RUR,True
1050,107285426,Курьер коротких заказов,https://api.hh.ru/vacancies/107285426?host=hh.ru,['Другое'],,207300.0,RUR,True
1051,108236946,Курьер,https://api.hh.ru/vacancies/108236946?host=hh.ru,['Курьер'],70000.0,82000.0,RUR,True
1052,115542958,Курьер на велосипеде компании (Варшавское шоссе),https://api.hh.ru/vacancies/115542958?host=hh.ru,['Курьер'],100000.0,,RUR,False
1053,115595408,Водитель-курьер,https://api.hh.ru/vacancies/115595408?host=hh.ru,['Водитель'],243600.0,276400.0,RUR,False
1054,115894879,Курьер на велосипеде в доставку продуктов,https://api.hh.ru/vacancies/115894879?host=hh.ru,['Курьер'],127000.0,165000.0,RUR,False
1055,114483169,Курьер пеший,https://api.hh.ru/vacancies/114483169?host=hh.ru,['Курьер'],195100.0,258000.0,RUR,False
1056,113276006,"Курьер на велосипеде (Москва, ул. Берзарина, дом 21А)",https://api.hh.ru/vacancies/113276006?host=hh.ru,['Курьер'],100000.0,,RUR,False
1057,113924672,Водитель-курьер на автомобиле компании,https://api.hh.ru/vacancies/113924672?host=hh.ru,['Водитель'],100000.0,,RUR,False
1058,114613762,Пеший Курьер,https://api.hh.ru/vacancies/114613762?host=hh.ru,['Курьер'],195100.0,258000.0,RUR,False
1059,115486874,Водитель-курьер,https://api.hh.ru/vacancies/115486874?host=hh.ru,['Другое'],171500.0,210500.0,RUR,False
1060,111311417,Курьер / новый склад,https://api.hh.ru/vacancies/111311417?host=hh.ru,['Курьер'],,207760.0,RUR,False
1061,111874449,Водитель-курьер на личном автомобиле (м. Отрадное),https://api.hh.ru/vacancies/111874449?host=hh.ru,['Курьер'],135000.0,,RUR,False
1062,112578342,Курьер в банк по доставке карт,https://api.hh.ru/vacancies/112578342?host=hh.ru,['Курьер'],110000.0,,RUR,True
1063,115670987,Водитель-курьер на своем авто (без комиссий),https://api.hh.ru/vacancies/115670987?host=hh.ru,['Курьер'],160000.0,,RUR,False
1064,115892402,Курьер,https://api.hh.ru/vacancies/115892402?host=hh.ru,['Курьер'],,166000.0,RUR,False
1065,106698863,Пеший курьер (м. Лухмановская),https://api.hh.ru/vacancies/106698863?host=hh.ru,['Курьер'],125000.0,250000.0,RUR,True
1066,112415595,Водитель-курьер на своем автомобиле (р-н Солнцево),https://api.hh.ru/vacancies/112415595?host=hh.ru,['Водитель'],,150000.0,RUR,False
1067,115139526,Водитель-курьер,https://api.hh.ru/vacancies/115139526?host=hh.ru,['Водитель'],243600.0,276400.0,RUR,False
1068,114576141,Пеший курьер/велокурьер,https://api.hh.ru/vacancies/114576141?host=hh.ru,['Курьер'],138480.0,191470.0,RUR,False
1069,115886456,Пеший курьер\Велокурьер в Купер,https://api.hh.ru/vacancies/115886456?host=hh.ru,['Курьер'],187600.0,226100.0,RUR,False
1070,114953633,Курьер,https://api.hh.ru/vacancies/114953633?host=hh.ru,['Курьер'],150000.0,260400.0,RUR,True
1071,114986021,Курьер нa вeлосипeде,https://api.hh.ru/vacancies/114986021?host=hh.ru,['Курьер'],120000.0,230000.0,RUR,False
1072,115095359,Курьер на машине оплата каждый день,https://api.hh.ru/vacancies/115095359?host=hh.ru,['Курьер'],200000.0,360000.0,RUR,False
1073,106068365,Водитель-курьер (Москва и Московская область),https://api.hh.ru/vacancies/106068365?host=hh.ru,['Курьер'],155000.0,258000.0,RUR,True
1074,93518120,Курьер (Москва и МО),https://api.hh.ru/vacancies/93518120?host=hh.ru,['Курьер'],155000.0,258000.0,RUR,True
1075,106964936,Курьер (Москва и Московская область),https://api.hh.ru/vacancies/106964936?host=hh.ru,['Курьер'],155000.0,258000.0,RUR,True
1076,88179923,"Курьер на велосипеде (Москва, ул. Киевская, дом 27)",https://api.hh.ru/vacancies/88179923?host=hh.ru,['Курьер'],100000.0,,RUR,False
1077,106129708,Курьер на велосипеде,https://api.hh.ru/vacancies/106129708?host=hh.ru,['Курьер'],,110000.0,RUR,False
1078,108376482,Водитель-Курьер на личном автомобиле,https://api.hh.ru/vacancies/108376482?host=hh.ru,['Курьер'],130000.0,,RUR,False
1079,115165489,Пеший курьер-почтальон,https://api.hh.ru/vacancies/115165489?host=hh.ru,['Промоутер'],35000.0,85000.0,RUR,True
1080,115486285,Курьер (документы/товары),https://api.hh.ru/vacancies/115486285?host=hh.ru,['Другое'],171500.0,210500.0,RUR,False
1081,114483188,Курьер пеший,https://api.hh.ru/vacancies/114483188?host=hh.ru,['Курьер'],195100.0,258000.0,RUR,False
1082,115362689,Водитель-курьер на личном автомобиле,https://api.hh.ru/vacancies/115362689?host=hh.ru,['Курьер'],130000.0,270000.0,RUR,False
1083,101267194,Водитель-курьер (Москва и Московская область),https://api.hh.ru/vacancies/101267194?host=hh.ru,['Водитель'],155000.0,258000.0,RUR,True
1084,114598031,Курьер на велосипеде в интернет-магазин,https://api.hh.ru/vacancies/114598031?host=hh.ru,['Курьер'],165000.0,190000.0,RUR,False
1085,111080089,Пеший курьер,https://api.hh.ru/vacancies/111080089?host=hh.ru,['Курьер'],75000.0,,RUR,False
1086,67033072,"Водитель-курьер в Озон фреш (м.Мичуринский проспект, г. Москва)",https://api.hh.ru/vacancies/67033072?host=hh.ru,['Водитель'],150000.0,270000.0,RUR,True
1087,101259661,Пеший курьер (м. Строгино),https://api.hh.ru/vacancies/101259661?host=hh.ru,['Курьер'],125000.0,250000.0,RUR,True
1088,101267186,Водитель-курьер (Москва и Московская область),https://api.hh.ru/vacancies/101267186?host=hh.ru,['Водитель'],155000.0,258000.0,RUR,True
1089,112980369,"Курьер на велосипеде от компании (Москва, Несвижский, №2)",https://api.hh.ru/vacancies/112980369?host=hh.ru,['Курьер'],100000.0,,RUR,False
1090,115849828,"Водитель-курьер на личном автомобиле в Магнит Доставку (без комиссии с заказов, Подработка)",https://api.hh.ru/vacancies/115849828?host=hh.ru,['Водитель'],126137.0,238658.0,RUR,False
1091,114841020,Водитель-курьер,https://api.hh.ru/vacancies/114841020?host=hh.ru,['Водитель'],243600.0,276400.0,RUR,False
1092,104240223,"Курьер на велосипеде (Москва, Маломосковская ул., д. 20, стр. 2)",https://api.hh.ru/vacancies/104240223?host=hh.ru,['Курьер'],100000.0,,RUR,False
1093,107192018,Пеший курьер в Ozon fresh (Речной вокзал),https://api.hh.ru/vacancies/107192018?host=hh.ru,['Курьер'],125000.0,250000.0,RUR,True
1094,112843995,"Курьер на велосипеде (г. Москва, Большой Волоколамский, № 1)",https://api.hh.ru/vacancies/112843995?host=hh.ru,['Курьер'],120000.0,,RUR,False
1095,106068303,Водитель-курьер (Москва и Московская область),https://api.hh.ru/vacancies/106068303?host=hh.ru,['Курьер'],155000.0,258000.0,RUR,True
1096,112068644,Курьер Москва / доставщик,https://api.hh.ru/vacancies/112068644?host=hh.ru,['Грузчик'],,207760.0,RUR,False
1097,108429530,Курьер на электровелосипеде в Ozon fresh (Киевская),https://api.hh.ru/vacancies/108429530?host=hh.ru,['Курьер'],125000.0,250000.0,RUR,True
1098,107192613,Пеший курьер в Ozon fresh (Химки),https://api.hh.ru/vacancies/107192613?host=hh.ru,['Курьер'],125000.0,250000.0,RUR,True
1099,115094897,"Водитель-курьер на автомобиле компании ""Делимобиль""",https://api.hh.ru/vacancies/115094897?host=hh.ru,['Курьер'],120000.0,,RUR,True
1100,114946904,Курьер на велосипеде,https://api.hh.ru/vacancies/114946904?host=hh.ru,['Курьер'],,180000.0,RUR,False
1101,106068226,Водитель-курьер (Москва и Московская область),https://api.hh.ru/vacancies/106068226?host=hh.ru,['Курьер'],155000.0,258000.0,RUR,True
1102,114686822,Водитель-курьер онлайн заказов косметики,https://api.hh.ru/vacancies/114686822?host=hh.ru,['Курьер'],155000.0,225000.0,RUR,False
1103,114938251,Водитель-курьер,https://api.hh.ru/vacancies/114938251?host=hh.ru,['Водитель'],243600.0,276400.0,RUR,False
1104,115632821,"Водитель-курьер на автомобиле компании ""Делимобиль""",https://api.hh.ru/vacancies/115632821?host=hh.ru,['Курьер'],120000.0,,RUR,True
1105,101267207,Водитель-курьер (Москва и Московская область),https://api.hh.ru/vacancies/101267207?host=hh.ru,['Водитель'],155000.0,258000.0,RUR,True
1106,114946842,Курьер/велокурьер,https://api.hh.ru/vacancies/114946842?host=hh.ru,['Курьер'],127000.0,150000.0,RUR,False
1107,88813529,Водитель-курьер на Лада Ларгус,https://api.hh.ru/vacancies/88813529?host=hh.ru,['Водитель'],,140000.0,RUR,True
1108,93518108,Курьер (Москва и область),https://api.hh.ru/vacancies/93518108?host=hh.ru,['Курьер'],155000.0,258000.0,RUR,True
1109,95542592,Водитель-курьер на личном автомобиле в Озон,https://api.hh.ru/vacancies/95542592?host=hh.ru,['Курьер'],150000.0,270000.0,RUR,True
1110,101267210,Водитель-курьер (Москва и Московская область),https://api.hh.ru/vacancies/101267210?host=hh.ru,['Водитель'],155000.0,258000.0,RUR,True
1111,106383121,Курьер в Озон фреш (м. Курская),https://api.hh.ru/vacancies/106383121?host=hh.ru,['Курьер'],125000.0,250000.0,RUR,True
1112,106964819,Курьер (Москва и Московская область),https://api.hh.ru/vacancies/106964819?host=hh.ru,['Курьер'],155000.0,258000.0,RUR,True
1113,106964931,Курьер (Москва и Московская область),https://api.hh.ru/vacancies/106964931?host=hh.ru,['Курьер'],155000.0,258000.0,RUR,True
1114,114839266,Рекрутер (подбор курьеров),https://api.hh.ru/vacancies/114839266?host=hh.ru,['Специалист по подбору персонала'],,,,
1115,115497608,Водитель-курьер (сбермаркет),https://api.hh.ru/vacancies/115497608?host=hh.ru,['Курьер'],,,,
1116,112757346,Водитель-курьер на легковом автомобиле,https://api.hh.ru/vacancies/112757346?host=hh.ru,['Курьер'],120000.0,,RUR,False
1117,114662794,Пеший курьер,https://api.hh.ru/vacancies/114662794?host=hh.ru,['Курьер'],,300160.0,RUR,True
1118,114925187,Начинающий водитель-курьер,https://api.hh.ru/vacancies/114925187?host=hh.ru,['Курьер'],258000.0,,RUR,True
1119,106068277,Водитель-курьер (Москва и Московская область),https://api.hh.ru/vacancies/106068277?host=hh.ru,['Курьер'],155000.0,258000.0,RUR,True
1120,106068317,Водитель-курьер (Москва и Московская область),https://api.hh.ru/vacancies/106068317?host=hh.ru,['Курьер'],155000.0,258000.0,RUR,True
1121,106964933,Курьер (Москва и Московская область),https://api.hh.ru/vacancies/106964933?host=hh.ru,['Курьер'],155000.0,258000.0,RUR,True
1122,112064964,Курьер (м. Беляево),https://api.hh.ru/vacancies/112064964?host=hh.ru,['Курьер'],,207760.0,RUR,False
1123,112412275,Водитель курьер на личном автомобиле,https://api.hh.ru/vacancies/112412275?host=hh.ru,['Курьер'],165000.0,,RUR,False
1124,115497760,Курьер на электровелосипеде для Самокат,https://api.hh.ru/vacancies/115497760?host=hh.ru,['Курьер'],,160000.0,RUR,False
1125,113157259,Курьер ресторана Горыныч,https://api.hh.ru/vacancies/113157259?host=hh.ru,['Курьер'],100000.0,,RUR,False
1126,104775714,"Курьер на электровелосипеде (Москва, Ленинский, д.54)",https://api.hh.ru/vacancies/104775714?host=hh.ru,['Курьер'],100000.0,,RUR,False
1127,106964848,Курьер (Москва и Московская область),https://api.hh.ru/vacancies/106964848?host=hh.ru,['Курьер'],155000.0,258000.0,RUR,True
1128,110628799,Водитель-курьер на личном автомобиле (м. Мнёвники),https://api.hh.ru/vacancies/110628799?host=hh.ru,['Курьер'],150000.0,270000.0,RUR,True
1129,104458881,Курьер в Ozon Fresh,https://api.hh.ru/vacancies/104458881?host=hh.ru,['Курьер'],125000.0,250000.0,RUR,True
1130,106724106,Курьер в Ozon fresh (Сходненская),https://api.hh.ru/vacancies/106724106?host=hh.ru,['Курьер'],125000.0,250000.0,RUR,True
1131,111313938,Курьер на склад,https://api.hh.ru/vacancies/111313938?host=hh.ru,['Курьер'],,207760.0,RUR,False
1132,115747532,Курьер,https://api.hh.ru/vacancies/115747532?host=hh.ru,['Курьер'],125000.0,151000.0,RUR,False
1133,101323184,"Курьер на велосипеде (Москва, проспект Мира, 64)",https://api.hh.ru/vacancies/101323184?host=hh.ru,['Курьер'],100000.0,,RUR,False
1134,114914718,Курьер в доставку,https://api.hh.ru/vacancies/114914718?host=hh.ru,['Курьер'],127000.0,165000.0,RUR,False
1135,106964872,Курьер (Москва и Московская область),https://api.hh.ru/vacancies/106964872?host=hh.ru,['Курьер'],155000.0,258000.0,RUR,True
1136,115041955,Курьер пеший,https://api.hh.ru/vacancies/115041955?host=hh.ru,['Курьер'],195100.0,258000.0,RUR,False
1137,114684860,Курьер,https://api.hh.ru/vacancies/114684860?host=hh.ru,['Курьер'],145756.0,228320.0,RUR,False
1138,115707772,Водитель-курьер на личном автомобиле,https://api.hh.ru/vacancies/115707772?host=hh.ru,['Курьер'],160000.0,,RUR,False
1139,97690772,Ночной водитель-курьер на своем автомобиле (м. Менделеевская),https://api.hh.ru/vacancies/97690772?host=hh.ru,['Курьер'],100000.0,,RUR,False
1140,98224030,Водитель-курьер на личном грузовом автомобиле (м. Каширская),https://api.hh.ru/vacancies/98224030?host=hh.ru,['Курьер'],150000.0,270000.0,RUR,True
1141,80147254,Водитель-курьер на одном районе,https://api.hh.ru/vacancies/80147254?host=hh.ru,['Курьер'],117450.0,,RUR,False
1142,114622110,Курьер на велосипеде в Яндекс Лавку,https://api.hh.ru/vacancies/114622110?host=hh.ru,['Курьер'],,175000.0,RUR,False
1143,115544182,Product Manager (Courier and Delivery Experience team),https://api.hh.ru/vacancies/115544182?host=hh.ru,['Менеджер продукта'],,,,
1144,115667505,Курьер уникальных интересных и необычных заказов,https://api.hh.ru/vacancies/115667505?host=hh.ru,['Курьер'],195000.0,243000.0,RUR,False
1145,115331437,Водитель-курьер на личном легковом автомобиле_ЮЗАО,https://api.hh.ru/vacancies/115331437?host=hh.ru,['Курьер'],148000.0,226000.0,RUR,False
1146,115782631,Курьер,https://api.hh.ru/vacancies/115782631?host=hh.ru,['Курьер'],95324.0,146325.0,RUR,False
1147,111877273,Курьер в доставку,https://api.hh.ru/vacancies/111877273?host=hh.ru,['Курьер'],150000.0,180000.0,RUR,False
1148,114954489,Пеший курьер (негабаритная техника),https://api.hh.ru/vacancies/114954489?host=hh.ru,['Курьер'],150000.0,200000.0,RUR,False
1149,115669309,Курьер на велосипеде в доставку заказов,https://api.hh.ru/vacancies/115669309?host=hh.ru,['Курьер'],127000.0,150000.0,RUR,False
1150,106068273,Водитель-курьер (Москва и Московская область),https://api.hh.ru/vacancies/106068273?host=hh.ru,['Курьер'],155000.0,258000.0,RUR,True
1151,105778825,"Ночной курьер на велосипеде (Москва, б-р Покровский д. 3 стр. 7)",https://api.hh.ru/vacancies/105778825?host=hh.ru,['Курьер'],120000.0,,RUR,True
1152,106964928,Курьер (Москва и Московская область),https://api.hh.ru/vacancies/106964928?host=hh.ru,['Курьер'],155000.0,258000.0,RUR,True
1153,111873945,Водитель-курьер на личном автомобиле (м. Яхромская),https://api.hh.ru/vacancies/111873945?host=hh.ru,['Курьер'],120000.0,,RUR,False
1154,111874745,Водитель-курьер на личном автомобиле в Озон фреш (м.Озерная),https://api.hh.ru/vacancies/111874745?host=hh.ru,['Курьер'],150000.0,270000.0,RUR,True
1155,112218435,"Курьер на велосипеде (Москва, пр. Чечерский, д. 64 к. 1)",https://api.hh.ru/vacancies/112218435?host=hh.ru,['Курьер'],80000.0,,RUR,False
1156,112980217,"Курьер на электровелосипеде от компании (Москва, Несвижский, №2)",https://api.hh.ru/vacancies/112980217?host=hh.ru,['Курьер'],100000.0,,RUR,False
1157,106075355,Пеший курьер (доставка карт) Т-Банк,https://api.hh.ru/vacancies/106075355?host=hh.ru,['Курьер'],110000.0,,RUR,False
1158,115763019,Пеший курьер / курьер,https://api.hh.ru/vacancies/115763019?host=hh.ru,['Курьер'],,207760.0,RUR,False
1159,115886121,Пеший курьер/велокурьер,https://api.hh.ru/vacancies/115886121?host=hh.ru,['Курьер'],144800.0,188000.0,RUR,False
1160,112794863,"Курьер на велосипеде (Москва, Мичуринский проспект, Олимпийская деревня 4)",https://api.hh.ru/vacancies/112794863?host=hh.ru,['Курьер'],120000.0,,RUR,False
1161,115766951,Курьер,https://api.hh.ru/vacancies/115766951?host=hh.ru,['Курьер'],,130000.0,RUR,False
1162,85047986,"Водитель курьер на личном автомобиле (Москва, ул. Борисовские пруды, д. 8а)",https://api.hh.ru/vacancies/85047986?host=hh.ru,['Курьер'],120000.0,,RUR,False
1163,95287148,Водитель-курьер на автомобиле компании в Озон,https://api.hh.ru/vacancies/95287148?host=hh.ru,['Курьер'],135000.0,240000.0,RUR,True
1164,111887747,Курьер в своем районе,https://api.hh.ru/vacancies/111887747?host=hh.ru,['Курьер'],,207760.0,RUR,False
1165,114671071,Курьер на велосипеде,https://api.hh.ru/vacancies/114671071?host=hh.ru,['Курьер'],,130000.0,RUR,False
1166,115439905,Водитель-курьер на личном автомобиле,https://api.hh.ru/vacancies/115439905?host=hh.ru,['Курьер'],,279000.0,RUR,False
1167,111867292,Водитель-курьер на личном автомобиле,https://api.hh.ru/vacancies/111867292?host=hh.ru,['Курьер'],150000.0,,RUR,False
1168,115072264,Курьер пеший,https://api.hh.ru/vacancies/115072264?host=hh.ru,['Курьер'],195100.0,258000.0,RUR,False
1169,115717138,Курьер с ежедневными выплатами без доставки еды,https://api.hh.ru/vacancies/115717138?host=hh.ru,['Курьер'],,220000.0,RUR,True
1170,106616570,Курьер на легкие заказы,https://api.hh.ru/vacancies/106616570?host=hh.ru,['Курьер'],,231000.0,RUR,False
1171,106068279,Водитель-курьер (Москва и Московская область),https://api.hh.ru/vacancies/106068279?host=hh.ru,['Курьер'],155000.0,258000.0,RUR,True
1172,108256858,Курьер (Новогиреево),https://api.hh.ru/vacancies/108256858?host=hh.ru,['Курьер'],125000.0,250000.0,RUR,True
1173,115069711,Курьер,https://api.hh.ru/vacancies/115069711?host=hh.ru,['Курьер'],130000.0,170000.0,RUR,False
1174,86643113,Курьер на велосипеде,https://api.hh.ru/vacancies/86643113?host=hh.ru,['Другое'],85000.0,130000.0,RUR,False
1175,111766681,Курьер,https://api.hh.ru/vacancies/111766681?host=hh.ru,['Курьер'],111000.0,135000.0,RUR,False
1176,101745027,"Курьер на велосипеде (Москва, ул. Сущёвский Вал, д. 46)",https://api.hh.ru/vacancies/101745027?host=hh.ru,['Курьер'],100000.0,,RUR,False
1177,115090811,Пеший курьер/почтальон с ежедневными выплатами,https://api.hh.ru/vacancies/115090811?host=hh.ru,['Промоутер'],37000.0,85000.0,RUR,False
1178,115816365,Водитель - курьер с личным автомобилем,https://api.hh.ru/vacancies/115816365?host=hh.ru,['Курьер'],160000.0,,RUR,False
1179,106964838,Курьер (Москва и Московская область),https://api.hh.ru/vacancies/106964838?host=hh.ru,['Курьер'],155000.0,258000.0,RUR,True
1180,109472409,Курьер / Велокурьер в Озон фреш,https://api.hh.ru/vacancies/109472409?host=hh.ru,['Курьер'],125000.0,250000.0,RUR,True
1181,114580843,Водитель-курьер на автомобиле компании (категория В),https://api.hh.ru/vacancies/114580843?host=hh.ru,['Курьер'],,120000.0,RUR,True
1182,110312364,Водитель-курьер в Озон (м. Братиславская),https://api.hh.ru/vacancies/110312364?host=hh.ru,['Курьер'],150000.0,270000.0,RUR,True
1183,68663414,Водитель-курьер в Пятёрочку,https://api.hh.ru/vacancies/68663414?host=hh.ru,['Курьер'],,210000.0,RUR,False
1184,101865710,"Курьер на велосипеде (Москва, ул. Лефортовский Вал, д. 26/3А стр. 3)",https://api.hh.ru/vacancies/101865710?host=hh.ru,['Курьер'],120000.0,,RUR,False
1185,108256143,Курьер на электровелосипеде (Реутов),https://api.hh.ru/vacancies/108256143?host=hh.ru,['Курьер'],125000.0,250000.0,RUR,True
1186,110319783,Дивизионный менеджер по работе с курьерами,https://api.hh.ru/vacancies/110319783?host=hh.ru,['Координатор отдела продаж'],50000.0,85000.0,RUR,False
1187,114688687,Курьер на велосипеде компании,https://api.hh.ru/vacancies/114688687?host=hh.ru,['Курьер'],159500.0,176500.0,RUR,True
1188,112880342,"Водитель-курьер на личном грузовом автомобиле (САО, СВАО, СЗАО)",https://api.hh.ru/vacancies/112880342?host=hh.ru,['Курьер'],200000.0,,RUR,False
1189,114729204,Водитель-Курьер в ТЦ,https://api.hh.ru/vacancies/114729204?host=hh.ru,['Другое'],130000.0,210000.0,RUR,True
1190,101267169,Водитель-курьер (Москва и Московская область),https://api.hh.ru/vacancies/101267169?host=hh.ru,['Водитель'],155000.0,258000.0,RUR,True
1191,114829658,Курьер легких заказов,https://api.hh.ru/vacancies/114829658?host=hh.ru,['Курьер'],241400.0,280300.0,RUR,True
1192,115293684,Курьер,https://api.hh.ru/vacancies/115293684?host=hh.ru,['Курьер'],50000.0,,RUR,False
1193,115445016,Курьер на корпоративный электровелосипед (м. Октябрьская),https://api.hh.ru/vacancies/115445016?host=hh.ru,['Курьер'],70000.0,110000.0,RUR,False
1194,106068280,Водитель-курьер (Москва и Московская область),https://api.hh.ru/vacancies/106068280?host=hh.ru,['Курьер'],155000.0,258000.0,RUR,True
1195,115072084,Водитель-курьер,https://api.hh.ru/vacancies/115072084?host=hh.ru,['Водитель'],243600.0,276400.0,RUR,False
1196,114958918,Курьер пеший,https://api.hh.ru/vacancies/114958918?host=hh.ru,['Курьер'],195100.0,258000.0,RUR,False
1197,115013616,Курьер пеший,https://api.hh.ru/vacancies/115013616?host=hh.ru,['Курьер'],195100.0,258000.0,RUR,False
1198,98734491,"Курьер на велосипеде (Москва, ул. Садовая-Триумфальная, д. 22/31)",https://api.hh.ru/vacancies/98734491?host=hh.ru,['Курьер'],100000.0,,RUR,False
1199,106068246,Водитель-курьер (Москва и Московская область),https://api.hh.ru/vacancies/106068246?host=hh.ru,['Курьер'],155000.0,258000.0,RUR,True
1200,106068270,Водитель-курьер (Москва и Московская область),https://api.hh.ru/vacancies/106068270?host=hh.ru,['Курьер'],155000.0,258000.0,RUR,True
1201,115683256,Курьер,https://api.hh.ru/vacancies/115683256?host=hh.ru,['Курьер'],122500.0,140000.0,RUR,False
1202,115784491,Водитель - Курьер на личном автомобиле,https://api.hh.ru/vacancies/115784491?host=hh.ru,['Курьер'],135000.0,,RUR,True
1203,101442011,Водитель-курьер,https://api.hh.ru/vacancies/101442011?host=hh.ru,['Курьер'],,279000.0,RUR,False
1204,105330689,Водитель-курьер на своем автомобиле (м. Чертановская),https://api.hh.ru/vacancies/105330689?host=hh.ru,['Водитель'],100000.0,200000.0,RUR,False
1205,106964795,Курьер (Москва и Московская область),https://api.hh.ru/vacancies/106964795?host=hh.ru,['Курьер'],155000.0,258000.0,RUR,True
1206,115763191,Пеший курьер / курьер,https://api.hh.ru/vacancies/115763191?host=hh.ru,['Курьер'],,207760.0,RUR,False
1207,108255767,Курьер в Озон фреш,https://api.hh.ru/vacancies/108255767?host=hh.ru,['Курьер'],125000.0,250000.0,RUR,True
1208,115243083,Курьер,https://api.hh.ru/vacancies/115243083?host=hh.ru,['Другое'],62000.0,70000.0,RUR,False
1209,115782583,Курьер,https://api.hh.ru/vacancies/115782583?host=hh.ru,['Курьер'],95324.0,146328.0,RUR,False
1210,103223826,Курьер на электровело в Ozon Fresh (Красногорский Бульвар),https://api.hh.ru/vacancies/103223826?host=hh.ru,['Курьер'],125000.0,250000.0,RUR,True
1211,106964855,Курьер (Москва и Московская область),https://api.hh.ru/vacancies/106964855?host=hh.ru,['Курьер'],155000.0,258000.0,RUR,True
1212,110233697,Пеший курьер / велокурьер (м. Сокольники),https://api.hh.ru/vacancies/110233697?host=hh.ru,['Курьер'],125000.0,250000.0,RUR,True
1213,114672766,Курьер на велосипеде в Яндекс.Лавку,https://api.hh.ru/vacancies/114672766?host=hh.ru,['Курьер'],83000.0,125000.0,RUR,False
1214,114684772,Пеший курьер,https://api.hh.ru/vacancies/114684772?host=hh.ru,['Курьер'],188600.0,235600.0,RUR,True
1215,104383041,Пеший курьер в Озон фреш (м. Царицыно),https://api.hh.ru/vacancies/104383041?host=hh.ru,['Курьер'],125000.0,250000.0,RUR,True
1216,108430493,Курьер на электровелосипеде в Ozon fresh (Молодежная),https://api.hh.ru/vacancies/108430493?host=hh.ru,['Курьер'],125000.0,250000.0,RUR,True
1217,115882623,Курьер доставки парфюмерии и косметики,https://api.hh.ru/vacancies/115882623?host=hh.ru,['Курьер'],133000.0,152100.0,RUR,False
1218,115890221,Пеший курьер,https://api.hh.ru/vacancies/115890221?host=hh.ru,['Курьер'],178400.0,226100.0,RUR,False
1219,112721322,Курьер на велосипеде,https://api.hh.ru/vacancies/112721322?host=hh.ru,['Курьер'],104400.0,115000.0,RUR,False
1220,115061623,Курьер коротких заказов,https://api.hh.ru/vacancies/115061623?host=hh.ru,['Курьер'],,207300.0,RUR,True
1221,115095392,Курьер,https://api.hh.ru/vacancies/115095392?host=hh.ru,['Курьер'],,237850.0,RUR,False
1222,115347290,Курьер доставки документов (в офис),https://api.hh.ru/vacancies/115347290?host=hh.ru,['Курьер'],140000.0,215000.0,RUR,False
1223,103223809,Курьер в Ozon Fresh (Красногорский Бульвар),https://api.hh.ru/vacancies/103223809?host=hh.ru,['Курьер'],125000.0,250000.0,RUR,True
1224,92111483,Водитель-курьер на автомобиле компании,https://api.hh.ru/vacancies/92111483?host=hh.ru,['Водитель'],,140000.0,RUR,True
1225,83780528,Пеший курьер в Озон фреш (м. Коньково),https://api.hh.ru/vacancies/83780528?host=hh.ru,['Курьер'],125000.0,250000.0,RUR,True
1226,115953973,Водитель-курьер на личном автомобиле (м. ВДНХ),https://api.hh.ru/vacancies/115953973?host=hh.ru,['Курьер'],,170000.0,RUR,False
1227,103711080,Водитель-курьер (Пушкино),https://api.hh.ru/vacancies/103711080?host=hh.ru,['Курьер'],124000.0,207000.0,RUR,True
1228,111780185,Водитель-курьер на личном автомобиле в Озон фреш (г. Щербинка),https://api.hh.ru/vacancies/111780185?host=hh.ru,['Курьер'],150000.0,270000.0,RUR,True
1229,114825069,Курьер на доставку в ЯндексЛавку,https://api.hh.ru/vacancies/114825069?host=hh.ru,['Курьер'],114000.0,,RUR,False
1230,115084742,Водитель-курьер,https://api.hh.ru/vacancies/115084742?host=hh.ru,['Водитель'],243600.0,276400.0,RUR,False
1231,112449543,Автокурьер на личном автомобиле / Водитель-курьер доставки,https://api.hh.ru/vacancies/112449543?host=hh.ru,['Курьер'],165000.0,,RUR,False
1232,114172461,Курьер на велосипеде (доставка),https://api.hh.ru/vacancies/114172461?host=hh.ru,['Курьер'],,198840.0,RUR,False
1233,114574574,"Водитель-курьер на автомобиле компании ""Делимобиль""",https://api.hh.ru/vacancies/114574574?host=hh.ru,['Курьер'],120000.0,,RUR,True
1234,102167982,Пеший курьер / велокурьер в Озон фреш (м. Нагатинская),https://api.hh.ru/vacancies/102167982?host=hh.ru,['Курьер'],125000.0,250000.0,RUR,True
1235,114514454,Курьер на велосипеде (гибкий график),https://api.hh.ru/vacancies/114514454?host=hh.ru,['Курьер'],99000.0,,RUR,False
1236,115015719,Водитель-курьер,https://api.hh.ru/vacancies/115015719?host=hh.ru,['Водитель'],243600.0,276400.0,RUR,False
1237,115882625,Курьер (доставка парфюмерии и косметики),https://api.hh.ru/vacancies/115882625?host=hh.ru,['Курьер'],133000.0,152100.0,RUR,False
1238,106068357,Водитель-курьер (Москва и Московская область),https://api.hh.ru/vacancies/106068357?host=hh.ru,['Курьер'],155000.0,258000.0,RUR,True
1239,108774881,"Ночной курьер на велосипеде (Москва, ул. Сущёвский Вал, д. 46)",https://api.hh.ru/vacancies/108774881?host=hh.ru,['Курьер'],100000.0,,RUR,False
1240,113267444,"Курьер на велосипеде компании (Москва, ул. Маршала Неделина, дом 19)",https://api.hh.ru/vacancies/113267444?host=hh.ru,['Курьер'],100000.0,,RUR,False
1241,115845597,Велокурьер/ курьер на электровелосипеде,https://api.hh.ru/vacancies/115845597?host=hh.ru,['Курьер'],140000.0,,RUR,False
1242,114185345,Курьер аптек и зоомагазинов,https://api.hh.ru/vacancies/114185345?host=hh.ru,['Другое'],158000.0,188000.0,RUR,False
1243,97003024,Водитель-курьер на своем автомобиле (м. Митино),https://api.hh.ru/vacancies/97003024?host=hh.ru,['Курьер'],130000.0,200000.0,RUR,False
1244,103224467,Пеший курьер в Ozon Fresh,https://api.hh.ru/vacancies/103224467?host=hh.ru,['Курьер'],125000.0,250000.0,RUR,True
1245,106726326,Пеший курьер в Ozon fresh (Митино),https://api.hh.ru/vacancies/106726326?host=hh.ru,['Курьер'],125000.0,250000.0,RUR,True
1246,106755781,Водитель-курьер,https://api.hh.ru/vacancies/106755781?host=hh.ru,['Водитель'],117000.0,,RUR,False
1247,112415513,Водитель-курьер с личным автомобилем (м. Бульвар Рокоссовского),https://api.hh.ru/vacancies/112415513?host=hh.ru,['Курьер'],90000.0,150000.0,RUR,False
1248,112968888,"Курьер на велосипеде (Москва, ул. Коровий Вал, дом 1А стр. 2)",https://api.hh.ru/vacancies/112968888?host=hh.ru,['Курьер'],100000.0,,RUR,False
1249,106068218,Водитель-курьер (Москва и Московская область),https://api.hh.ru/vacancies/106068218?host=hh.ru,['Курьер'],155000.0,258000.0,RUR,True
1250,108721944,"Пеший курьер, Москва",https://api.hh.ru/vacancies/108721944?host=hh.ru,['Курьер'],,207760.0,RUR,False
1251,114019303,Курьер,https://api.hh.ru/vacancies/114019303?host=hh.ru,['Курьер'],130000.0,146000.0,RUR,False
1252,112867533,"Курьер на велосипеде (Москва, пр-т Вернадского, дом 37 к. 2)",https://api.hh.ru/vacancies/112867533?host=hh.ru,['Курьер'],110000.0,,RUR,False
1253,112873430,"Курьер на велосипеде (Москва, ул. Верейская, дом 5)",https://api.hh.ru/vacancies/112873430?host=hh.ru,['Курьер'],110000.0,,RUR,False
1254,85041138,Водитель-курьер на своем автомобиле (м. Кунцевская),https://api.hh.ru/vacancies/85041138?host=hh.ru,['Водитель'],130000.0,200000.0,RUR,False
1255,112795243,"Курьер на велосипеде (Москва, ш. Рублёвское, дом 48/1)",https://api.hh.ru/vacancies/112795243?host=hh.ru,['Курьер'],120000.0,,RUR,False
1256,115603868,Курьер на велосипеде (ЯндексЛавка),https://api.hh.ru/vacancies/115603868?host=hh.ru,['Курьер'],62400.0,123840.0,RUR,False
1257,115613932,Водитель-курьер на личном автомобиле (м. Чертановская),https://api.hh.ru/vacancies/115613932?host=hh.ru,['Курьер'],150000.0,,RUR,False
1258,115815081,Водитель-курьер на личном автомобиле,https://api.hh.ru/vacancies/115815081?host=hh.ru,['Курьер'],154000.0,220000.0,RUR,False
1259,101871888,Водитель-курьер (Волгоградский),https://api.hh.ru/vacancies/101871888?host=hh.ru,['Курьер'],162000.0,270000.0,RUR,True
1260,106068264,Водитель-курьер (Москва и Московская область),https://api.hh.ru/vacancies/106068264?host=hh.ru,['Курьер'],155000.0,258000.0,RUR,True
1261,107994101,Курьер в Озон фреш,https://api.hh.ru/vacancies/107994101?host=hh.ru,['Курьер'],125000.0,250000.0,RUR,True
1262,114921867,Водитель-курьер на личном автомобиле (м. Люблино),https://api.hh.ru/vacancies/114921867?host=hh.ru,['Курьер'],115000.0,,RUR,False
1263,106964925,Курьер (Москва и Московская область),https://api.hh.ru/vacancies/106964925?host=hh.ru,['Курьер'],155000.0,258000.0,RUR,True
1264,112837588,Водитель-курьер на своем автомобиле (р-н Бескудниково),https://api.hh.ru/vacancies/112837588?host=hh.ru,['Курьер'],150000.0,200000.0,RUR,False
1265,114579876,Водитель-курьер,https://api.hh.ru/vacancies/114579876?host=hh.ru,['Водитель'],243600.0,276400.0,RUR,False
1266,115388094,Курьер в интернет-магазин на разовые заказы,https://api.hh.ru/vacancies/115388094?host=hh.ru,['Курьер'],165700.0,183000.0,RUR,False
1267,115605130,Курьер,https://api.hh.ru/vacancies/115605130?host=hh.ru,['Курьер'],,130000.0,RUR,False
1268,106801519,"Ночной водитель курьер на личном автомобиле (Москва, ул. Лухмановская, 37)",https://api.hh.ru/vacancies/106801519?host=hh.ru,['Курьер'],120000.0,,RUR,False
1269,114315152,Курьер в интернет-магазин (продукты),https://api.hh.ru/vacancies/114315152?host=hh.ru,['Курьер'],226500.0,226500.0,RUR,False
1270,114923408,Пеший курьер,https://api.hh.ru/vacancies/114923408?host=hh.ru,['Курьер'],188600.0,235600.0,RUR,True
1271,101267152,Водитель-курьер (Москва и Московская область),https://api.hh.ru/vacancies/101267152?host=hh.ru,['Водитель'],155000.0,258000.0,RUR,True
1272,106964944,Курьер (Москва и Московская область),https://api.hh.ru/vacancies/106964944?host=hh.ru,['Курьер'],155000.0,258000.0,RUR,True
1273,115984513,"Курьер в доставку Кафе, ежедневная оплата (подработка, без графика)",https://api.hh.ru/vacancies/115984513?host=hh.ru,['Курьер'],106852.0,174260.0,RUR,False
1274,114974021,Водитель-курьер на личном автомобиле,https://api.hh.ru/vacancies/114974021?host=hh.ru,['Курьер'],165000.0,215000.0,RUR,False
1275,115440244,"Водитель-курьер на своем авто (Компенсации, доплаты за МКАД)",https://api.hh.ru/vacancies/115440244?host=hh.ru,['Курьер'],160000.0,,RUR,False
1276,115911768,Курьер на подработку с Ежедневными выплатами,https://api.hh.ru/vacancies/115911768?host=hh.ru,['Курьер'],106852.0,174260.0,RUR,False
1277,114276040,Водитель-курьер на автомобиле компании (Лента),https://api.hh.ru/vacancies/114276040?host=hh.ru,['Курьер'],146000.0,302000.0,RUR,False
1278,115850700,Курьер на велосипеде,https://api.hh.ru/vacancies/115850700?host=hh.ru,['Курьер'],101500.0,,RUR,False
1279,87212114,Водитель-курьер на личном автомобиле,https://api.hh.ru/vacancies/87212114?host=hh.ru,['Курьер'],131000.0,180000.0,RUR,True
1280,101267213,Водитель-курьер (Москва и Московская область),https://api.hh.ru/vacancies/101267213?host=hh.ru,['Водитель'],155000.0,258000.0,RUR,True
1281,115667222,Курьер,https://api.hh.ru/vacancies/115667222?host=hh.ru,['Курьер'],100000.0,120000.0,RUR,False
1282,115978083,Курьер Wildberries/OZON,https://api.hh.ru/vacancies/115978083?host=hh.ru,['Курьер'],190000.0,230000.0,RUR,False
1283,113275229,"Водитель курьер на личном автомобиле (Москва, ул. Берзарина, дом 21А)",https://api.hh.ru/vacancies/113275229?host=hh.ru,['Курьер'],100000.0,,RUR,False
1284,115170059,Курьер,https://api.hh.ru/vacancies/115170059?host=hh.ru,['Курьер'],92300.0,146008.0,RUR,False
1285,115392372,Курьер (склад),https://api.hh.ru/vacancies/115392372?host=hh.ru,['Курьер'],,207760.0,RUR,False
1286,115947620,Курьер,https://api.hh.ru/vacancies/115947620?host=hh.ru,['Курьер'],115700.0,131600.0,RUR,False
1287,94105501,Водитель-курьер на корпоративный автомобиль (м. Каширская),https://api.hh.ru/vacancies/94105501?host=hh.ru,['Курьер'],135000.0,240000.0,RUR,True
1288,115178091,Курьер на велосипеде (Зеленоград),https://api.hh.ru/vacancies/115178091?host=hh.ru,['Курьер'],120000.0,187500.0,RUR,False
1289,115781543,Курьер легких заказов - подработка на вечер,https://api.hh.ru/vacancies/115781543?host=hh.ru,['Курьер'],,220000.0,RUR,True
1290,101259667,Курьер на самокате (м. Строгино),https://api.hh.ru/vacancies/101259667?host=hh.ru,['Курьер'],125000.0,250000.0,RUR,True
1291,115619389,"Курьер на велосипеде (Москва, Леснорядская, 10, стр.1)",https://api.hh.ru/vacancies/115619389?host=hh.ru,['Курьер'],90000.0,,RUR,False
1292,104132174,Курьер,https://api.hh.ru/vacancies/104132174?host=hh.ru,['Курьер'],110000.0,197800.0,RUR,False
1293,115484120,Курьер на доставку товаров,https://api.hh.ru/vacancies/115484120?host=hh.ru,['Другое'],171500.0,210500.0,RUR,False
1294,115958221,Автокурьер на автомобиле / Водитель-курьер / Доставка,https://api.hh.ru/vacancies/115958221?host=hh.ru,['Курьер'],170000.0,,RUR,False
1295,114667085,"Водитель-курьер на автомобиле компании (игрушки, подарки)",https://api.hh.ru/vacancies/114667085?host=hh.ru,['Водитель'],270000.0,305000.0,RUR,False
1296,115309576,"Водитель-курьер на автомобиле компании ""Делимобиль""",https://api.hh.ru/vacancies/115309576?host=hh.ru,['Курьер'],120000.0,,RUR,True
1297,115758435,Курьер в службу доставки Самокат,https://api.hh.ru/vacancies/115758435?host=hh.ru,['Курьер'],134000.0,145000.0,RUR,False
1298,104133801,"Ночной водитель курьер (Москва, Дубнинская 83А)",https://api.hh.ru/vacancies/104133801?host=hh.ru,['Курьер'],100000.0,,RUR,False
1299,106723679,Пеший курьер в Ozon fresh (Беломорская),https://api.hh.ru/vacancies/106723679?host=hh.ru,['Курьер'],125000.0,250000.0,RUR,True
1300,106963569,Курьер (Москва и Московская область),https://api.hh.ru/vacancies/106963569?host=hh.ru,['Курьер'],155000.0,258000.0,RUR,True
1301,115332794,Начинающий специалист/водитель-курьер по доставке в IT компанию,https://api.hh.ru/vacancies/115332794?host=hh.ru,['Другое'],150000.0,250000.0,RUR,True
1302,115782779,Курьер,https://api.hh.ru/vacancies/115782779?host=hh.ru,['Курьер'],95242.0,148433.0,RUR,False
1303,102610400,Пеший курьер в Озон фреш (м. Дмитрия Донского),https://api.hh.ru/vacancies/102610400?host=hh.ru,['Курьер'],125000.0,250000.0,RUR,True
1304,106068234,Водитель-курьер (Москва и Московская область),https://api.hh.ru/vacancies/106068234?host=hh.ru,['Курьер'],155000.0,258000.0,RUR,True
1305,106068355,Водитель-курьер (Москва и Московская область),https://api.hh.ru/vacancies/106068355?host=hh.ru,['Курьер'],155000.0,258000.0,RUR,True
1306,114684780,Пеший курьер,https://api.hh.ru/vacancies/114684780?host=hh.ru,['Курьер'],188600.0,235600.0,RUR,True
1307,115701790,Курьер,https://api.hh.ru/vacancies/115701790?host=hh.ru,['Курьер'],,141000.0,RUR,False
1308,106068285,Водитель-курьер (Москва и Московская область),https://api.hh.ru/vacancies/106068285?host=hh.ru,['Курьер'],155000.0,258000.0,RUR,True
1309,107529847,"Курьер на электровелосипеде (Москва, улица Борисовские Пруды, 8А)",https://api.hh.ru/vacancies/107529847?host=hh.ru,['Курьер'],90000.0,,RUR,False
1310,110782080,КУРЬЕР ДОСТАВКИ ДЛЯ САМОКАТ,https://api.hh.ru/vacancies/110782080?host=hh.ru,['Курьер'],,170000.0,RUR,False
1311,112777255,"Курьер на велосипеде (Москва, пр. Береговой, д. 4 к. 6 стр. 1)",https://api.hh.ru/vacancies/112777255?host=hh.ru,['Курьер'],110000.0,,RUR,False
1312,115782745,Курьер,https://api.hh.ru/vacancies/115782745?host=hh.ru,['Курьер'],92131.0,147855.0,RUR,False
1313,93549844,Пеший курьер в Озон фреш (м. Калужская),https://api.hh.ru/vacancies/93549844?host=hh.ru,['Курьер'],125000.0,250000.0,RUR,True
1314,114579882,Курьер пеший,https://api.hh.ru/vacancies/114579882?host=hh.ru,['Курьер'],195100.0,258000.0,RUR,False
1315,114811224,Водитель-курьер на личном автомобиле,https://api.hh.ru/vacancies/114811224?host=hh.ru,['Курьер'],165000.0,215000.0,RUR,False
1316,115618171,Курьер,https://api.hh.ru/vacancies/115618171?host=hh.ru,['Курьер'],,142000.0,RUR,False
1317,115487817,Водитель-курьер на личном автомобиле,https://api.hh.ru/vacancies/115487817?host=hh.ru,['Другое'],171500.0,210500.0,RUR,False
1318,109281689,Водитель-курьер на личном автомобиле (Универмаг Московский),https://api.hh.ru/vacancies/109281689?host=hh.ru,['Курьер'],110000.0,,RUR,True
1319,115095427,Курьер,https://api.hh.ru/vacancies/115095427?host=hh.ru,['Курьер'],,237850.0,RUR,False
1320,115488684,Водитель-курьер,https://api.hh.ru/vacancies/115488684?host=hh.ru,['Другое'],171500.0,210500.0,RUR,False
1321,115645853,"Курьер на велосипеде (Москва, ул. Мосфильмовская, д. 74Б)",https://api.hh.ru/vacancies/115645853?host=hh.ru,['Курьер'],90000.0,,RUR,False
1322,106964961,Курьер (Москва и Московская область),https://api.hh.ru/vacancies/106964961?host=hh.ru,['Курьер'],155000.0,258000.0,RUR,True
1323,110060226,"Курьер на велосипеде (Москва ш. Дмитровское, д. 107)",https://api.hh.ru/vacancies/110060226?host=hh.ru,['Курьер'],100000.0,,RUR,False
1324,115032384,Курьер пеший,https://api.hh.ru/vacancies/115032384?host=hh.ru,['Курьер'],195100.0,258000.0,RUR,False
1325,108927942,Водитель-курьер на личном автомобиле,https://api.hh.ru/vacancies/108927942?host=hh.ru,['Водитель'],,210000.0,RUR,False
1326,110410733,Водитель курьер на личном автомобиле в Ozon Fresh,https://api.hh.ru/vacancies/110410733?host=hh.ru,['Курьер'],150000.0,270000.0,RUR,True
1327,111751439,Водитель-курьер на личном автомобиле в ресторан (м. Варшавская),https://api.hh.ru/vacancies/111751439?host=hh.ru,['Курьер'],90000.0,160000.0,RUR,True
1328,115006058,Курьер-пеший на подработку рядом с домом,https://api.hh.ru/vacancies/115006058?host=hh.ru,['Курьер'],158400.0,197500.0,RUR,False
1329,115072076,Водитель-курьер,https://api.hh.ru/vacancies/115072076?host=hh.ru,['Водитель'],243600.0,276400.0,RUR,False
1330,115402022,Пеший курьер / курьер на электровелосипеде (м. Семеновская),https://api.hh.ru/vacancies/115402022?host=hh.ru,['Курьер'],70000.0,,RUR,True
1331,106624258,Курьер на самокате в Ozon Fresh (м. Беломорская),https://api.hh.ru/vacancies/106624258?host=hh.ru,['Курьер'],125000.0,250000.0,RUR,True
1332,107960324,Водитель-Курьер на личном автомобиле(Митино),https://api.hh.ru/vacancies/107960324?host=hh.ru,['Курьер'],140000.0,,RUR,False
1333,112055958,Курьер на электровелосипеде в Ozon fresh (м.Крылатское),https://api.hh.ru/vacancies/112055958?host=hh.ru,['Курьер'],125000.0,250000.0,RUR,True
1334,112442815,Водитель-курьер на автомобиль компании (Новый Арбат),https://api.hh.ru/vacancies/112442815?host=hh.ru,['Водитель'],110000.0,,RUR,False
1335,112794948,"Курьер на велосипеде (Москва, пр. Походный, д.5)",https://api.hh.ru/vacancies/112794948?host=hh.ru,['Курьер'],120000.0,,RUR,False
1336,115233191,Пеший курьер/велокурьер,https://api.hh.ru/vacancies/115233191?host=hh.ru,['Курьер'],137900.0,239400.0,RUR,False
1337,115676149,Курьер Яндекс Еда,https://api.hh.ru/vacancies/115676149?host=hh.ru,['Курьер'],,180000.0,RUR,False
1338,93518118,Курьер (Москва и МО),https://api.hh.ru/vacancies/93518118?host=hh.ru,['Курьер'],155000.0,258000.0,RUR,True
1339,106068268,Водитель-курьер (Москва и Московская область),https://api.hh.ru/vacancies/106068268?host=hh.ru,['Курьер'],155000.0,258000.0,RUR,True
1340,106124073,"Водитель курьер на личном автомобиле (Москва, ул. Ставропольская, д. 41В)",https://api.hh.ru/vacancies/106124073?host=hh.ru,['Курьер'],100000.0,,RUR,False
1341,115365132,Велокурьер на электровелосипеде/Пеший курьер,https://api.hh.ru/vacancies/115365132?host=hh.ru,['Курьер'],150000.0,200000.0,RUR,False
1342,94105499,Водитель-курьер на корпоративном автомобиле в Озон (м. Каширская),https://api.hh.ru/vacancies/94105499?host=hh.ru,['Курьер'],135000.0,240000.0,RUR,True
1343,110441195,Водитель-курьер на автомобиле компании в Перекресток,https://api.hh.ru/vacancies/110441195?host=hh.ru,['Курьер'],198000.0,,RUR,True
1344,108880840,"Курьер на велосипеде (Москва, наб. Павелецкая, д. 2 стр. 18)",https://api.hh.ru/vacancies/108880840?host=hh.ru,['Курьер'],100000.0,,RUR,False
1345,114672724,Курьер на велосипеде в интернет-магазин,https://api.hh.ru/vacancies/114672724?host=hh.ru,['Курьер'],89000.0,132000.0,RUR,False
1346,114690186,Пеший курьер (на праздники),https://api.hh.ru/vacancies/114690186?host=hh.ru,['Курьер'],,,,
1347,106963579,Курьер (Москва и Московская область),https://api.hh.ru/vacancies/106963579?host=hh.ru,['Курьер'],155000.0,258000.0,RUR,True
1348,110288279,Водитель-курьер на личном автомобиле в Озон фреш (м. Говорово),https://api.hh.ru/vacancies/110288279?host=hh.ru,['Курьер'],150000.0,270000.0,RUR,True
1349,115706057,Курьер коротких заказов,https://api.hh.ru/vacancies/115706057?host=hh.ru,['Курьер'],,200000.0,RUR,True
1350,106068296,Водитель-курьер (Москва и Московская область),https://api.hh.ru/vacancies/106068296?host=hh.ru,['Курьер'],155000.0,258000.0,RUR,True
1351,106276282,"Курьер на велосипеде (Москва, наб. Павелецкая, д. 2 стр. 18)",https://api.hh.ru/vacancies/106276282?host=hh.ru,['Курьер'],100000.0,,RUR,False
1352,111769412,Курьер на электровело в Ozon fresh (м.Крылатское),https://api.hh.ru/vacancies/111769412?host=hh.ru,['Курьер'],125000.0,250000.0,RUR,True
1353,114810653,Пеший курьер,https://api.hh.ru/vacancies/114810653?host=hh.ru,['Курьер'],188600.0,235600.0,RUR,True
1354,114958922,Водитель-курьер,https://api.hh.ru/vacancies/114958922?host=hh.ru,['Водитель'],243600.0,276400.0,RUR,False
1355,102102752,Курьер на самокате в Ozon fresh (Киевская),https://api.hh.ru/vacancies/102102752?host=hh.ru,['Курьер'],125000.0,250000.0,RUR,True
1356,115433703,Курьер на лёгкие заказы к партнёру Яндекс.Еда,https://api.hh.ru/vacancies/115433703?host=hh.ru,['Курьер'],,120000.0,RUR,True
1357,115602875,Курьер ( г. Москва ),https://api.hh.ru/vacancies/115602875?host=hh.ru,['Курьер'],150000.0,200000.0,RUR,False
1358,98946808,Курьер на электровелосипеде в Озон фреш (м. Парк победы),https://api.hh.ru/vacancies/98946808?host=hh.ru,['Курьер'],125000.0,250000.0,RUR,True
1359,107960365,Курьер-Водитель на личном автомобиле,https://api.hh.ru/vacancies/107960365?host=hh.ru,['Курьер'],150000.0,,RUR,False
1360,115396964,Курьер на электровелосипеде (м. Марьина роща),https://api.hh.ru/vacancies/115396964?host=hh.ru,['Курьер'],80000.0,,RUR,False
1361,115851864,Курьер-пеший со свободным графиком,https://api.hh.ru/vacancies/115851864?host=hh.ru,['Курьер'],195100.0,258000.0,RUR,False
1362,93518125,Курьер (Москва и МО),https://api.hh.ru/vacancies/93518125?host=hh.ru,['Курьер'],155000.0,258000.0,RUR,True
1363,110132611,Курьер на велосипеде (м. Смоленская),https://api.hh.ru/vacancies/110132611?host=hh.ru,['Курьер'],90000.0,,RUR,False
1364,111878876,Курьер,https://api.hh.ru/vacancies/111878876?host=hh.ru,['Курьер'],,207760.0,RUR,False
1365,115441430,Пеший курьер/Доставщик/Велокурьер,https://api.hh.ru/vacancies/115441430?host=hh.ru,['Курьер'],139000.0,232000.0,RUR,True
1366,115644767,"Водитель-курьер на автомобиле компании ""Делимобиль""",https://api.hh.ru/vacancies/115644767?host=hh.ru,['Курьер'],120000.0,,RUR,True
1367,107356342,"Курьер на велосипеде (Москва, ул. Выборгская, д. 16 к. 2)",https://api.hh.ru/vacancies/107356342?host=hh.ru,['Курьер'],90000.0,,RUR,False
1368,114619180,Водитель-курьер на корпоративном автомобиле (м. Текстильщики),https://api.hh.ru/vacancies/114619180?host=hh.ru,['Курьер'],90000.0,120000.0,RUR,True
1369,114835653,Курьер на велосипеде компании,https://api.hh.ru/vacancies/114835653?host=hh.ru,['Курьер'],159500.0,176500.0,RUR,True
1370,115907084,Курьер на разовые подработки,https://api.hh.ru/vacancies/115907084?host=hh.ru,['Курьер'],175000.0,205400.0,RUR,False
1371,114483176,Курьер пеший,https://api.hh.ru/vacancies/114483176?host=hh.ru,['Курьер'],195100.0,258000.0,RUR,False
1372,114911722,Велокурьер / Пеший курьер,https://api.hh.ru/vacancies/114911722?host=hh.ru,['Курьер'],90000.0,,RUR,False
1373,106964941,Курьер (Москва и Московская область),https://api.hh.ru/vacancies/106964941?host=hh.ru,['Курьер'],155000.0,258000.0,RUR,True
1374,114553596,Курьер в банк (доставка документов),https://api.hh.ru/vacancies/114553596?host=hh.ru,['Курьер'],118700.0,146900.0,RUR,True
1375,114675439,Курьер легких заказов,https://api.hh.ru/vacancies/114675439?host=hh.ru,['Курьер'],241400.0,280300.0,RUR,True
1376,115291831,Курьер,https://api.hh.ru/vacancies/115291831?host=hh.ru,['Курьер'],127000.0,150000.0,RUR,False
1377,105478804,Курьер-Доставщик,https://api.hh.ru/vacancies/105478804?host=hh.ru,['Курьер'],85000.0,140000.0,RUR,False
1378,110312369,Водитель-курьер на личном автомобиле в Озон фреш (м. Люблино),https://api.hh.ru/vacancies/110312369?host=hh.ru,['Курьер'],150000.0,270000.0,RUR,True
1379,113266320,"Курьер на электровелосипеде (Москва, ул. Большая Черемушкинская, дом 2А стр. 3)",https://api.hh.ru/vacancies/113266320?host=hh.ru,['Курьер'],100000.0,,RUR,False
1380,114925861,Водитель-курьер,https://api.hh.ru/vacancies/114925861?host=hh.ru,['Водитель'],243600.0,276400.0,RUR,False
1381,115507919,Курьер для Самокат,https://api.hh.ru/vacancies/115507919?host=hh.ru,['Курьер'],,170000.0,RUR,False
1382,115829333,Курьер на служебном элeктровeлoсипеде,https://api.hh.ru/vacancies/115829333?host=hh.ru,['Курьер'],185500.0,250000.0,RUR,False
1383,115140260,Курьер-пеший,https://api.hh.ru/vacancies/115140260?host=hh.ru,['Курьер'],195100.0,258000.0,RUR,False
1384,115894885,Водитель-курьер на личном автомобиле,https://api.hh.ru/vacancies/115894885?host=hh.ru,['Курьер'],160000.0,,RUR,False
1385,101083591,"Курьер на велосипеде (Москва, ул. Ставропольская, д. 41В)",https://api.hh.ru/vacancies/101083591?host=hh.ru,['Курьер'],100000.0,,RUR,False
1386,104444807,Курьер в Ozon fresh (м. Рязанский проспект),https://api.hh.ru/vacancies/104444807?host=hh.ru,['Курьер'],125000.0,250000.0,RUR,True
1387,107865072,Курьер в Озон фреш,https://api.hh.ru/vacancies/107865072?host=hh.ru,['Курьер'],125000.0,250000.0,RUR,True
1388,108430829,Пеший курьер в Ozon fresh (Сходненская),https://api.hh.ru/vacancies/108430829?host=hh.ru,['Курьер'],125000.0,250000.0,RUR,True
1389,114515236,Пеший курьер,https://api.hh.ru/vacancies/114515236?host=hh.ru,['Курьер'],188600.0,235600.0,RUR,True
1390,101267170,Водитель-курьер (Москва и Московская область),https://api.hh.ru/vacancies/101267170?host=hh.ru,['Водитель'],155000.0,258000.0,RUR,True
1391,105683829,"Курьер на велосипеде (Москва, ул. Берзарина, д. 21А)",https://api.hh.ru/vacancies/105683829?host=hh.ru,['Курьер'],100000.0,,RUR,False
1392,108783223,Курьер на велосипеде,https://api.hh.ru/vacancies/108783223?host=hh.ru,['Курьер'],125000.0,250000.0,RUR,True
1393,115780921,Пеший курьер рядом с домом — отличная подработка,https://api.hh.ru/vacancies/115780921?host=hh.ru,['Курьер'],,215000.0,RUR,True
1394,115888899,"Водитель-курьер на автомобиле компании ""Делимобиль""",https://api.hh.ru/vacancies/115888899?host=hh.ru,['Курьер'],120000.0,,RUR,True
1395,115041950,Курьер пеший,https://api.hh.ru/vacancies/115041950?host=hh.ru,['Курьер'],195100.0,258000.0,RUR,False
1396,105603260,"Ночной курьер на велосипеде от компании (Москва, Несвижский, 2)",https://api.hh.ru/vacancies/105603260?host=hh.ru,['Курьер'],100000.0,,RUR,False
1397,106068231,Водитель-курьер (Москва и Московская область),https://api.hh.ru/vacancies/106068231?host=hh.ru,['Курьер'],155000.0,258000.0,RUR,True
1398,111884449,Курьер,https://api.hh.ru/vacancies/111884449?host=hh.ru,['Курьер'],,207760.0,RUR,False
1399,114691944,Пеший курьер,https://api.hh.ru/vacancies/114691944?host=hh.ru,['Курьер'],188600.0,235600.0,RUR,True
1400,114922131,КУРЬЕР,https://api.hh.ru/vacancies/114922131?host=hh.ru,['Курьер'],,207760.0,RUR,False
1401,114619546,Водитель-курьер (м. Хорошово),https://api.hh.ru/vacancies/114619546?host=hh.ru,['Курьер'],90000.0,120000.0,RUR,True
1402,115006089,Водитель-курьер,https://api.hh.ru/vacancies/115006089?host=hh.ru,['Водитель'],170600.0,193600.0,RUR,False
1403,85332138,"Курьер на электровелосипеде (Москва, ш. Ярославское, д. 122)",https://api.hh.ru/vacancies/85332138?host=hh.ru,['Курьер'],100000.0,,RUR,False
1404,102993551,"Курьер на электровелосипеде (Москва, ул. Нагатинская, д. 16)",https://api.hh.ru/vacancies/102993551?host=hh.ru,['Курьер'],100000.0,,RUR,False
1405,106964948,Курьер (Москва и Московская область),https://api.hh.ru/vacancies/106964948?host=hh.ru,['Курьер'],155000.0,258000.0,RUR,True
1406,107885860,"Курьер на велосипеде (Москва, ул. Кирпичные Выемки, д. 2 к. 1)",https://api.hh.ru/vacancies/107885860?host=hh.ru,['Курьер'],100000.0,,RUR,False
1407,109897751,"Курьер на велосипеде (Москва, ш. Пятницкое, д. 29)",https://api.hh.ru/vacancies/109897751?host=hh.ru,['Курьер'],120000.0,,RUR,False
1408,110629186,Водитель-курьер на личном автомобиле в Озон фреш,https://api.hh.ru/vacancies/110629186?host=hh.ru,['Курьер'],150000.0,270000.0,RUR,True
1409,114483157,Курьер пеший,https://api.hh.ru/vacancies/114483157?host=hh.ru,['Курьер'],195100.0,258000.0,RUR,False
1410,115141388,Пеший курьер,https://api.hh.ru/vacancies/115141388?host=hh.ru,['Курьер'],,207760.0,RUR,False
1411,115592627,Курьер интернет магазина,https://api.hh.ru/vacancies/115592627?host=hh.ru,['Курьер'],62000.0,70000.0,RUR,False
1412,115831844,Велокурьер/курьер на электровелосипеде,https://api.hh.ru/vacancies/115831844?host=hh.ru,['Курьер'],140000.0,,RUR,False
1413,84383669,Курьер в Ozon fresh,https://api.hh.ru/vacancies/84383669?host=hh.ru,['Водитель'],135000.0,,RUR,True
1414,109472394,Курьер на электровелосипеде в Озон фреш,https://api.hh.ru/vacancies/109472394?host=hh.ru,['Курьер'],125000.0,250000.0,RUR,True
1415,113278038,"Курьер на велосипеде (Москва, б-р Литовский, дом 22)",https://api.hh.ru/vacancies/113278038?host=hh.ru,['Курьер'],120000.0,,RUR,False
1416,115889720,Курьер подработка,https://api.hh.ru/vacancies/115889720?host=hh.ru,['Курьер'],115000.0,150000.0,RUR,False
1417,115786340,Курьер легких заказов и товаров для взрослых,https://api.hh.ru/vacancies/115786340?host=hh.ru,"['Упаковщик, комплектовщик']",144000.0,182000.0,RUR,False
1418,109281900,Курьер,https://api.hh.ru/vacancies/109281900?host=hh.ru,['Курьер'],,207760.0,RUR,False
1419,115412060,Водитель курьер на своем автомобиле (Тушинская),https://api.hh.ru/vacancies/115412060?host=hh.ru,['Курьер'],100000.0,200000.0,RUR,False
1420,114619729,Курьер пеший,https://api.hh.ru/vacancies/114619729?host=hh.ru,['Курьер'],195100.0,258000.0,RUR,False
1421,110396254,Водитель курьер в Ozon fresh (Сходненская),https://api.hh.ru/vacancies/110396254?host=hh.ru,['Курьер'],150000.0,270000.0,RUR,True
1422,102090290,"Курьер на велосипеде (Москва, пр-т Зеленый, д. 3А стр. 1)",https://api.hh.ru/vacancies/102090290?host=hh.ru,['Курьер'],120000.0,,RUR,False
1423,107527944,Водитель-Курьер в Пятёрочку,https://api.hh.ru/vacancies/107527944?host=hh.ru,['Курьер'],,140000.0,RUR,False
1424,111770003,Водитель-курьер в Ozon fresh (ТЦ Капитолий),https://api.hh.ru/vacancies/111770003?host=hh.ru,['Курьер'],150000.0,270000.0,RUR,True
1425,112447674,Велокурьер/Курьер,https://api.hh.ru/vacancies/112447674?host=hh.ru,['Курьер'],150000.0,,RUR,False
1426,115073572,Курьер,https://api.hh.ru/vacancies/115073572?host=hh.ru,['Курьер'],94122.0,134241.0,RUR,False
1427,103729080,Курьер на своем велосипеде в Ozon fresh (Москва Сити),https://api.hh.ru/vacancies/103729080?host=hh.ru,['Курьер'],125000.0,250000.0,RUR,True
1428,106068313,Водитель-курьер (Москва и Московская область),https://api.hh.ru/vacancies/106068313?host=hh.ru,['Курьер'],155000.0,258000.0,RUR,True
1429,111950843,Водитель-курьер на корпоративном автомобиле в Озон фреш (м. Каширская),https://api.hh.ru/vacancies/111950843?host=hh.ru,['Курьер'],135000.0,240000.0,RUR,True
1430,114962174,Водитель-курьер,https://api.hh.ru/vacancies/114962174?host=hh.ru,['Водитель'],243600.0,276400.0,RUR,False
1431,115781501,"Курьер на легкие заказы (ежедневные выплаты, без доставки еды)",https://api.hh.ru/vacancies/115781501?host=hh.ru,['Курьер'],,220000.0,RUR,True
1432,106977768,Водитель-курьер на авто компании,https://api.hh.ru/vacancies/106977768?host=hh.ru,['Водитель'],90000.0,,RUR,False
1433,114813519,Пеший Курьер,https://api.hh.ru/vacancies/114813519?host=hh.ru,['Курьер'],195100.0,258000.0,RUR,False
1434,115125341,Курьер (д. Коробово),https://api.hh.ru/vacancies/115125341?host=hh.ru,['Курьер'],,207760.0,RUR,False
1435,106851829,Курьер на электровелосипеде в Озон фреш,https://api.hh.ru/vacancies/106851829?host=hh.ru,['Курьер'],125000.0,250000.0,RUR,True
1436,115729499,"Водитель-курьер на автомобиле компании ""Делимобиль""",https://api.hh.ru/vacancies/115729499?host=hh.ru,['Курьер'],120000.0,,RUR,True
1437,86589636,Курьер,https://api.hh.ru/vacancies/86589636?host=hh.ru,['Другое'],,105000.0,RUR,False
1438,107371359,Водитель-курьер в вашем округе,https://api.hh.ru/vacancies/107371359?host=hh.ru,['Курьер'],117450.0,,RUR,True
1439,107573619,Пеший курьер в Озон фреш (м. Крымская),https://api.hh.ru/vacancies/107573619?host=hh.ru,['Курьер'],125000.0,250000.0,RUR,True
1440,106724102,Пеший курьер в Ozon fresh (Сходненская),https://api.hh.ru/vacancies/106724102?host=hh.ru,['Курьер'],125000.0,250000.0,RUR,True
1441,106724577,Пеший курьер в Ozon fresh ( Строгино),https://api.hh.ru/vacancies/106724577?host=hh.ru,['Курьер'],125000.0,250000.0,RUR,True
1442,114576254,Водитель-курьер,https://api.hh.ru/vacancies/114576254?host=hh.ru,['Курьер'],,45120.0,RUR,True
1443,92362670,Водитель-курьер на LADA LARGUS (можно работать на личном авто),https://api.hh.ru/vacancies/92362670?host=hh.ru,['Водитель'],,140000.0,RUR,True
1444,115013612,Курьер пеший,https://api.hh.ru/vacancies/115013612?host=hh.ru,['Курьер'],195100.0,258000.0,RUR,False
1445,115073616,Курьер,https://api.hh.ru/vacancies/115073616?host=hh.ru,['Курьер'],94122.0,134295.0,RUR,False
1446,115740934,Курьер пеший аптечных заказов и товаров для дома (2-4кг),https://api.hh.ru/vacancies/115740934?host=hh.ru,['Курьер'],127000.0,158000.0,RUR,False
1447,105810537,Представитель банка Тинькофф/Пеший курьер (доставка карт),https://api.hh.ru/vacancies/105810537?host=hh.ru,['Курьер'],110000.0,,RUR,False
1448,110624136,Водитель-курьер на личном автомобиле,https://api.hh.ru/vacancies/110624136?host=hh.ru,['Курьер'],150000.0,270000.0,RUR,True
1449,106068254,Водитель-курьер (Москва и Московская область),https://api.hh.ru/vacancies/106068254?host=hh.ru,['Курьер'],155000.0,258000.0,RUR,True
1450,106723499,Курьеров на велосипеде Ozon fresh (Москва Сити),https://api.hh.ru/vacancies/106723499?host=hh.ru,['Курьер'],125000.0,250000.0,RUR,True
1451,108783225,Курьер на электровелосипеде в Озон фреш,https://api.hh.ru/vacancies/108783225?host=hh.ru,['Курьер'],125000.0,250000.0,RUR,True
1452,114918337,Пеший курьер,https://api.hh.ru/vacancies/114918337?host=hh.ru,['Курьер'],188600.0,235600.0,RUR,True
1453,106764364,Водитель-курьер на личном авто в Озон фреш (м.Мичуринский проспект),https://api.hh.ru/vacancies/106764364?host=hh.ru,['Водитель'],150000.0,270000.0,RUR,True
1454,110636340,Курьер,https://api.hh.ru/vacancies/110636340?host=hh.ru,['Курьер'],60000.0,,RUR,False
1455,115551307,"Курьер на велосипеде (Москва, ул. Барболина, д. 2)",https://api.hh.ru/vacancies/115551307?host=hh.ru,['Курьер'],100000.0,,RUR,False
1456,110979434,Курьер на электровело в Ozon Fresh (м.Славянский бульвар),https://api.hh.ru/vacancies/110979434?host=hh.ru,['Курьер'],125000.0,250000.0,RUR,True
1457,111887486,Курьер,https://api.hh.ru/vacancies/111887486?host=hh.ru,['Курьер'],,207760.0,RUR,False
1458,90977280,Водитель-курьер на LADA LARGUS (можно работать на личном авто),https://api.hh.ru/vacancies/90977280?host=hh.ru,['Водитель'],,140000.0,RUR,True
1459,104663847,"Курьер на велосипеде (Москва, ул. Коровий Вал, д. 1А стр. 2)",https://api.hh.ru/vacancies/104663847?host=hh.ru,['Курьер'],100000.0,,RUR,False
1460,106068237,Водитель-курьер (Москва и Московская область),https://api.hh.ru/vacancies/106068237?host=hh.ru,['Курьер'],155000.0,258000.0,RUR,True
1461,110396250,Водитель курьер на личном авто в Ozon fresh (Сходненская),https://api.hh.ru/vacancies/110396250?host=hh.ru,['Курьер'],150000.0,270000.0,RUR,True
1462,101267202,Водитель-курьер (Москва и Московская область),https://api.hh.ru/vacancies/101267202?host=hh.ru,['Водитель'],155000.0,258000.0,RUR,True
1463,106609714,КУРЬЕР,https://api.hh.ru/vacancies/106609714?host=hh.ru,['Курьер'],,207760.0,RUR,False
1464,108427459,Курьер в Ozon fresh (Москва Сити),https://api.hh.ru/vacancies/108427459?host=hh.ru,['Курьер'],125000.0,250000.0,RUR,True
1465,110978964,Пеший курьер в Ozon Fresh (м.Давыдково),https://api.hh.ru/vacancies/110978964?host=hh.ru,['Курьер'],125000.0,250000.0,RUR,True
1466,112886375,"Водитель курьер на личном автомобиле (Москва, ул. Маршала Прошлякова 5)",https://api.hh.ru/vacancies/112886375?host=hh.ru,['Курьер'],110000.0,,RUR,False
1467,114918325,Пеший курьер,https://api.hh.ru/vacancies/114918325?host=hh.ru,['Курьер'],188600.0,235600.0,RUR,True
1468,104754958,Курьер,https://api.hh.ru/vacancies/104754958?host=hh.ru,['Курьер'],134400.0,192000.0,RUR,False
1469,108429809,Пеший курьер в Ozon fresh (Красногорск),https://api.hh.ru/vacancies/108429809?host=hh.ru,['Курьер'],125000.0,250000.0,RUR,True
1470,111783382,Водитель-курьер на личном автомобиле в Озон фреш (г. Щербинка),https://api.hh.ru/vacancies/111783382?host=hh.ru,['Курьер'],150000.0,270000.0,RUR,True
1471,111876715,Курьер / Пеший курьер,https://api.hh.ru/vacancies/111876715?host=hh.ru,['Курьер'],,207760.0,RUR,False
1472,114579881,Водитель-курьер,https://api.hh.ru/vacancies/114579881?host=hh.ru,['Водитель'],243600.0,276400.0,RUR,False
1473,115332798,Представитель/водитель-курьер по доставке из аптек на своем автомобиле,https://api.hh.ru/vacancies/115332798?host=hh.ru,['Другое'],150000.0,280000.0,RUR,True
1474,88690639,"Курьер на велосипеде (Москва, ул. 1-я Магистральная д.18)",https://api.hh.ru/vacancies/88690639?host=hh.ru,['Курьер'],90000.0,,RUR,False
1475,106964949,Курьер (Москва и Московская область),https://api.hh.ru/vacancies/106964949?host=hh.ru,['Курьер'],155000.0,258000.0,RUR,True
1476,115823656,Велокурьер/ курьер на электровелосипеде,https://api.hh.ru/vacancies/115823656?host=hh.ru,['Курьер'],140000.0,,RUR,False
1477,105603279,"Курьер на электровелосипеде от компании (Москва, Несвижский, 2)",https://api.hh.ru/vacancies/105603279?host=hh.ru,['Курьер'],100000.0,,RUR,False
1478,106068360,Водитель-курьер (Москва и Московская область),https://api.hh.ru/vacancies/106068360?host=hh.ru,['Курьер'],155000.0,258000.0,RUR,True
1479,111875143,Водитель-курьер на личном автомобиле в Озон фреш (м. Юго-Западная),https://api.hh.ru/vacancies/111875143?host=hh.ru,['Курьер'],150000.0,270000.0,RUR,True
1480,115011108,Курьер,https://api.hh.ru/vacancies/115011108?host=hh.ru,['Другое'],145000.0,255000.0,RUR,False
1481,115850699,Курьер на велосипеде,https://api.hh.ru/vacancies/115850699?host=hh.ru,['Курьер'],101500.0,,RUR,False
1482,110060041,"Курьер на велосипеде (Москва, Миклухо-Маклая, 18к2)",https://api.hh.ru/vacancies/110060041?host=hh.ru,['Курьер'],100000.0,,RUR,False
1483,114559652,Водитель-курьер/Автокурьер на своем автомобиле,https://api.hh.ru/vacancies/114559652?host=hh.ru,['Курьер'],255000.0,,RUR,False
1484,110404578,Водитель курьер на личном автомобиле в Ozon fresh (Митино),https://api.hh.ru/vacancies/110404578?host=hh.ru,['Курьер'],150000.0,270000.0,RUR,True
1485,114574690,Пеший курьер доставок клиентам на дом (из супермаркетов и зоомагазинов),https://api.hh.ru/vacancies/114574690?host=hh.ru,['Курьер'],157000.0,179000.0,RUR,False
1486,114698357,Курьер,https://api.hh.ru/vacancies/114698357?host=hh.ru,['Курьер'],205400.0,223600.0,RUR,False
1487,114949880,Курьер на велосипеде в доставку,https://api.hh.ru/vacancies/114949880?host=hh.ru,['Курьер'],115000.0,125600.0,RUR,False
1488,115270307,Водитель-курьер с личным автомобилем (м. Войковская),https://api.hh.ru/vacancies/115270307?host=hh.ru,['Курьер'],,140000.0,RUR,False
1489,106140740,"Курьер на велосипеде (Москва, Дубнинская, 83А)",https://api.hh.ru/vacancies/106140740?host=hh.ru,['Курьер'],90000.0,,RUR,False
1490,105648511,Курьер (Балашиха),https://api.hh.ru/vacancies/105648511?host=hh.ru,['Курьер'],125000.0,250000.0,RUR,True
1491,110319389,Водитель курьер (м. Пролетарская),https://api.hh.ru/vacancies/110319389?host=hh.ru,['Курьер'],150000.0,270000.0,RUR,True
1492,112403057,"Курьер на велосипеде (Москва ул. Беломорская, д. 26, стр. 2)",https://api.hh.ru/vacancies/112403057?host=hh.ru,['Курьер'],100000.0,,RUR,False
1493,114589142,Водитель-курьер,https://api.hh.ru/vacancies/114589142?host=hh.ru,['Водитель'],243600.0,276400.0,RUR,False
1494,110315640,Водитель курьер на личном авто в Озон фреш (м. Марьино),https://api.hh.ru/vacancies/110315640?host=hh.ru,['Курьер'],150000.0,270000.0,RUR,True
1495,110337882,Курьер в Озон фреш,https://api.hh.ru/vacancies/110337882?host=hh.ru,['Курьер'],125000.0,250000.0,RUR,True
1496,111769415,Курьер на самокате в Ozon fresh (м.Крылатское),https://api.hh.ru/vacancies/111769415?host=hh.ru,['Курьер'],125000.0,250000.0,RUR,True
1497,114947495,Водитель-курьер,https://api.hh.ru/vacancies/114947495?host=hh.ru,['Водитель'],243600.0,276400.0,RUR,False
1498,114974539,Курьер пеший,https://api.hh.ru/vacancies/114974539?host=hh.ru,['Курьер'],195100.0,258000.0,RUR,False
1499,114921045,Курьер пеший,https://api.hh.ru/vacancies/114921045?host=hh.ru,['Курьер'],195100.0,258000.0,RUR,False
1500,115786134,Курьер на велосипеде,https://api.hh.ru/vacancies/115786134?host=hh.ru,['Курьер'],198500.0,245800.0,RUR,False
1501,106964803,Курьер (Москва и Московская область),https://api.hh.ru/vacancies/106964803?host=hh.ru,['Курьер'],155000.0,258000.0,RUR,True
1502,112867337,"Ночной водитель курьер на личном автомобиле (Москва, пр-т Вернадского, дом 37 к. 2)",https://api.hh.ru/vacancies/112867337?host=hh.ru,['Курьер'],100000.0,,RUR,False
1503,115834342,"Водитель-курьер на автомобиле компании ""Делимобиль""",https://api.hh.ru/vacancies/115834342?host=hh.ru,['Курьер'],120000.0,,RUR,True
1504,108215949,"Курьер на велосипеде (ул. 2-ая Вольская, д. 1)",https://api.hh.ru/vacancies/108215949?host=hh.ru,['Курьер'],100000.0,,RUR,False
1505,115015867,Курьер пеший,https://api.hh.ru/vacancies/115015867?host=hh.ru,['Курьер'],195100.0,258000.0,RUR,False
1506,115139584,Водитель-курьер,https://api.hh.ru/vacancies/115139584?host=hh.ru,['Водитель'],243600.0,276400.0,RUR,False
1507,115293462,Водитель-курьер,https://api.hh.ru/vacancies/115293462?host=hh.ru,['Водитель'],243600.0,276400.0,RUR,False
1508,107354688,Курьер в Озон фреш (Люберцы),https://api.hh.ru/vacancies/107354688?host=hh.ru,['Курьер'],125000.0,250000.0,RUR,True
1509,114954882,Пеший курьер,https://api.hh.ru/vacancies/114954882?host=hh.ru,['Курьер'],195100.0,258000.0,RUR,False
1510,115816181,Водитель - курьер с личным автомобилем,https://api.hh.ru/vacancies/115816181?host=hh.ru,['Курьер'],160000.0,,RUR,False
1511,108103910,"Водитель-курьер в премиальный ресторан, (ЗАО)",https://api.hh.ru/vacancies/108103910?host=hh.ru,['Курьер'],120000.0,220000.0,RUR,False
1512,115181257,Водитель-курьер,https://api.hh.ru/vacancies/115181257?host=hh.ru,['Курьер'],100000.0,,RUR,False
1513,115889326,Пеший курьер/Велокурьер в доставку,https://api.hh.ru/vacancies/115889326?host=hh.ru,['Курьер'],199600.0,226100.0,RUR,False
1514,115941108,"Водитель-курьер на автомобиле компании ""Делимобиль""",https://api.hh.ru/vacancies/115941108?host=hh.ru,['Курьер'],120000.0,,RUR,True
1515,107865073,Курьер на велосипеде (м. Крестьянская застава),https://api.hh.ru/vacancies/107865073?host=hh.ru,['Курьер'],125000.0,250000.0,RUR,True
1516,112970125,"Курьер на электровелосипеде (Москва, Ленинский, дом 54)",https://api.hh.ru/vacancies/112970125?host=hh.ru,['Курьер'],100000.0,,RUR,False
1517,114925862,Курьер пеший,https://api.hh.ru/vacancies/114925862?host=hh.ru,['Курьер'],195100.0,258000.0,RUR,False
1518,114925864,Курьер пеший,https://api.hh.ru/vacancies/114925864?host=hh.ru,['Курьер'],195100.0,258000.0,RUR,False
1519,111113798,Курьер,https://api.hh.ru/vacancies/111113798?host=hh.ru,['Курьер'],105000.0,186800.0,RUR,False
1520,115125343,Курьер,https://api.hh.ru/vacancies/115125343?host=hh.ru,['Курьер'],,207760.0,RUR,False
1521,102520544,"Курьер на велосипеде (Москва, ул. Солнечногорская , д. 4 стр. 6)",https://api.hh.ru/vacancies/102520544?host=hh.ru,['Курьер'],100000.0,,RUR,False
1522,108672913,Курьер,https://api.hh.ru/vacancies/108672913?host=hh.ru,['Курьер'],,207760.0,RUR,False
1523,114818052,"Курьер на велосипеде, новогодние подарки",https://api.hh.ru/vacancies/114818052?host=hh.ru,['Курьер'],201600.0,246400.0,RUR,False
1524,114918336,Пеший курьер,https://api.hh.ru/vacancies/114918336?host=hh.ru,['Курьер'],188600.0,235600.0,RUR,True
1525,93676190,Пеший курьер в Ozon Fresh (м. Пражская),https://api.hh.ru/vacancies/93676190?host=hh.ru,['Курьер'],125000.0,250000.0,RUR,True
1526,109122811,Пеший курьер / курьер,https://api.hh.ru/vacancies/109122811?host=hh.ru,['Курьер'],,207760.0,RUR,False
1527,110979426,Пеший курьер в Ozon Fresh (м.Славянский бульвар),https://api.hh.ru/vacancies/110979426?host=hh.ru,['Курьер'],125000.0,250000.0,RUR,True
1528,115073596,Курьер,https://api.hh.ru/vacancies/115073596?host=hh.ru,['Курьер'],94122.0,134240.0,RUR,False
1529,115479869,Курьер на велосипеде в доставку Самокат,https://api.hh.ru/vacancies/115479869?host=hh.ru,['Курьер'],127000.0,150000.0,RUR,False
1530,103224451,Курьер в Ozon Fresh,https://api.hh.ru/vacancies/103224451?host=hh.ru,['Курьер'],125000.0,250000.0,RUR,True
1531,110613246,Курьер,https://api.hh.ru/vacancies/110613246?host=hh.ru,['Курьер'],,207760.0,RUR,False
1532,115015716,Курьер пеший,https://api.hh.ru/vacancies/115015716?host=hh.ru,['Курьер'],195100.0,258000.0,RUR,False
1533,115440365,Водитель-курьер на личном автомобиле г. Москва,https://api.hh.ru/vacancies/115440365?host=hh.ru,['Курьер'],150000.0,,RUR,True
1534,107865071,Курьер на электровелосипеде (м. Пролетарская),https://api.hh.ru/vacancies/107865071?host=hh.ru,['Курьер'],125000.0,250000.0,RUR,True
1535,112847027,Водитель курьер на личном автомобиле (м. Университет),https://api.hh.ru/vacancies/112847027?host=hh.ru,['Курьер'],120000.0,,RUR,False
1536,101267161,Водитель-курьер (Москва и Московская область),https://api.hh.ru/vacancies/101267161?host=hh.ru,['Водитель'],155000.0,258000.0,RUR,True
1537,111311688,Курьер на склад,https://api.hh.ru/vacancies/111311688?host=hh.ru,['Курьер'],,207760.0,RUR,False
1538,106068287,Водитель-курьер (Москва и Московская область),https://api.hh.ru/vacancies/106068287?host=hh.ru,['Курьер'],155000.0,258000.0,RUR,True
1539,106964918,Курьер (Москва и Московская область),https://api.hh.ru/vacancies/106964918?host=hh.ru,['Курьер'],155000.0,258000.0,RUR,True
1540,110857103,Водитель-курьер на личном автомобиле (Фарш),https://api.hh.ru/vacancies/110857103?host=hh.ru,['Курьер'],91000.0,124000.0,RUR,False
1541,114576006,Курьер пеший,https://api.hh.ru/vacancies/114576006?host=hh.ru,['Курьер'],195100.0,258000.0,RUR,False
1542,115032376,Курьер пеший,https://api.hh.ru/vacancies/115032376?host=hh.ru,['Курьер'],195100.0,258000.0,RUR,False
1543,104444809,Курьер на электровелосипеде,https://api.hh.ru/vacancies/104444809?host=hh.ru,['Курьер'],125000.0,250000.0,RUR,True
1544,113277858,"Водитель курьер на личном автомобиле (Москва, б-р Литовский, дом 22)",https://api.hh.ru/vacancies/113277858?host=hh.ru,['Курьер'],120000.0,,RUR,False
1545,115480296,Курьер на велосипеде,https://api.hh.ru/vacancies/115480296?host=hh.ru,['Курьер'],127000.0,150000.0,RUR,False
1546,105995886,"Курьер на велосипеде (Москва, пр. Береговой, д. 4)",https://api.hh.ru/vacancies/105995886?host=hh.ru,['Курьер'],100000.0,,RUR,False
1547,107513931,"Курьер на велосипеде (Москва, ш. Рублёвское, д. 48/1)",https://api.hh.ru/vacancies/107513931?host=hh.ru,['Курьер'],100000.0,,RUR,False
1548,110060148,"Курьер на велосипеде (Москва ул. Дубнинская, д. 16)",https://api.hh.ru/vacancies/110060148?host=hh.ru,['Курьер'],100000.0,,RUR,False
1549,115199400,"Водитель-курьер на автомобиле компании ""Делимобиль""",https://api.hh.ru/vacancies/115199400?host=hh.ru,['Курьер'],120000.0,,RUR,True
1550,115496982,Курьер,https://api.hh.ru/vacancies/115496982?host=hh.ru,['Курьер'],110000.0,180000.0,RUR,False
1551,114810656,Пеший курьер,https://api.hh.ru/vacancies/114810656?host=hh.ru,['Курьер'],188600.0,235600.0,RUR,True
1552,115482308,Курьер / Велокурьер партнерской доставки Самокат,https://api.hh.ru/vacancies/115482308?host=hh.ru,['Курьер'],122000.0,207800.0,RUR,False
1553,101258067,Водитель-курьер на Lada Largus,https://api.hh.ru/vacancies/101258067?host=hh.ru,['Курьер'],120000.0,,RUR,True
1554,112969310,Водитель-курьер (можно работать на личном авто),https://api.hh.ru/vacancies/112969310?host=hh.ru,"['Менеджер по продажам, менеджер по работе с клиентами']",,140000.0,RUR,True
1555,114692857,Пеший Курьер,https://api.hh.ru/vacancies/114692857?host=hh.ru,['Курьер'],100000.0,127000.0,RUR,False
1556,97706778,"Водитель-курьер на личном автомобиле в ""Пятерочку""",https://api.hh.ru/vacancies/97706778?host=hh.ru,['Курьер'],,140000.0,RUR,False
1557,106073699,"Курьер на велосипеде (Москва, пр-т Вернадского, д. 37 к. 2)",https://api.hh.ru/vacancies/106073699?host=hh.ru,['Курьер'],100000.0,,RUR,False
1558,112484603,Водитель-курьер на личном автомобиле в Озон фреш (м. Царицыно),https://api.hh.ru/vacancies/112484603?host=hh.ru,['Курьер'],150000.0,270000.0,RUR,True
1559,115013374,Курьер пеший,https://api.hh.ru/vacancies/115013374?host=hh.ru,['Курьер'],195100.0,258000.0,RUR,False
1560,115041943,Курьер пеший,https://api.hh.ru/vacancies/115041943?host=hh.ru,['Курьер'],195100.0,258000.0,RUR,False
1561,115320255,"Водитель-курьер на автомобиле компании ""Делимобиль""",https://api.hh.ru/vacancies/115320255?host=hh.ru,['Курьер'],120000.0,,RUR,True
1562,106068240,Водитель-курьер (Москва и Московская область),https://api.hh.ru/vacancies/106068240?host=hh.ru,['Курьер'],155000.0,258000.0,RUR,True
1563,112402863,Курьер на велосипеде (Москва ул. Фестивальная 13 к.1),https://api.hh.ru/vacancies/112402863?host=hh.ru,['Курьер'],100000.0,,RUR,False
1564,100521399,Курьер,https://api.hh.ru/vacancies/100521399?host=hh.ru,['Курьер'],150000.0,180000.0,RUR,False
1565,115073515,"Курьер на велосипеде (Москва, ул. Снежная, д. 27)",https://api.hh.ru/vacancies/115073515?host=hh.ru,['Курьер'],100000.0,,RUR,False
1566,115267805,Бухгалтер-курьер,https://api.hh.ru/vacancies/115267805?host=hh.ru,['Бухгалтер'],,130000.0,RUR,True
1567,115529432,Водитель-курьер на своём автомобиле,https://api.hh.ru/vacancies/115529432?host=hh.ru,['Курьер'],,279000.0,RUR,False
1568,115388223,Администратор по логистике курьеров,https://api.hh.ru/vacancies/115388223?host=hh.ru,['Курьер'],75000.0,85000.0,RUR,False
1569,85112980,Водитель-курьер (малогабаритные заказы),https://api.hh.ru/vacancies/85112980?host=hh.ru,['Курьер'],,140000.0,RUR,True
1570,110511330,Курьер / Велокурьер-партнер Самоката,https://api.hh.ru/vacancies/110511330?host=hh.ru,['Курьер'],113000.0,138000.0,RUR,True
1571,111875410,Водитель-курьер на личном автомобиле в Озон фреш (м.Кантемировская),https://api.hh.ru/vacancies/111875410?host=hh.ru,['Курьер'],150000.0,270000.0,RUR,True
1572,114962178,Курьер пеший,https://api.hh.ru/vacancies/114962178?host=hh.ru,['Курьер'],195100.0,258000.0,RUR,False
1573,115073918,"Водитель курьер на личном автомобиле (Москва, ул. Чермянская, д. 5Б стр. 1)",https://api.hh.ru/vacancies/115073918?host=hh.ru,['Курьер'],80000.0,,RUR,False
1574,114576007,Водитель-курьер,https://api.hh.ru/vacancies/114576007?host=hh.ru,['Водитель'],243600.0,276400.0,RUR,False
1575,114925867,Курьер пеший,https://api.hh.ru/vacancies/114925867?host=hh.ru,['Курьер'],195100.0,258000.0,RUR,False
1576,106964813,Курьер (Москва и Московская область),https://api.hh.ru/vacancies/106964813?host=hh.ru,['Курьер'],155000.0,258000.0,RUR,True
1577,113104932,Курьер,https://api.hh.ru/vacancies/113104932?host=hh.ru,['Курьер'],137000.0,150000.0,RUR,False
1578,113702963,Курьер с личным электровелосипедом (м.Академическая),https://api.hh.ru/vacancies/113702963?host=hh.ru,['Курьер'],90000.0,150000.0,RUR,False
1579,115888169,"Водитель-курьер на автомобиле компании ""Делимобиль""",https://api.hh.ru/vacancies/115888169?host=hh.ru,['Курьер'],120000.0,,RUR,True
1580,106964800,Курьер (Москва и Московская область),https://api.hh.ru/vacancies/106964800?host=hh.ru,['Курьер'],155000.0,258000.0,RUR,True
1581,106964875,Курьер (Москва и Московская область),https://api.hh.ru/vacancies/106964875?host=hh.ru,['Курьер'],155000.0,258000.0,RUR,True
1582,108429783,Курьер на электровелосипеде в Ozon Fresh (Красногорск),https://api.hh.ru/vacancies/108429783?host=hh.ru,['Курьер'],125000.0,250000.0,RUR,True
1583,113008153,Водитель курьер на своём грузовом автомобиле грузоподъемность от 3 тонн,https://api.hh.ru/vacancies/113008153?host=hh.ru,['Водитель'],168500.0,,RUR,False
1584,114816848,Пеший курьер,https://api.hh.ru/vacancies/114816848?host=hh.ru,['Курьер'],188600.0,235600.0,RUR,True
1585,114829656,Пеший курьер,https://api.hh.ru/vacancies/114829656?host=hh.ru,['Курьер'],188600.0,235600.0,RUR,True
1586,115004476,"Курьер легких заказов с ежедневной оплатой, без формы",https://api.hh.ru/vacancies/115004476?host=hh.ru,['Другое'],,281310.0,RUR,False
1587,115589581,"Курьер в it-холдинг (доставка с аптек , подарков, товаров для взрослых до 3 кг)-(СРОЧНО-ПОДРАБОТКА)",https://api.hh.ru/vacancies/115589581?host=hh.ru,['Другое'],1050.0,1550.0,USD,False
1588,108255761,Курьер на электровелосипеде в Озон фреш,https://api.hh.ru/vacancies/108255761?host=hh.ru,['Курьер'],125000.0,250000.0,RUR,True
1589,111951740,Водитель-курьер на корпоративном автомобиле в Озон фреш (м. Каширская),https://api.hh.ru/vacancies/111951740?host=hh.ru,['Курьер'],135000.0,240000.0,RUR,True
1590,115106345,"Курьер на склад ""Я.Лавка""",https://api.hh.ru/vacancies/115106345?host=hh.ru,['Курьер'],70000.0,,RUR,False
1591,115683258,Курьер,https://api.hh.ru/vacancies/115683258?host=hh.ru,['Курьер'],,166000.0,RUR,False
1592,111588496,Пеший курьер/курьер,https://api.hh.ru/vacancies/111588496?host=hh.ru,['Курьер'],,207760.0,RUR,False
1593,106941671,"Курьер на электровелосипеде (Москва, ул. Большая Черемушкинская, д. 2А стр. 3)",https://api.hh.ru/vacancies/106941671?host=hh.ru,['Курьер'],100000.0,,RUR,False
1594,107267831,Пеший курьер в Озон фреш (м. Новомосковская),https://api.hh.ru/vacancies/107267831?host=hh.ru,['Курьер'],125000.0,250000.0,RUR,True
1595,110626969,Водитель-курьер на личном автомобиле (м. Бибирево),https://api.hh.ru/vacancies/110626969?host=hh.ru,['Курьер'],150000.0,270000.0,RUR,True
1596,114589143,Пеший курьер,https://api.hh.ru/vacancies/114589143?host=hh.ru,['Курьер'],195100.0,258000.0,RUR,False
1597,114938252,Пеший Курьер,https://api.hh.ru/vacancies/114938252?host=hh.ru,['Курьер'],195100.0,258000.0,RUR,False
1598,115586548,Курьер на велосипеде в доставку,https://api.hh.ru/vacancies/115586548?host=hh.ru,['Курьер'],130000.0,150000.0,RUR,False
1599,114975524,Водитель-курьер на личном автомобиле (м.Алексеевская),https://api.hh.ru/vacancies/114975524?host=hh.ru,['Курьер'],,150000.0,RUR,False
1600,115228178,Водитель-курьер (категории B C D),https://api.hh.ru/vacancies/115228178?host=hh.ru,['Водитель'],70000.0,70000.0,RUR,False
1601,108430787,Курьер на электровелосипеде в Ozon fresh (Сходненская),https://api.hh.ru/vacancies/108430787?host=hh.ru,['Курьер'],125000.0,250000.0,RUR,True
1602,111982593,Курьер коротких заказов,https://api.hh.ru/vacancies/111982593?host=hh.ru,['Курьер'],,207300.0,RUR,True
1603,114589137,Пеший курьер,https://api.hh.ru/vacancies/114589137?host=hh.ru,['Курьер'],195100.0,258000.0,RUR,False
1604,114589156,Водитель-курьер,https://api.hh.ru/vacancies/114589156?host=hh.ru,['Водитель'],243600.0,276400.0,RUR,False
1605,110623219,Водитель-курьер на личном автомобиле (м. Бабушкинская),https://api.hh.ru/vacancies/110623219?host=hh.ru,['Курьер'],150000.0,270000.0,RUR,True
1606,114194150,Водитель-курьер на личном автомобиле (м. Новые Черёмушки),https://api.hh.ru/vacancies/114194150?host=hh.ru,['Курьер'],130000.0,,RUR,False
1607,106068300,Водитель-курьер (Москва и Московская область),https://api.hh.ru/vacancies/106068300?host=hh.ru,['Курьер'],155000.0,258000.0,RUR,True
1608,113325767,Водитель-курьер на личном автомобиле (м. Кожуховская),https://api.hh.ru/vacancies/113325767?host=hh.ru,['Курьер'],115000.0,,RUR,False
1609,114976722,Курьер-пеший,https://api.hh.ru/vacancies/114976722?host=hh.ru,['Курьер'],195100.0,258000.0,RUR,False
1610,115645950,"Курьер на велосипеде (Москва, ул. Мосфильмовская, дом 74Б)",https://api.hh.ru/vacancies/115645950?host=hh.ru,['Курьер'],100000.0,,RUR,False
1611,105486123,"Курьер на велосипеде (Москва, ул. Хлобыстова, д. 3)",https://api.hh.ru/vacancies/105486123?host=hh.ru,['Курьер'],100000.0,,RUR,False
1612,112517146,Велокурьер/ курьер на электровелосипеде,https://api.hh.ru/vacancies/112517146?host=hh.ru,['Курьер'],160000.0,,RUR,False
1613,112841317,"Курьер на велосипеде (Москва г, Волынская 10)",https://api.hh.ru/vacancies/112841317?host=hh.ru,['Курьер'],120000.0,,RUR,False
1614,114613766,Курьер пеший,https://api.hh.ru/vacancies/114613766?host=hh.ru,['Курьер'],195100.0,258000.0,RUR,False
1615,115032373,Курьер пеший,https://api.hh.ru/vacancies/115032373?host=hh.ru,['Курьер'],195100.0,258000.0,RUR,False
1616,115780652,Курьер для интернет-заказов — быстро и просто,https://api.hh.ru/vacancies/115780652?host=hh.ru,['Курьер'],,215000.0,RUR,True
1617,107217959,"Курьер на велосипеде от компании ( Москва, ул. Маршала Неделина, д. 19)",https://api.hh.ru/vacancies/107217959?host=hh.ru,['Курьер'],100000.0,,RUR,False
1618,114716030,Пеший курьер,https://api.hh.ru/vacancies/114716030?host=hh.ru,['Курьер'],188600.0,235600.0,RUR,True
1619,106141113,"Курьер на электровелосипеде (Москва, ул. 7-я Кожуховская, д. 9)",https://api.hh.ru/vacancies/106141113?host=hh.ru,['Курьер'],120000.0,,RUR,False
1620,110979432,Курьер в Ozon Fresh (м.Славянский бульвар),https://api.hh.ru/vacancies/110979432?host=hh.ru,['Курьер'],125000.0,250000.0,RUR,True
1621,111769410,Курьер в Ozon fresh (м.Крылатское),https://api.hh.ru/vacancies/111769410?host=hh.ru,['Курьер'],125000.0,250000.0,RUR,True
1622,113302519,"Водитель курьер на личном автомобиле (Москва, ул. Наметкина, дом 3)",https://api.hh.ru/vacancies/113302519?host=hh.ru,['Курьер'],100000.0,,RUR,False
1623,106964802,Курьер (Москва и Московская область),https://api.hh.ru/vacancies/106964802?host=hh.ru,['Курьер'],155000.0,258000.0,RUR,True
1624,114556208,Водитель-курьер на личном автомобиле (доставка мелких посылок),https://api.hh.ru/vacancies/114556208?host=hh.ru,['Водитель'],170000.0,300000.0,RUR,True
1625,114938280,"Водитель-курьер на личном автомобиле (Москва, пр-т Волгоградский, д. 73 стр. 1)",https://api.hh.ru/vacancies/114938280?host=hh.ru,['Курьер'],100000.0,,RUR,False
1626,114947493,Курьер пеший,https://api.hh.ru/vacancies/114947493?host=hh.ru,['Курьер'],195100.0,258000.0,RUR,False
1627,108429083,Курьер на самокате в Ozon Fresh (м. Беломорская),https://api.hh.ru/vacancies/108429083?host=hh.ru,['Курьер'],125000.0,250000.0,RUR,True
1628,110312376,Водитель курьер на личном авто в Озон фреш (м. Люблино),https://api.hh.ru/vacancies/110312376?host=hh.ru,['Курьер'],150000.0,270000.0,RUR,True
1629,110411845,Водитель курьер в Ozon fresh (Водный стадион),https://api.hh.ru/vacancies/110411845?host=hh.ru,['Курьер'],150000.0,270000.0,RUR,True
1630,114819210,Курьер пеший,https://api.hh.ru/vacancies/114819210?host=hh.ru,['Курьер'],195100.0,258000.0,RUR,False
1631,115050178,Курьер-пеший,https://api.hh.ru/vacancies/115050178?host=hh.ru,['Курьер'],195100.0,258000.0,RUR,False
1632,109399024,"Водитель курьер на личном автомобиле (Москва, ул. Кронбургская, д. 1 к. 6)",https://api.hh.ru/vacancies/109399024?host=hh.ru,['Курьер'],110000.0,,RUR,False
1633,114601503,Водитель-курьер,https://api.hh.ru/vacancies/114601503?host=hh.ru,['Водитель'],243600.0,276400.0,RUR,False
1634,110288535,Водитель-курьер на личном автомобиле в Озон фреш (м. Воронцовская),https://api.hh.ru/vacancies/110288535?host=hh.ru,['Курьер'],150000.0,270000.0,RUR,True
1635,110978968,Курьер на электровело в Ozon fresh (м.Давыдково),https://api.hh.ru/vacancies/110978968?host=hh.ru,['Курьер'],125000.0,250000.0,RUR,True
1636,115293466,Курьер пеший,https://api.hh.ru/vacancies/115293466?host=hh.ru,['Курьер'],195100.0,258000.0,RUR,False
1637,106964965,Курьер (Москва и Московская область),https://api.hh.ru/vacancies/106964965?host=hh.ru,['Курьер'],155000.0,258000.0,RUR,True
1638,114813517,Пеший курьер,https://api.hh.ru/vacancies/114813517?host=hh.ru,['Курьер'],195100.0,258000.0,RUR,False
1639,115605133,Курьер,https://api.hh.ru/vacancies/115605133?host=hh.ru,['Курьер'],,150000.0,RUR,True
1640,101065977,Курьер на Электровелосипеде,https://api.hh.ru/vacancies/101065977?host=hh.ru,['Курьер'],80000.0,100000.0,RUR,False
1641,106963577,Курьер (Москва и Московская область),https://api.hh.ru/vacancies/106963577?host=hh.ru,['Курьер'],155000.0,258000.0,RUR,True
1642,108673303,Курьер,https://api.hh.ru/vacancies/108673303?host=hh.ru,['Курьер'],,207760.0,RUR,False
1643,115409128,Пеший курьер по доставке карт Газпромбанка,https://api.hh.ru/vacancies/115409128?host=hh.ru,['Курьер'],120000.0,,RUR,True
1644,115720871,"Курьер на велосипеде (Москва, ул. Малыгина, д. 9 стр. 2)",https://api.hh.ru/vacancies/115720871?host=hh.ru,['Курьер'],120000.0,,RUR,False
1645,102417821,Курьер на велосипеде компании (Молжаниново),https://api.hh.ru/vacancies/102417821?host=hh.ru,['Курьер'],81000.0,163000.0,RUR,False
1646,104252168,"Курьер на велосипеде (Москва, ул. Гончарова, д. 17А)",https://api.hh.ru/vacancies/104252168?host=hh.ru,['Курьер'],100000.0,,RUR,False
1647,111350816,Водитель-курьер,https://api.hh.ru/vacancies/111350816?host=hh.ru,['Курьер'],120000.0,,RUR,False
1648,111879076,Курьер,https://api.hh.ru/vacancies/111879076?host=hh.ru,['Курьер'],,207760.0,RUR,False
1649,114483184,Водитель-курьер,https://api.hh.ru/vacancies/114483184?host=hh.ru,['Водитель'],243600.0,276400.0,RUR,False
1650,114952158,Водитель-курьер,https://api.hh.ru/vacancies/114952158?host=hh.ru,['Водитель'],243600.0,276400.0,RUR,False
1651,110320181,Водитель-курьер в Озон фреш (м. Дубровка),https://api.hh.ru/vacancies/110320181?host=hh.ru,['Курьер'],150000.0,270000.0,RUR,True
1652,111223670,Курьер (доставка карт),https://api.hh.ru/vacancies/111223670?host=hh.ru,['Курьер'],100000.0,,RUR,True
1653,114937335,Велокурьер / Курьер.,https://api.hh.ru/vacancies/114937335?host=hh.ru,['Курьер'],165000.0,,RUR,False
1654,101716368,Водитель-курьер на своем автомобиле (м. Шипиловская),https://api.hh.ru/vacancies/101716368?host=hh.ru,['Курьер'],100000.0,150000.0,RUR,False
1655,103725750,Водитель-курьер на личном автомобиле в Озон фреш (м. Ботанический сад),https://api.hh.ru/vacancies/103725750?host=hh.ru,['Курьер'],150000.0,270000.0,RUR,True
1656,115587240,Курьер пеший/велокурьер,https://api.hh.ru/vacancies/115587240?host=hh.ru,['Курьер'],127000.0,150000.0,RUR,False
1657,101871865,Водитель-курьер (Волгоградский),https://api.hh.ru/vacancies/101871865?host=hh.ru,['Курьер'],162000.0,270000.0,RUR,True
1658,107677503,Водитель-курьер на личном автомобиле (Реутов),https://api.hh.ru/vacancies/107677503?host=hh.ru,['Курьер'],150000.0,270000.0,RUR,True
1659,108429705,Пеший курьер в Ozon fresh ( Строгино),https://api.hh.ru/vacancies/108429705?host=hh.ru,['Курьер'],125000.0,250000.0,RUR,True
1660,109869389,Курьер / доставщик,https://api.hh.ru/vacancies/109869389?host=hh.ru,['Курьер'],,207760.0,RUR,False
1661,114575995,Пеший курьер,https://api.hh.ru/vacancies/114575995?host=hh.ru,['Курьер'],195100.0,258000.0,RUR,False
1662,114813544,Курьер (доставка продуктов),https://api.hh.ru/vacancies/114813544?host=hh.ru,['Курьер'],226500.0,226500.0,RUR,False
1663,114923410,Пеший курьер,https://api.hh.ru/vacancies/114923410?host=hh.ru,['Курьер'],188600.0,235600.0,RUR,True
1664,115057863,Водитель-курьер,https://api.hh.ru/vacancies/115057863?host=hh.ru,['Водитель'],243600.0,276400.0,RUR,False
1665,115367371,Курьер,https://api.hh.ru/vacancies/115367371?host=hh.ru,['Курьер'],,207760.0,RUR,False
1666,115495164,Курьер по доставке для юридических лиц (без поиска клиентов),https://api.hh.ru/vacancies/115495164?host=hh.ru,['Курьер'],130000.0,,RUR,True
1667,115932270,Курьер легких заказов до 2.5 кг,https://api.hh.ru/vacancies/115932270?host=hh.ru,['Курьер'],105000.0,160500.0,RUR,False
1668,88472663,"Курьер на электровелосипеде (Москва, ул. Нагорная, д. 37)",https://api.hh.ru/vacancies/88472663?host=hh.ru,['Курьер'],120000.0,,RUR,False
1669,108431091,Пеший курьер в Ozon fresh (Кунцевская),https://api.hh.ru/vacancies/108431091?host=hh.ru,['Курьер'],125000.0,250000.0,RUR,True
1670,109472989,Курьер на электровелосипеде в Озон Фреш,https://api.hh.ru/vacancies/109472989?host=hh.ru,['Курьер'],125000.0,250000.0,RUR,True
1671,114951757,Водитель-курьер,https://api.hh.ru/vacancies/114951757?host=hh.ru,['Курьер'],32000.0,37000.0,RUR,False
1672,107081564,Водитель-Курьер в Пятёрочку,https://api.hh.ru/vacancies/107081564?host=hh.ru,['Курьер'],,140000.0,RUR,False
1673,107270666,Пеший курьер в Озон фреш (м. Говорово),https://api.hh.ru/vacancies/107270666?host=hh.ru,['Курьер'],125000.0,250000.0,RUR,True
1674,110777893,"Курьер на велосипеде (Москва ул. Снайперская, д. 8)",https://api.hh.ru/vacancies/110777893?host=hh.ru,['Курьер'],100000.0,,RUR,False
1675,111313765,Курьер на склад,https://api.hh.ru/vacancies/111313765?host=hh.ru,['Курьер'],,207760.0,RUR,False
1676,112539852,Водитель-курьер с личным легковым автомобилем,https://api.hh.ru/vacancies/112539852?host=hh.ru,['Курьер'],100000.0,,RUR,False
1677,114579878,Курьер-пеший,https://api.hh.ru/vacancies/114579878?host=hh.ru,['Курьер'],195100.0,258000.0,RUR,False
1678,114954881,Пеший Курьер,https://api.hh.ru/vacancies/114954881?host=hh.ru,['Курьер'],195100.0,258000.0,RUR,False
1679,115491007,Экспресс-курьер на доставке документов,https://api.hh.ru/vacancies/115491007?host=hh.ru,['Водитель'],171500.0,210500.0,RUR,False
1680,93880948,Пеший курьер (м. Аннино),https://api.hh.ru/vacancies/93880948?host=hh.ru,['Курьер'],125000.0,250000.0,RUR,True
1681,106721401,Водитель-курьер на личном автомобиле в Озон фреш (м. Воронцовская),https://api.hh.ru/vacancies/106721401?host=hh.ru,['Водитель'],150000.0,270000.0,RUR,True
1682,106907922,"Водитель-курьер (Москва, ул. Пришвина, д. 3Г)",https://api.hh.ru/vacancies/106907922?host=hh.ru,['Курьер'],100000.0,,RUR,False
1683,108702208,"Курьер на велосипеде (Москва, ш. Боровское дом 6)",https://api.hh.ru/vacancies/108702208?host=hh.ru,['Курьер'],100000.0,,RUR,False
1684,110627903,Водитель-курьер на личном автомобиле (м. Алексеевская),https://api.hh.ru/vacancies/110627903?host=hh.ru,['Курьер'],150000.0,270000.0,RUR,True
1685,112037142,Курьер в Озон фреш,https://api.hh.ru/vacancies/112037142?host=hh.ru,['Курьер'],125000.0,250000.0,RUR,True
1686,114825039,Курьер на велосипед компании,https://api.hh.ru/vacancies/114825039?host=hh.ru,['Курьер'],70000.0,90000.0,RUR,False
1687,115072039,Водитель-курьер,https://api.hh.ru/vacancies/115072039?host=hh.ru,['Водитель'],243600.0,276400.0,RUR,False
1688,115388055,Администратор по логистике курьеров,https://api.hh.ru/vacancies/115388055?host=hh.ru,['Курьер'],75000.0,85000.0,RUR,False
1689,115483530,Курьер на электровелосипеде,https://api.hh.ru/vacancies/115483530?host=hh.ru,['Курьер'],,112000.0,RUR,False
1690,101267172,Водитель-курьер (Москва и Московская область),https://api.hh.ru/vacancies/101267172?host=hh.ru,['Водитель'],155000.0,258000.0,RUR,True
1691,101267211,Водитель-курьер (Москва и Московская область),https://api.hh.ru/vacancies/101267211?host=hh.ru,['Водитель'],155000.0,258000.0,RUR,True
1692,114689507,Пеший курьер,https://api.hh.ru/vacancies/114689507?host=hh.ru,['Курьер'],188600.0,235600.0,RUR,True
1693,115231951,Пеший курьер / Курьер (д. Пирогово),https://api.hh.ru/vacancies/115231951?host=hh.ru,['Курьер'],,207760.0,RUR,False
1694,106723495,Курьер в Ozon fresh (Москва Сити),https://api.hh.ru/vacancies/106723495?host=hh.ru,['Курьер'],125000.0,250000.0,RUR,True
1695,106963571,Курьер (Москва и Московская область),https://api.hh.ru/vacancies/106963571?host=hh.ru,['Курьер'],155000.0,258000.0,RUR,True
1696,108532762,Пеший курьер в Озон фреш (м. Коломенская),https://api.hh.ru/vacancies/108532762?host=hh.ru,['Курьер'],125000.0,250000.0,RUR,True
1697,114172611,Курьер на велосипеде (доставка),https://api.hh.ru/vacancies/114172611?host=hh.ru,['Курьер'],,198840.0,RUR,False
1698,114688149,Водитель-курьер на личном транспорте (ст. метро Водный стадион),https://api.hh.ru/vacancies/114688149?host=hh.ru,['Курьер'],150000.0,,RUR,True
1699,115897640,"Водитель-курьер на автомобиле компании ""Делимобиль""",https://api.hh.ru/vacancies/115897640?host=hh.ru,['Курьер'],120000.0,,RUR,True
1700,110235144,Пеший курьер (Мытищи),https://api.hh.ru/vacancies/110235144?host=hh.ru,['Курьер'],125000.0,250000.0,RUR,True
1701,114562681,Курьер в интернет-магазин,https://api.hh.ru/vacancies/114562681?host=hh.ru,['Курьер'],158900.0,189700.0,RUR,False
1702,114947496,Водитель-курьер,https://api.hh.ru/vacancies/114947496?host=hh.ru,['Водитель'],243600.0,276400.0,RUR,False
1703,115350495,Курьер в IT-сервис для доставки легких заказов,https://api.hh.ru/vacancies/115350495?host=hh.ru,['Курьер'],195000.0,240000.0,RUR,False
1704,115359348,Водитель-курьер на личном автомобиле,https://api.hh.ru/vacancies/115359348?host=hh.ru,['Курьер'],130000.0,270000.0,RUR,False
1705,88270579,"Курьер на велосипеде (Москва, Мичуринский проспект, Олимпийская деревня)",https://api.hh.ru/vacancies/88270579?host=hh.ru,['Курьер'],110000.0,,RUR,False
1706,114935369,Пеший курьер,https://api.hh.ru/vacancies/114935369?host=hh.ru,['Курьер'],188600.0,235600.0,RUR,True
1707,115073531,Курьер,https://api.hh.ru/vacancies/115073531?host=hh.ru,['Курьер'],94122.0,134243.0,RUR,False
1708,115156238,Водитель-курьер на личном автомобиле (Новокосино),https://api.hh.ru/vacancies/115156238?host=hh.ru,['Курьер'],130000.0,230000.0,RUR,False
1709,98544078,"Курьер на велосипеде (Москва, ул. Академика Королева, д. 13 стр. 1)",https://api.hh.ru/vacancies/98544078?host=hh.ru,['Курьер'],120000.0,,RUR,False
1710,99826623,"Водитель-курьер на личном автомобиле (Москва, ул. Иркутская, д. 7)",https://api.hh.ru/vacancies/99826623?host=hh.ru,['Курьер'],100000.0,,RUR,False
1711,103195785,"Курьер на велосипеде (г. Москва, Большой Волоколамский, 1)",https://api.hh.ru/vacancies/103195785?host=hh.ru,['Курьер'],120000.0,,RUR,False
1712,112880513,"Курьер на велосипеде (Москва, ул. Фабрициуса, дом 18 к. 2)",https://api.hh.ru/vacancies/112880513?host=hh.ru,['Курьер'],100000.0,,RUR,False
1713,115218998,Пеший курьер,https://api.hh.ru/vacancies/115218998?host=hh.ru,['Курьер'],122500.0,171400.0,RUR,False
1714,106068217,Водитель-курьер (Москва и Московская область),https://api.hh.ru/vacancies/106068217?host=hh.ru,['Курьер'],155000.0,258000.0,RUR,True
1715,115762846,Пеший курьер,https://api.hh.ru/vacancies/115762846?host=hh.ru,['Курьер'],,207760.0,RUR,False
1716,93853590,Пеший курьер (м. Волжская),https://api.hh.ru/vacancies/93853590?host=hh.ru,['Курьер'],125000.0,250000.0,RUR,True
1717,114478177,Пеший курьер,https://api.hh.ru/vacancies/114478177?host=hh.ru,['Курьер'],188600.0,235600.0,RUR,True
1718,115041981,Водитель-курьер,https://api.hh.ru/vacancies/115041981?host=hh.ru,['Водитель'],243600.0,276400.0,RUR,False
1719,107573760,Пеший курьер / Велокурьер в Озон (Чертановская),https://api.hh.ru/vacancies/107573760?host=hh.ru,['Курьер'],125000.0,250000.0,RUR,True
1720,107960470,Водитель-Курьер на личном автомобиле(Бутово),https://api.hh.ru/vacancies/107960470?host=hh.ru,['Курьер'],130000.0,,RUR,False
1721,108254697,Курьер в Озон фреш (м. Косино),https://api.hh.ru/vacancies/108254697?host=hh.ru,['Курьер'],125000.0,250000.0,RUR,True
1722,114810296,Водитель-курьер на личном автомобиле,https://api.hh.ru/vacancies/114810296?host=hh.ru,['Курьер'],147300.0,201900.0,RUR,False
1723,115816592,Водитель - курьер с личным автомобилем,https://api.hh.ru/vacancies/115816592?host=hh.ru,['Курьер'],160000.0,,RUR,False
1724,107218099,"Курьер на велосипеде (Москва, ул. Автозаводская, д. 24)",https://api.hh.ru/vacancies/107218099?host=hh.ru,['Курьер'],100000.0,,RUR,False
1725,108532652,Пеший курьер / велокурьер в Озон фреш (м. Ул. Горчакова),https://api.hh.ru/vacancies/108532652?host=hh.ru,['Курьер'],125000.0,250000.0,RUR,True
1726,109472407,Курьер / Велокурьер в Озон фреш,https://api.hh.ru/vacancies/109472407?host=hh.ru,['Курьер'],125000.0,250000.0,RUR,True
1727,109717325,Курьер в Самокат,https://api.hh.ru/vacancies/109717325?host=hh.ru,['Курьер'],,207760.0,RUR,False
1728,110324075,Водитель-курьер в Озон фреш (м. Косино),https://api.hh.ru/vacancies/110324075?host=hh.ru,['Курьер'],150000.0,270000.0,RUR,True
1729,112415434,Водитель-курьер на своем автомобиле (Юго-Западная),https://api.hh.ru/vacancies/112415434?host=hh.ru,['Курьер'],90000.0,150000.0,RUR,False
1730,114860287,Курьер пеший,https://api.hh.ru/vacancies/114860287?host=hh.ru,['Курьер'],123700.0,,RUR,False
1731,115019975,Курьер по доставке еды Яндекс.еда,https://api.hh.ru/vacancies/115019975?host=hh.ru,['Курьер'],107500.0,163100.0,RUR,False
1732,115084721,Водитель-курьер,https://api.hh.ru/vacancies/115084721?host=hh.ru,['Водитель'],243600.0,276400.0,RUR,False
1733,103991648,"Курьер на велосипеде (Москва, ул. Нижегородская, д. 32 стр. 15)",https://api.hh.ru/vacancies/103991648?host=hh.ru,['Курьер'],120000.0,,RUR,False
1734,109235734,"Курьер на велосипеде (Москва, б-р Литовский, д. 22)",https://api.hh.ru/vacancies/109235734?host=hh.ru,['Курьер'],120000.0,,RUR,False
1735,103711086,Водитель-курьер (Пушкино),https://api.hh.ru/vacancies/103711086?host=hh.ru,['Курьер'],124000.0,207000.0,RUR,True
1736,111227108,Водитель-курьер на личном автомобиле,https://api.hh.ru/vacancies/111227108?host=hh.ru,['Водитель'],90000.0,,RUR,False
1737,114688759,Курьер / доставщик,https://api.hh.ru/vacancies/114688759?host=hh.ru,['Курьер'],,207760.0,RUR,False
1738,103224455,Курьер на велосипеде в Ozon Fresh,https://api.hh.ru/vacancies/103224455?host=hh.ru,['Курьер'],125000.0,250000.0,RUR,True
1739,106964845,Курьер (Москва и Московская область),https://api.hh.ru/vacancies/106964845?host=hh.ru,['Курьер'],155000.0,258000.0,RUR,True
1740,112415224,Водитель-курьер на своем автомобиле (Проспект Вернадского),https://api.hh.ru/vacancies/112415224?host=hh.ru,['Курьер'],90000.0,150000.0,RUR,False
1741,115815257,Водитель-курьер на личном автомобиле,https://api.hh.ru/vacancies/115815257?host=hh.ru,['Курьер'],160000.0,,RUR,False
1742,102224080,Пеший курьер/велокурьер в Озон фреш,https://api.hh.ru/vacancies/102224080?host=hh.ru,['Курьер'],125000.0,250000.0,RUR,True
1743,115072273,Курьер пеший,https://api.hh.ru/vacancies/115072273?host=hh.ru,['Курьер'],195100.0,258000.0,RUR,False
1744,109280172,Курьер подработка в своем районе,https://api.hh.ru/vacancies/109280172?host=hh.ru,['Курьер'],,207760.0,RUR,False
1745,110059248,"Курьер на велосипеде (Москва, ул. Академика Глушко, д.15)",https://api.hh.ru/vacancies/110059248?host=hh.ru,['Курьер'],100000.0,,RUR,False
1746,115013619,Водитель-курьер,https://api.hh.ru/vacancies/115013619?host=hh.ru,['Водитель'],243600.0,276400.0,RUR,False
1747,115775307,"Водитель-курьер на автомобиле компании ""Делимобиль""",https://api.hh.ru/vacancies/115775307?host=hh.ru,['Курьер'],120000.0,,RUR,True
1748,113859355,Курьер для Банка (без продаж на встрече),https://api.hh.ru/vacancies/113859355?host=hh.ru,['Курьер'],100000.0,120000.0,RUR,False
1749,101795290,"Ночной курьер на электровелосипеде (Москва, пр. Береговой, д. 4)",https://api.hh.ru/vacancies/101795290?host=hh.ru,['Курьер'],120000.0,,RUR,True
1750,102691815,Пеший курьер в Озон фреш (м. Воронцовская),https://api.hh.ru/vacancies/102691815?host=hh.ru,['Кладовщик'],125000.0,250000.0,RUR,True
1751,114579874,Курьер-пеший,https://api.hh.ru/vacancies/114579874?host=hh.ru,['Курьер'],195100.0,258000.0,RUR,False
1752,115163780,Водитель-курьер на личном автомобиле (м. Кантемировская),https://api.hh.ru/vacancies/115163780?host=hh.ru,['Курьер'],130000.0,230000.0,RUR,False
1753,115915567,Автокурьер на личном автомобиле / Курьер по Москве или в области,https://api.hh.ru/vacancies/115915567?host=hh.ru,['Курьер'],170000.0,,RUR,False
1754,110404581,Водитель курьер в Ozon fresh (Митино),https://api.hh.ru/vacancies/110404581?host=hh.ru,['Курьер'],150000.0,270000.0,RUR,True
1755,110707341,Водитель-курьер на личном автомобиле в Озон фреш (м. Воронцовская),https://api.hh.ru/vacancies/110707341?host=hh.ru,['Курьер'],150000.0,270000.0,RUR,True
1756,113871844,Водитель-курьер на своем автомобиле (м. Марьино),https://api.hh.ru/vacancies/113871844?host=hh.ru,['Курьер'],100000.0,150000.0,RUR,False
1757,114294114,Водитель-курьер на автомобиле компании (м.Полянка),https://api.hh.ru/vacancies/114294114?host=hh.ru,['Курьер'],90000.0,,RUR,False
1758,114619728,Курьер пеший,https://api.hh.ru/vacancies/114619728?host=hh.ru,['Курьер'],195100.0,258000.0,RUR,False
1759,114828286,Курьер,https://api.hh.ru/vacancies/114828286?host=hh.ru,['Курьер'],92130.0,143469.0,RUR,False
1760,114917471,Водитель курьер на личном автомобиле (Кунцевская),https://api.hh.ru/vacancies/114917471?host=hh.ru,['Водитель'],130000.0,180000.0,RUR,False
1761,114919531,Курьер пеший,https://api.hh.ru/vacancies/114919531?host=hh.ru,['Курьер'],158400.0,197500.0,RUR,False
1762,115134212,Курьер на велосипеде,https://api.hh.ru/vacancies/115134212?host=hh.ru,['Курьер'],101500.0,,RUR,False
1763,101259181,Водитель-курьер (ТЦ Капитолий),https://api.hh.ru/vacancies/101259181?host=hh.ru,['Курьер'],140000.0,270000.0,RUR,True
1764,115057841,Курьер пеший,https://api.hh.ru/vacancies/115057841?host=hh.ru,['Курьер'],195100.0,258000.0,RUR,False
1765,115391353,Курьер на велосипеде,https://api.hh.ru/vacancies/115391353?host=hh.ru,['Курьер'],101500.0,,RUR,False
1766,115816663,Водитель - курьер на личном автомобиле,https://api.hh.ru/vacancies/115816663?host=hh.ru,['Курьер'],160000.0,,RUR,False
1767,82937416,Водитель-курьер (м. Волгоградский проспект),https://api.hh.ru/vacancies/82937416?host=hh.ru,['Водитель'],135000.0,,RUR,True
1768,108254685,Курьер на электровелосипеде в Озон фреш,https://api.hh.ru/vacancies/108254685?host=hh.ru,['Курьер'],125000.0,250000.0,RUR,True
1769,108507211,Водитель-курьер на своем автомобиле (м. Отрадное),https://api.hh.ru/vacancies/108507211?host=hh.ru,['Курьер'],90000.0,150000.0,RUR,False
1770,101259154,Водитель-курьер на личном автомобиле,https://api.hh.ru/vacancies/101259154?host=hh.ru,['Курьер'],140000.0,270000.0,RUR,True
1771,103532636,"Курьер на велосипеде (Москва, ул. Верейская, д. 5)",https://api.hh.ru/vacancies/103532636?host=hh.ru,['Курьер'],110000.0,,RUR,False
1772,106068307,Водитель-курьер (Москва и Московская область),https://api.hh.ru/vacancies/106068307?host=hh.ru,['Курьер'],155000.0,258000.0,RUR,True
1773,106721036,Водитель-курьер на личном автомобиле в Озон фреш (Чертаново),https://api.hh.ru/vacancies/106721036?host=hh.ru,['Водитель'],150000.0,270000.0,RUR,True
1774,101259185,Водитель-курьер (ТЦ Капитолий),https://api.hh.ru/vacancies/101259185?host=hh.ru,['Курьер'],140000.0,270000.0,RUR,True
1775,108256837,Курьер в Озон фреш (м. Новогиреево),https://api.hh.ru/vacancies/108256837?host=hh.ru,['Курьер'],125000.0,250000.0,RUR,True
1776,108324720,Курьер рядом с домом,https://api.hh.ru/vacancies/108324720?host=hh.ru,['Курьер'],,207760.0,RUR,False
1777,108674014,Курьер,https://api.hh.ru/vacancies/108674014?host=hh.ru,['Курьер'],,207760.0,RUR,False
1778,115763313,Пеший курьер / курьер,https://api.hh.ru/vacancies/115763313?host=hh.ru,['Курьер'],,207760.0,RUR,False
1779,93234413,Водитель-курьер с личным автомобилем,https://api.hh.ru/vacancies/93234413?host=hh.ru,['Водитель'],105000.0,,RUR,False
1780,102083782,Пеший курьер/велокурьер в Озон фреш,https://api.hh.ru/vacancies/102083782?host=hh.ru,['Курьер'],125000.0,250000.0,RUR,True
1781,111885760,Курьер / Пеший курьер,https://api.hh.ru/vacancies/111885760?host=hh.ru,['Курьер'],,207760.0,RUR,False
1782,114506302,Пеший курьер,https://api.hh.ru/vacancies/114506302?host=hh.ru,['Курьер'],188600.0,235600.0,RUR,True
1783,114589151,Водитель-курьер,https://api.hh.ru/vacancies/114589151?host=hh.ru,['Водитель'],243600.0,276400.0,RUR,False
1784,115595391,Водитель-курьер на личном автомобиле м Зорге,https://api.hh.ru/vacancies/115595391?host=hh.ru,['Курьер'],150000.0,,RUR,True
1785,115681787,"Водитель-курьер в гипермаркет ГМ ""Глобус"" (м. Коммунарка)",https://api.hh.ru/vacancies/115681787?host=hh.ru,['Курьер'],117000.0,147000.0,RUR,False
1786,104825343,"Водитель курьер на личном автомобиле (Москва, пр-т Нововатутинский, д. 7)",https://api.hh.ru/vacancies/104825343?host=hh.ru,['Курьер'],90000.0,,RUR,False
1787,109211117,Курьер на самокате в Ozon fresh,https://api.hh.ru/vacancies/109211117?host=hh.ru,['Курьер'],125000.0,250000.0,RUR,True
1788,115328906,Водитель-курьер,https://api.hh.ru/vacancies/115328906?host=hh.ru,['Водитель'],243600.0,276400.0,RUR,False
1789,114816849,Пеший курьер,https://api.hh.ru/vacancies/114816849?host=hh.ru,['Курьер'],188600.0,235600.0,RUR,True
1790,109137838,Курьер/ еженедельные выплаты,https://api.hh.ru/vacancies/109137838?host=hh.ru,['Курьер'],,207760.0,RUR,False
1791,114713230,Водитель - курьер на автомобиль компании Ford Transit,https://api.hh.ru/vacancies/114713230?host=hh.ru,['Водитель'],,195200.0,RUR,False
1792,114974533,Водитель-курьер,https://api.hh.ru/vacancies/114974533?host=hh.ru,['Водитель'],243600.0,276400.0,RUR,False
1793,112724195,Курьер на электровелосипеде ( центр Москвы ),https://api.hh.ru/vacancies/112724195?host=hh.ru,['Курьер'],130000.0,160000.0,RUR,False
1794,114584101,Водитель-курьер на личном автомобиле (доставка мелких посылок),https://api.hh.ru/vacancies/114584101?host=hh.ru,['Водитель'],178000.0,256000.0,RUR,True
1795,112421691,Курьер-водитель на личном автомобиле,https://api.hh.ru/vacancies/112421691?host=hh.ru,['Курьер'],160000.0,,RUR,False
1796,114671768,Пеший курьер,https://api.hh.ru/vacancies/114671768?host=hh.ru,['Курьер'],188600.0,235600.0,RUR,True
1797,108429326,Курьер в Ozon fresh (Сходненская),https://api.hh.ru/vacancies/108429326?host=hh.ru,['Курьер'],125000.0,250000.0,RUR,True
1798,111898966,Водитель-курьер на личном автомобиле (м. Кузьминки),https://api.hh.ru/vacancies/111898966?host=hh.ru,['Курьер'],125000.0,,RUR,False
1799,113269584,"Водитель курьер на личном автомобиле (Москва, ул. Большая Черемушкинская, дом 2А стр. 3)",https://api.hh.ru/vacancies/113269584?host=hh.ru,['Курьер'],100000.0,,RUR,False
1800,92852414,Курьер на велосипеде (м. Калужская),https://api.hh.ru/vacancies/92852414?host=hh.ru,['Курьер'],125000.0,250000.0,RUR,True
1801,102102746,Пеший курьер в Ozon fresh (Киевская),https://api.hh.ru/vacancies/102102746?host=hh.ru,['Курьер'],125000.0,250000.0,RUR,True
1802,115816894,Водитель - курьер на личном автомобиле,https://api.hh.ru/vacancies/115816894?host=hh.ru,['Курьер'],160000.0,,RUR,False
1803,79723364,"Водитель курьер на личном автомобиле (Москва, ул. Речников 17)",https://api.hh.ru/vacancies/79723364?host=hh.ru,['Курьер'],120000.0,,RUR,False
1804,113601234,Водитель-курьер со своим автомобилем (ежедневные выплаты),https://api.hh.ru/vacancies/113601234?host=hh.ru,['Курьер'],,180000.0,RUR,False
1805,106964879,Курьер (Москва и Московская область),https://api.hh.ru/vacancies/106964879?host=hh.ru,['Курьер'],155000.0,258000.0,RUR,True
1806,108254665,Курьер на велосипеде (м. Новокосино),https://api.hh.ru/vacancies/108254665?host=hh.ru,['Курьер'],125000.0,250000.0,RUR,True
1807,110312373,Водитель курьер (м. Марьино),https://api.hh.ru/vacancies/110312373?host=hh.ru,['Курьер'],150000.0,270000.0,RUR,True
1808,110337959,Водитель-курьер в Озон фреш (Люберцы),https://api.hh.ru/vacancies/110337959?host=hh.ru,['Курьер'],150000.0,270000.0,RUR,True
1809,114478171,Пеший курьер,https://api.hh.ru/vacancies/114478171?host=hh.ru,['Курьер'],188600.0,235600.0,RUR,True
1810,114580801,Водитель-курьер на автомобиле компании (категория В),https://api.hh.ru/vacancies/114580801?host=hh.ru,['Курьер'],,120000.0,RUR,True
1811,114816850,Пеший курьер,https://api.hh.ru/vacancies/114816850?host=hh.ru,['Курьер'],188600.0,235600.0,RUR,True
1812,102083793,Курьер (м. Братиславская),https://api.hh.ru/vacancies/102083793?host=hh.ru,['Курьер'],125000.0,250000.0,RUR,True
1813,115762574,Пеший курьер / доставка заказов,https://api.hh.ru/vacancies/115762574?host=hh.ru,['Курьер'],,207760.0,RUR,False
1814,115812716,Сборщик онлайн заказов на выдачу курьерам (склад Пятёрочка),https://api.hh.ru/vacancies/115812716?host=hh.ru,"['Продавец-консультант, продавец-кассир']",,191679.0,RUR,False
1815,101267179,Водитель-курьер (Москва и Московская область),https://api.hh.ru/vacancies/101267179?host=hh.ru,['Водитель'],155000.0,258000.0,RUR,True
1816,110707393,Водитель-курьер на личном автомобиле в Озон фреш (м. Юго-Западная),https://api.hh.ru/vacancies/110707393?host=hh.ru,['Курьер'],150000.0,270000.0,RUR,True
1817,111569779,Курьер,https://api.hh.ru/vacancies/111569779?host=hh.ru,['Курьер'],,207760.0,RUR,False
1818,112030320,Пеший курьер/велокурьер,https://api.hh.ru/vacancies/112030320?host=hh.ru,['Курьер'],80000.0,189000.0,RUR,False
1819,112503138,Курьер,https://api.hh.ru/vacancies/112503138?host=hh.ru,['Курьер'],,207760.0,RUR,False
1820,115032374,Курьер пеший,https://api.hh.ru/vacancies/115032374?host=hh.ru,['Курьер'],195100.0,258000.0,RUR,False
1821,69365124,Водитель-курьер / Автокурьер,https://api.hh.ru/vacancies/69365124?host=hh.ru,['Курьер'],,140000.0,RUR,False
1822,97972367,Водитель-курьер на своем автомобиле (р-н Бутово),https://api.hh.ru/vacancies/97972367?host=hh.ru,['Курьер'],,150000.0,RUR,False
1823,109722658,Пеший курьер / велокурьер (Москва),https://api.hh.ru/vacancies/109722658?host=hh.ru,['Курьер'],62500.0,137000.0,RUR,False
1824,111597370,Курьер,https://api.hh.ru/vacancies/111597370?host=hh.ru,['Курьер'],,207760.0,RUR,False
1825,98946577,Курьер на велосипеде в Озон фреш (м. Воронцовская),https://api.hh.ru/vacancies/98946577?host=hh.ru,['Курьер'],125000.0,250000.0,RUR,True
1826,108429946,Пеший курьер в Ozon fresh (Митино),https://api.hh.ru/vacancies/108429946?host=hh.ru,['Курьер'],125000.0,250000.0,RUR,True
1827,115762732,Пеший курьер / курьер,https://api.hh.ru/vacancies/115762732?host=hh.ru,['Курьер'],,207760.0,RUR,False
1828,105819061,"Водитель курьер на личном автомобиле (Северный, ш. Шоссейная, стр. 16Б)",https://api.hh.ru/vacancies/105819061?host=hh.ru,['Курьер'],80000.0,,RUR,False
1829,106068323,Водитель-курьер (Москва и Московская область),https://api.hh.ru/vacancies/106068323?host=hh.ru,['Курьер'],155000.0,258000.0,RUR,True
1830,106068346,Водитель-курьер (Москва и Московская область),https://api.hh.ru/vacancies/106068346?host=hh.ru,['Курьер'],155000.0,258000.0,RUR,True
1831,106121006,Курьер на велосипеде,https://api.hh.ru/vacancies/106121006?host=hh.ru,['Курьер'],,110000.0,RUR,False
1832,108240218,Курьер для Самокат,https://api.hh.ru/vacancies/108240218?host=hh.ru,['Курьер'],101000.0,177000.0,RUR,False
1833,110628796,Водитель-курьер на личном автомобиле (м. Народное Ополчение),https://api.hh.ru/vacancies/110628796?host=hh.ru,['Курьер'],150000.0,270000.0,RUR,True
1834,112879425,"Курьер на велосипеде (Москва, ул. Кирпичные Выемки, дом 2 к. 1)",https://api.hh.ru/vacancies/112879425?host=hh.ru,['Курьер'],100000.0,,RUR,False
1835,115057229,Курьер на доставку легких товаров (не еда),https://api.hh.ru/vacancies/115057229?host=hh.ru,['Курьер'],,215587.0,RUR,True
1836,110217428,Водитель-курьер на личном автомобиле (один район),https://api.hh.ru/vacancies/110217428?host=hh.ru,['Курьер'],117450.0,,RUR,False
1837,115403551,Водитель-курьер (м. Митино),https://api.hh.ru/vacancies/115403551?host=hh.ru,['Курьер'],90000.0,,RUR,False
1838,115744466,Курьер документов и небольших посылок,https://api.hh.ru/vacancies/115744466?host=hh.ru,['Курьер'],160000.0,,RUR,False
1839,101871883,Водитель-курьер (Волгоградский),https://api.hh.ru/vacancies/101871883?host=hh.ru,['Курьер'],162000.0,270000.0,RUR,True
1840,106068212,Водитель-курьер (Москва и Московская область),https://api.hh.ru/vacancies/106068212?host=hh.ru,['Курьер'],155000.0,258000.0,RUR,True
1841,107570937,Водитель курьер в Купер,https://api.hh.ru/vacancies/107570937?host=hh.ru,['Курьер'],124300.0,220200.0,RUR,False
1842,108431120,Курьер в Ozon fresh (Кунцевская),https://api.hh.ru/vacancies/108431120?host=hh.ru,['Курьер'],125000.0,250000.0,RUR,True
1843,110616939,Водитель-курьер на личном автомобиле (м. Щукинская),https://api.hh.ru/vacancies/110616939?host=hh.ru,['Курьер'],150000.0,270000.0,RUR,True
1844,115050210,Водитель-курьер,https://api.hh.ru/vacancies/115050210?host=hh.ru,['Водитель'],243600.0,276400.0,RUR,False
1845,115595616,Водитель-курьер на личном автомобиле (м. Чертановская),https://api.hh.ru/vacancies/115595616?host=hh.ru,['Курьер'],150000.0,,RUR,True
1846,115889392,"Водитель-курьер на автомобиле компании ""Делимобиль""",https://api.hh.ru/vacancies/115889392?host=hh.ru,['Курьер'],120000.0,,RUR,True
1847,104252538,"Курьер на велосипеде (Москва, ул. Смольная, д. 34А)",https://api.hh.ru/vacancies/104252538?host=hh.ru,['Курьер'],90000.0,,RUR,False
1848,109472396,Курьер на электровелосипеде в Озон фреш,https://api.hh.ru/vacancies/109472396?host=hh.ru,['Курьер'],125000.0,250000.0,RUR,True
1849,105398612,Водитель - курьер на личном автомобиле,https://api.hh.ru/vacancies/105398612?host=hh.ru,['Курьер'],154000.0,176000.0,RUR,False
1850,107547922,Пеший курьер / Велокурьер в КУПЕР,https://api.hh.ru/vacancies/107547922?host=hh.ru,['Курьер'],65000.0,125500.0,RUR,False
1851,115013370,Водитель-курьер,https://api.hh.ru/vacancies/115013370?host=hh.ru,['Водитель'],243600.0,276400.0,RUR,False
1852,113865684,Водитель-курьер в Пятёрочку,https://api.hh.ru/vacancies/113865684?host=hh.ru,['Курьер'],,210000.0,RUR,False
1853,114613760,Водитель-курьер,https://api.hh.ru/vacancies/114613760?host=hh.ru,['Водитель'],243600.0,276400.0,RUR,False
1854,115032378,Курьер пеший,https://api.hh.ru/vacancies/115032378?host=hh.ru,['Курьер'],195100.0,258000.0,RUR,False
1855,102188760,"Курьер на велосипеде (Москва, ул.Бирюлевская 47А)",https://api.hh.ru/vacancies/102188760?host=hh.ru,['Курьер'],100000.0,,RUR,False
1856,111522925,Курьер,https://api.hh.ru/vacancies/111522925?host=hh.ru,['Курьер'],,207760.0,RUR,False
1857,115899403,Пеший курьер подработка со свободным графиком,https://api.hh.ru/vacancies/115899403?host=hh.ru,['Курьер'],112300.0,154600.0,RUR,False
1858,111874193,Водитель-курьер на личном автомобиле в Озон фреш (м.Пражская),https://api.hh.ru/vacancies/111874193?host=hh.ru,['Курьер'],150000.0,270000.0,RUR,True
1859,111887466,Водитель-Курьер в Пятёрочку,https://api.hh.ru/vacancies/111887466?host=hh.ru,['Курьер'],,210000.0,RUR,False
1860,114690096,Водитель-курьер на личном автотранспорте (ст. метро Зорге),https://api.hh.ru/vacancies/114690096?host=hh.ru,['Курьер'],150000.0,,RUR,True
1861,101258394,Водитель-курьер,https://api.hh.ru/vacancies/101258394?host=hh.ru,['Курьер'],140000.0,270000.0,RUR,True
1862,107511045,Курьер на велосипеде (Москва пр. Походный),https://api.hh.ru/vacancies/107511045?host=hh.ru,['Курьер'],100000.0,,RUR,False
1863,111874985,Водитель-курьер на личном автомобиле в Озон фреш (м.Академическая),https://api.hh.ru/vacancies/111874985?host=hh.ru,['Курьер'],150000.0,270000.0,RUR,True
1864,111875251,Курьер,https://api.hh.ru/vacancies/111875251?host=hh.ru,['Курьер'],,207760.0,RUR,False
1865,112038380,Курьер / Велокурьер,https://api.hh.ru/vacancies/112038380?host=hh.ru,['Курьер'],100000.0,120000.0,RUR,False
1866,113871512,Пеший курьер / велокурьер,https://api.hh.ru/vacancies/113871512?host=hh.ru,['Курьер'],95000.0,150000.0,RUR,False
1867,109550272,Водитель-курьер в Пятёрочку,https://api.hh.ru/vacancies/109550272?host=hh.ru,['Курьер'],,182000.0,RUR,False
1868,110626967,Водитель-курьер на личном автомобиле в Озон фреш (м. Бибирево),https://api.hh.ru/vacancies/110626967?host=hh.ru,['Курьер'],150000.0,270000.0,RUR,True
1869,111390870,Курьер,https://api.hh.ru/vacancies/111390870?host=hh.ru,['Курьер'],,207760.0,RUR,False
1870,111861872,Курьер на велосипеде,https://api.hh.ru/vacancies/111861872?host=hh.ru,['Курьер'],100000.0,150000.0,RUR,False
1871,113300960,"Курьер на велосипеде (Москва, ул. Академика Глушко, дом 15)",https://api.hh.ru/vacancies/113300960?host=hh.ru,['Курьер'],100000.0,,RUR,False
1872,115238063,Водитель-курьер,https://api.hh.ru/vacancies/115238063?host=hh.ru,['Водитель'],243600.0,276400.0,RUR,False
1873,115399821,Водитель-курьер выходного дня на личном автомобиле (м. ВДНХ),https://api.hh.ru/vacancies/115399821?host=hh.ru,['Курьер'],27000.0,,RUR,True
1874,106140823,"Курьер на велосипеде (Алтуфьевское шоссе, 22Б, Москва)",https://api.hh.ru/vacancies/106140823?host=hh.ru,['Курьер'],90000.0,,RUR,False
1875,106723681,Курьер в Ozon fresh (Беломорская),https://api.hh.ru/vacancies/106723681?host=hh.ru,['Курьер'],125000.0,250000.0,RUR,True
1876,112882909,"Курьер на велосипеде (Москва, ул.Бирюлевская, №47А)",https://api.hh.ru/vacancies/112882909?host=hh.ru,['Курьер'],100000.0,,RUR,False
1877,114938444,Велокурьер / Курьер на своем велосипеде,https://api.hh.ru/vacancies/114938444?host=hh.ru,['Курьер'],175000.0,,RUR,False
1878,115815674,Курьер - водитель на личном автомобиле,https://api.hh.ru/vacancies/115815674?host=hh.ru,['Курьер'],160000.0,,RUR,False
1879,104388751,Пеший курьер в Озон фреш (р-н Бирюлево Западное),https://api.hh.ru/vacancies/104388751?host=hh.ru,['Курьер'],125000.0,250000.0,RUR,True
1880,111899665,Водитель-курьер на личном автомобиле (м. Пионерская),https://api.hh.ru/vacancies/111899665?host=hh.ru,['Курьер'],125000.0,,RUR,False
1881,112056555,Курьер на электровелосипед в Ozon Fresh (м.Славянский бульвар),https://api.hh.ru/vacancies/112056555?host=hh.ru,['Курьер'],125000.0,250000.0,RUR,True
1882,114032840,Водитель-курьер на автомобиле компании (Москва),https://api.hh.ru/vacancies/114032840?host=hh.ru,['Курьер'],,150000.0,RUR,True
1883,115763693,Пеший курьер / курьер,https://api.hh.ru/vacancies/115763693?host=hh.ru,['Курьер'],,207760.0,RUR,False
1884,110989725,Водитель-курьер на личном автомобиле (Магнит),https://api.hh.ru/vacancies/110989725?host=hh.ru,['Курьер'],100000.0,140000.0,RUR,False
1885,112731164,Водитель-курьер на личном автомобиле,https://api.hh.ru/vacancies/112731164?host=hh.ru,['Курьер'],32190.0,,RUR,False
1886,82826375,"Курьер на велосипеде (Москва, Старый Гай, 8А)",https://api.hh.ru/vacancies/82826375?host=hh.ru,['Курьер'],120000.0,,RUR,False
1887,108781363,Водитель-курьер (г. Москва),https://api.hh.ru/vacancies/108781363?host=hh.ru,['Курьер'],140000.0,,RUR,True
1888,85332147,"Водитель курьер на личном автомобиле (Москва, ш. Ярославское д.122)",https://api.hh.ru/vacancies/85332147?host=hh.ru,['Курьер'],100000.0,,RUR,False
1889,98544219,"Водитель курьер на личном автомобиле (Москва, ул. Академика Королева, д. 13 стр. 1)",https://api.hh.ru/vacancies/98544219?host=hh.ru,['Курьер'],120000.0,,RUR,False
1890,106140783,"Курьер на велосипеде (Москва, ул. Пермская д.1)",https://api.hh.ru/vacancies/106140783?host=hh.ru,['Курьер'],120000.0,,RUR,False
1891,114672049,Водитель-Курьер на автомобиле (автокурьер),https://api.hh.ru/vacancies/114672049?host=hh.ru,['Курьер'],,126000.0,RUR,False
1892,104277424,"Водитель курьер на личном автомобиле (Москва, ул. Ткацкая, дом № 5, строение 1)",https://api.hh.ru/vacancies/104277424?host=hh.ru,['Курьер'],120000.0,,RUR,False
1893,111390981,Курьер,https://api.hh.ru/vacancies/111390981?host=hh.ru,['Курьер'],,207760.0,RUR,False
1894,114409483,Курьер-водитель,https://api.hh.ru/vacancies/114409483?host=hh.ru,['Курьер'],,194500.0,RUR,False
1895,115763965,Пеший курьер / курьер,https://api.hh.ru/vacancies/115763965?host=hh.ru,['Курьер'],,207760.0,RUR,False
1896,112402633,"Курьер на велосипеде (Москва ул. Петрозаводская, д. 24А, стр. 1)",https://api.hh.ru/vacancies/112402633?host=hh.ru,['Курьер'],100000.0,,RUR,False
1897,110325134,Водитель курьер на личном авто в Озон фреш,https://api.hh.ru/vacancies/110325134?host=hh.ru,['Курьер'],150000.0,270000.0,RUR,True
1898,115513301,Курьер на велосипеде в Яндекс Лавку,https://api.hh.ru/vacancies/115513301?host=hh.ru,['Курьер'],120000.0,180000.0,RUR,False
1899,106068227,Водитель-курьер (Москва и Московская область),https://api.hh.ru/vacancies/106068227?host=hh.ru,['Курьер'],155000.0,258000.0,RUR,True
1900,110201637,Курьер,https://api.hh.ru/vacancies/110201637?host=hh.ru,['Курьер'],,207760.0,RUR,False
1901,110707375,Водитель-курьер на личном автомобиле в Озон фреш (м. Коломенская),https://api.hh.ru/vacancies/110707375?host=hh.ru,['Курьер'],150000.0,270000.0,RUR,True
1902,114622763,Водитель курьер на личном автомобиле (м. Водный стадион),https://api.hh.ru/vacancies/114622763?host=hh.ru,['Курьер'],120000.0,,RUR,False
1903,115439812,Курьер по доставке банковских продуктов (без продаж),https://api.hh.ru/vacancies/115439812?host=hh.ru,['Курьер'],,200000.0,RUR,False
1904,91122006,Водитель-курьер (м. Волгоградский проспект),https://api.hh.ru/vacancies/91122006?host=hh.ru,['Водитель'],135000.0,,RUR,True
1905,106964807,Курьер (Москва и Московская область),https://api.hh.ru/vacancies/106964807?host=hh.ru,['Курьер'],155000.0,258000.0,RUR,True
1906,108254674,Курьер на велосипеде (м. Новокосино),https://api.hh.ru/vacancies/108254674?host=hh.ru,['Курьер'],125000.0,250000.0,RUR,True
1907,110707365,Водитель-курьер на личном автомобиле в Озон фреш (м. Шаболовская),https://api.hh.ru/vacancies/110707365?host=hh.ru,['Курьер'],150000.0,270000.0,RUR,True
1908,111874421,Водитель-курьер на личном автомобиле в Озон фреш (м.Парк Победы),https://api.hh.ru/vacancies/111874421?host=hh.ru,['Курьер'],150000.0,270000.0,RUR,True
1909,115586996,Курьер на велосипеде,https://api.hh.ru/vacancies/115586996?host=hh.ru,['Курьер'],,120000.0,RUR,False
1910,115825269,Курьер на легкие заказы,https://api.hh.ru/vacancies/115825269?host=hh.ru,['Курьер'],141000.0,226500.0,RUR,False
1911,93881644,Пеший курьер в Озон (м. Мичуринский проспект),https://api.hh.ru/vacancies/93881644?host=hh.ru,['Курьер'],125000.0,250000.0,RUR,True
1912,115644826,"Водитель-курьер на автомобиле компании ""Делимобиль""",https://api.hh.ru/vacancies/115644826?host=hh.ru,['Курьер'],120000.0,,RUR,True
1913,103826002,"Водитель курьер на личном автомобиле (Москва, ул. Маршала Прошлякова)",https://api.hh.ru/vacancies/103826002?host=hh.ru,['Курьер'],110000.0,,RUR,False
1914,112038295,Водитель-курьер на автомобиле,https://api.hh.ru/vacancies/112038295?host=hh.ru,['Курьер'],120000.0,220000.0,RUR,False
1915,115181871,Водитель-курьер,https://api.hh.ru/vacancies/115181871?host=hh.ru,['Курьер'],90000.0,180000.0,RUR,True
1916,115328946,Водитель-курьер,https://api.hh.ru/vacancies/115328946?host=hh.ru,['Курьер'],160000.0,,RUR,False
1917,95238529,Водитель-курьер на автомобиле (Lamoda),https://api.hh.ru/vacancies/95238529?host=hh.ru,['Водитель'],,140000.0,RUR,True
1918,101267216,Водитель-курьер (Москва и Московская область),https://api.hh.ru/vacancies/101267216?host=hh.ru,['Водитель'],155000.0,258000.0,RUR,True
1919,114575996,Курьер пеший,https://api.hh.ru/vacancies/114575996?host=hh.ru,['Курьер'],195100.0,258000.0,RUR,False
1920,108256832,Курьер в Озон фреш (м. Новогиреево),https://api.hh.ru/vacancies/108256832?host=hh.ru,['Курьер'],125000.0,250000.0,RUR,True
1921,108981506,Курьер по доставке банковских карт,https://api.hh.ru/vacancies/108981506?host=hh.ru,['Курьер'],85000.0,,RUR,True
1922,110319388,Водитель-курьер на личном автомобиле в Озон фреш (м. Пролетарская),https://api.hh.ru/vacancies/110319388?host=hh.ru,['Курьер'],150000.0,270000.0,RUR,True
1923,110320184,Водитель курьер,https://api.hh.ru/vacancies/110320184?host=hh.ru,['Курьер'],150000.0,270000.0,RUR,True
1924,114671770,Пеший курьер,https://api.hh.ru/vacancies/114671770?host=hh.ru,['Курьер'],188600.0,235600.0,RUR,True
1925,115057818,Курьер-пеший,https://api.hh.ru/vacancies/115057818?host=hh.ru,['Курьер'],195100.0,258000.0,RUR,False
1926,102520411,"Водитель курьер на личном автомобиле (Москва, ул. Солнечногорская , д. 4 стр. 6)",https://api.hh.ru/vacancies/102520411?host=hh.ru,['Курьер'],100000.0,,RUR,False
1927,115032411,Водитель-курьер,https://api.hh.ru/vacancies/115032411?host=hh.ru,['Водитель'],243600.0,276400.0,RUR,False
1928,115503630,Пеший курьер / Курьер,https://api.hh.ru/vacancies/115503630?host=hh.ru,['Курьер'],,207760.0,RUR,False
1929,101871897,Водитель-курьер (Волгоградский),https://api.hh.ru/vacancies/101871897?host=hh.ru,['Курьер'],162000.0,270000.0,RUR,True
1930,102692890,Пеший курьер в Озон фреш (м. Бульвар Дмитрия Донского),https://api.hh.ru/vacancies/102692890?host=hh.ru,['Курьер'],125000.0,250000.0,RUR,True
1931,108782861,Курьер по доставке банковских карт,https://api.hh.ru/vacancies/108782861?host=hh.ru,['Курьер'],85000.0,,RUR,True
1932,110337964,Водитель курьер (Люберцы),https://api.hh.ru/vacancies/110337964?host=hh.ru,['Курьер'],150000.0,270000.0,RUR,True
1933,110772493,Курьер (Москва),https://api.hh.ru/vacancies/110772493?host=hh.ru,['Курьер'],,207760.0,RUR,False
1934,112839531,"Водитель курьер (ночной) на личном автомобиле (г. Москва, Большой Волоколамский, дом 1)",https://api.hh.ru/vacancies/112839531?host=hh.ru,['Курьер'],120000.0,,RUR,False
1935,115140888,Курьер на велосипеде в интернет-сервис,https://api.hh.ru/vacancies/115140888?host=hh.ru,['Курьер'],170000.0,190000.0,RUR,False
1936,110626972,Водитель-курьер на личном автомобиле (м. Отрадное),https://api.hh.ru/vacancies/110626972?host=hh.ru,['Курьер'],150000.0,270000.0,RUR,True
1937,110626983,Водитель-курьер на личном автомобиле,https://api.hh.ru/vacancies/110626983?host=hh.ru,['Курьер'],150000.0,270000.0,RUR,True
1938,112972806,"Курьер на велосипеде (Москва, ш. Пятницкое, дом 29)",https://api.hh.ru/vacancies/112972806?host=hh.ru,['Курьер'],120000.0,,RUR,False
1939,107495634,Пеший курьер / Велокурьер в Купер,https://api.hh.ru/vacancies/107495634?host=hh.ru,['Курьер'],95000.0,137000.0,RUR,False
1940,112064778,Пеший курьер,https://api.hh.ru/vacancies/112064778?host=hh.ru,['Курьер'],,207760.0,RUR,False
1941,86964147,Мобильный водитель курьер на личном автомобиле (Москва),https://api.hh.ru/vacancies/86964147?host=hh.ru,['Курьер'],120000.0,,RUR,False
1942,111769997,Водитель-курьер на личном автомобиле в Ozon fresh (ТЦ Капитолий),https://api.hh.ru/vacancies/111769997?host=hh.ru,['Курьер'],150000.0,270000.0,RUR,True
1943,112430678,Водитель-Курьер на корпоративном автомобиле Lada Largus,https://api.hh.ru/vacancies/112430678?host=hh.ru,['Водитель'],,140000.0,RUR,True
1944,112774861,"Водитель курьер на личном автомобиле (п Первомайское, Рабочая ул, Домовладение № 13, строение 5)",https://api.hh.ru/vacancies/112774861?host=hh.ru,['Курьер'],120000.0,,RUR,False
1945,114566204,Курьер пеший,https://api.hh.ru/vacancies/114566204?host=hh.ru,['Курьер'],195100.0,258000.0,RUR,False
1946,114953848,Водитель-курьер на арендованном автомобиле,https://api.hh.ru/vacancies/114953848?host=hh.ru,['Курьер'],,279000.0,RUR,False
1947,115066189,"Водитель-курьер на автомобиле компании ""Делимобиль""",https://api.hh.ru/vacancies/115066189?host=hh.ru,['Курьер'],120000.0,,RUR,True
1948,110337958,Водитель-курьер в Озон фреш (Люберцы),https://api.hh.ru/vacancies/110337958?host=hh.ru,['Курьер'],150000.0,270000.0,RUR,True
1949,111861881,Курьер в службу доставки Самокат,https://api.hh.ru/vacancies/111861881?host=hh.ru,['Курьер'],,150000.0,RUR,False
1950,112794741,"Курьер на велосипеде (Москва, ул. Шолохова, дом 19А)",https://api.hh.ru/vacancies/112794741?host=hh.ru,['Курьер'],110000.0,,RUR,False
1951,110233591,Курьер/велокурьер (м. Братиславская),https://api.hh.ru/vacancies/110233591?host=hh.ru,['Курьер'],125000.0,250000.0,RUR,True
1952,110407422,Водитель курьер на личном автомобиле в Ozon Fresh (ТЦ Грин),https://api.hh.ru/vacancies/110407422?host=hh.ru,['Курьер'],150000.0,270000.0,RUR,True
1953,110626214,Водитель-курьер на личном автомобиле (м. Черкизовская),https://api.hh.ru/vacancies/110626214?host=hh.ru,['Курьер'],150000.0,270000.0,RUR,True
1954,110628800,Водитель-курьер на личном автомобиле в Озон фреш (м. Народное Ополчение),https://api.hh.ru/vacancies/110628800?host=hh.ru,['Курьер'],150000.0,270000.0,RUR,True
1955,112436961,Водитель-курьер,https://api.hh.ru/vacancies/112436961?host=hh.ru,['Водитель'],,140000.0,RUR,True
1956,114976721,Курьер пеший,https://api.hh.ru/vacancies/114976721?host=hh.ru,['Курьер'],195100.0,258000.0,RUR,False
1957,109472991,Курьер / Велокурьер,https://api.hh.ru/vacancies/109472991?host=hh.ru,['Курьер'],125000.0,250000.0,RUR,True
1958,111074567,Курьер,https://api.hh.ru/vacancies/111074567?host=hh.ru,['Курьер'],90000.0,150000.0,RUR,False
1959,115689662,Курьер/Велокурьер,https://api.hh.ru/vacancies/115689662?host=hh.ru,['Курьер'],135000.0,162000.0,RUR,False
1960,101871872,Водитель-курьер (Волгоградский),https://api.hh.ru/vacancies/101871872?host=hh.ru,['Курьер'],162000.0,270000.0,RUR,True
1961,113269639,"Ночной водитель курьер на личном автомобиле (Москва, ул. Большая Черемушкинская, дом 2А стр. 3)",https://api.hh.ru/vacancies/113269639?host=hh.ru,['Курьер'],100000.0,,RUR,False
1962,115149462,Пеший курьер-почтальон,https://api.hh.ru/vacancies/115149462?host=hh.ru,['Промоутер'],35000.0,110000.0,RUR,False
1963,104439980,Водитель-курьер на собственном автомобиле в Ozon Fresh,https://api.hh.ru/vacancies/104439980?host=hh.ru,['Курьер'],140000.0,270000.0,RUR,False
1964,112055666,Курьер на электровелосипеде в Ozon Fresh (м.Давыдково),https://api.hh.ru/vacancies/112055666?host=hh.ru,['Курьер'],125000.0,250000.0,RUR,True
1965,114952156,Курьер-пеший,https://api.hh.ru/vacancies/114952156?host=hh.ru,['Курьер'],195100.0,258000.0,RUR,False
1966,114979418,Водитель-курьер,https://api.hh.ru/vacancies/114979418?host=hh.ru,['Водитель'],243600.0,276400.0,RUR,False
1967,115991087,Администратор по логистике курьеров,https://api.hh.ru/vacancies/115991087?host=hh.ru,['Курьер'],75000.0,85000.0,RUR,False
1968,106068322,Водитель-курьер (Москва и Московская область),https://api.hh.ru/vacancies/106068322?host=hh.ru,['Курьер'],155000.0,258000.0,RUR,True
1969,108454426,Водитель-курьер на личном автомобиле в Пятерочку,https://api.hh.ru/vacancies/108454426?host=hh.ru,['Курьер'],,182000.0,RUR,False
1970,115041984,Водитель-курьер,https://api.hh.ru/vacancies/115041984?host=hh.ru,['Водитель'],243600.0,276400.0,RUR,False
1971,115095430,Курьер,https://api.hh.ru/vacancies/115095430?host=hh.ru,['Курьер'],,237850.0,RUR,False
1972,115130459,"Водитель-курьер на автомобиле компании ""Делимобиль""",https://api.hh.ru/vacancies/115130459?host=hh.ru,['Курьер'],120000.0,,RUR,True
1973,112037152,Курьер на электровелосипеде,https://api.hh.ru/vacancies/112037152?host=hh.ru,['Курьер'],125000.0,250000.0,RUR,True
1974,115095364,Курьер,https://api.hh.ru/vacancies/115095364?host=hh.ru,['Курьер'],,237850.0,RUR,False
1975,100576770,Водитель-курьер на личном грузовом автомобиле (м. Саларьево),https://api.hh.ru/vacancies/100576770?host=hh.ru,['Курьер'],150000.0,270000.0,RUR,True
1976,106724579,Курьер на электровелосипеде в Ozon fresh (Строгино),https://api.hh.ru/vacancies/106724579?host=hh.ru,['Курьер'],125000.0,250000.0,RUR,True
1977,112880898,"Курьер на велосипеде (Москва, Варшавское шоссе, дом 95к1)",https://api.hh.ru/vacancies/112880898?host=hh.ru,['Курьер'],120000.0,,RUR,False
1978,108431290,Пеший курьер в Ozon fresh (Речной вокзал),https://api.hh.ru/vacancies/108431290?host=hh.ru,['Курьер'],125000.0,250000.0,RUR,True
1979,110213473,Курьер на велосипеде (ЮЗАО),https://api.hh.ru/vacancies/110213473?host=hh.ru,['Курьер'],110000.0,227400.0,RUR,False
1980,105314235,Водитель-курьер на личном автомобиле в Пятерочку,https://api.hh.ru/vacancies/105314235?host=hh.ru,['Курьер'],,140000.0,RUR,False
1981,110288360,Водитель-курьер на личном автомобиле в Озон фреш (м. Улица Горчакова),https://api.hh.ru/vacancies/110288360?host=hh.ru,['Курьер'],150000.0,270000.0,RUR,True
1982,112503396,Курьер,https://api.hh.ru/vacancies/112503396?host=hh.ru,['Курьер'],,207760.0,RUR,False
1983,114819207,Курьер пеший,https://api.hh.ru/vacancies/114819207?host=hh.ru,['Курьер'],195100.0,258000.0,RUR,False
1984,115082311,"Курьер в службу доставки (корреспонденция, товары для дома, аптека)",https://api.hh.ru/vacancies/115082311?host=hh.ru,['Курьер'],174000.0,186000.0,RUR,False
1985,99826863,"Курьер на велосипеде (Москва, ул. Иркутская, д. 7)",https://api.hh.ru/vacancies/99826863?host=hh.ru,['Курьер'],100000.0,,RUR,False
1986,104434793,Курьер,https://api.hh.ru/vacancies/104434793?host=hh.ru,['Курьер'],62000.0,70000.0,RUR,True
1987,108618349,Курьер / велокурьер (м. Шаболовская),https://api.hh.ru/vacancies/108618349?host=hh.ru,['Курьер'],125000.0,250000.0,RUR,True
1988,115826494,"Водитель-курьер на автомобиле компании ""Делимобиль""",https://api.hh.ru/vacancies/115826494?host=hh.ru,['Курьер'],120000.0,,RUR,True
1989,107192617,Курьер в Ozon fresh (Химки),https://api.hh.ru/vacancies/107192617?host=hh.ru,['Курьер'],125000.0,250000.0,RUR,True
1990,109472990,Курьер (м. Юго-Восточная),https://api.hh.ru/vacancies/109472990?host=hh.ru,['Курьер'],125000.0,250000.0,RUR,True
1991,115072229,Курьер пеший,https://api.hh.ru/vacancies/115072229?host=hh.ru,['Курьер'],195100.0,258000.0,RUR,False
1992,107751200,Курьер на велосипеде компании,https://api.hh.ru/vacancies/107751200?host=hh.ru,['Курьер'],95000.0,165000.0,RUR,False
1993,109659973,Водитель-курьер с личным автомобилем ( р-н Щёлковская ),https://api.hh.ru/vacancies/109659973?host=hh.ru,['Курьер'],100000.0,150000.0,RUR,False
1994,111435706,Водитель-курьер на личном автомобиле в Озон фреш (м. Орехово),https://api.hh.ru/vacancies/111435706?host=hh.ru,['Курьер'],150000.0,270000.0,RUR,True
