,id,name,url,professional_roles,salary_from,salary_to,currency,gross
0,113855364,Senior Project manager,https://api.hh.ru/vacancies/113855364?host=hh.ru,['Руководитель проектов'],,,,
1,114523129,BI-аналитик,https://api.hh.ru/vacancies/114523129?host=hh.ru,"['BI-аналитик, аналитик данных']",,,,
2,114042360,Junior BI-аналитик / маркетолог,https://api.hh.ru/vacancies/114042360?host=hh.ru,['Маркетолог-аналитик'],100000.0,120000.0,RUR,False
3,113015437,Аналитик-разработчик отчётности,https://api.hh.ru/vacancies/113015437?host=hh.ru,"['BI-аналитик, аналитик данных']",,380000.0,RUR,True
4,111218067,Аналитик данных (маркетинг),https://api.hh.ru/vacancies/111218067?host=hh.ru,['Маркетолог-аналитик'],,,,
5,112121705,Тестировщик,https://api.hh.ru/vacancies/112121705?host=hh.ru,['Тестировщик'],80000.0,,RUR,False
6,108787754,Аналитик данных (BI-Аналитик),https://api.hh.ru/vacancies/108787754?host=hh.ru,"['BI-аналитик, аналитик данных']",155000.0,160000.0,RUR,False
7,114308464,BI-Analyst (iGaming),https://api.hh.ru/vacancies/114308464?host=hh.ru,"['BI-аналитик, аналитик данных']",,,,
8,114252239,Разработчик Power BI,https://api.hh.ru/vacancies/114252239?host=hh.ru,"['BI-аналитик, аналитик данных']",,150000.0,RUR,False
9,114202773,Директор по складским операциям,https://api.hh.ru/vacancies/114202773?host=hh.ru,['Руководитель отдела логистики'],,,,
10,112744808,Аналитик-маркетолог,https://api.hh.ru/vacancies/112744808?host=hh.ru,['Маркетолог-аналитик'],60000.0,,RUR,True
11,112765103,Аналитик эффективности транзитных складов,https://api.hh.ru/vacancies/112765103?host=hh.ru,['Аналитик'],,,,
12,114020536,BI-аналитик,https://api.hh.ru/vacancies/114020536?host=hh.ru,"['BI-аналитик, аналитик данных']",,,,
13,114048890,"BI аналитик, FMCG",https://api.hh.ru/vacancies/114048890?host=hh.ru,"['BI-аналитик, аналитик данных']",,,,
14,113205596,Таргетолог,https://api.hh.ru/vacancies/113205596?host=hh.ru,"['Менеджер по маркетингу, интернет-маркетолог']",,,,
15,112448661,Data Analyst,https://api.hh.ru/vacancies/112448661?host=hh.ru,['Продуктовый аналитик'],,,,
16,111241514,Data Analyst (BI analyst),https://api.hh.ru/vacancies/111241514?host=hh.ru,"['BI-аналитик, аналитик данных']",250000.0,300000.0,RUR,False
17,114188863,BI\Data Аналитик,https://api.hh.ru/vacancies/114188863?host=hh.ru,"['BI-аналитик, аналитик данных']",,,,
18,112598630,Куратор образовательных программ (студенческий support),https://api.hh.ru/vacancies/112598630?host=hh.ru,['Другое'],40000.0,50000.0,RUR,False
19,112607783,BI-аналитик (Gamedev),https://api.hh.ru/vacancies/112607783?host=hh.ru,"['BI-аналитик, аналитик данных']",,,,
20,114053331,BI-аналитик в Еду,https://api.hh.ru/vacancies/114053331?host=hh.ru,"['BI-аналитик, аналитик данных']",,,,
21,113737428,BI-аналитик,https://api.hh.ru/vacancies/113737428?host=hh.ru,"['BI-аналитик, аналитик данных']",,,,
22,112078324,Аналитик данных/BI-аналитик,https://api.hh.ru/vacancies/112078324?host=hh.ru,"['BI-аналитик, аналитик данных']",,,,
23,114076078,Senior BI-аналитик,https://api.hh.ru/vacancies/114076078?host=hh.ru,"['BI-аналитик, аналитик данных']",,,,
24,113154247,Финансовый аналитик / BI аналитик,https://api.hh.ru/vacancies/113154247?host=hh.ru,"['BI-аналитик, аналитик данных']",100000.0,140000.0,RUR,False
25,113117330,Junior Analyst,https://api.hh.ru/vacancies/113117330?host=hh.ru,['Аналитик'],,,,
26,113267353,BI-аналитик,https://api.hh.ru/vacancies/113267353?host=hh.ru,"['BI-аналитик, аналитик данных']",,,,
27,102277383,Аналитик,https://api.hh.ru/vacancies/102277383?host=hh.ru,"['BI-аналитик, аналитик данных']",,,,
28,111980536,BI-аналитик,https://api.hh.ru/vacancies/111980536?host=hh.ru,"['BI-аналитик, аналитик данных']",400000.0,,RUR,True
29,112426233,Intern BI-analyst / Стажер аналитик данных,https://api.hh.ru/vacancies/112426233?host=hh.ru,"['BI-аналитик, аналитик данных']",,,,
30,112753428,PHP developer,https://api.hh.ru/vacancies/112753428?host=hh.ru,"['Программист, разработчик']",,,,
31,112505609,Разработчик BI,https://api.hh.ru/vacancies/112505609?host=hh.ru,"['BI-аналитик, аналитик данных']",,,,
32,114074701,Ведущий BI-аналитик,https://api.hh.ru/vacancies/114074701?host=hh.ru,['Аналитик'],,,,
33,113278633,BI Аналитик (Управление финансовой портфельной аналитики),https://api.hh.ru/vacancies/113278633?host=hh.ru,"['BI-аналитик, аналитик данных']",,,,
34,111780741,BI-аналитик / Аналитик данных (Курьерская доставка),https://api.hh.ru/vacancies/111780741?host=hh.ru,"['BI-аналитик, аналитик данных']",,,,
35,112450119,Аналитик данных / BI аналитик (Проектный офис),https://api.hh.ru/vacancies/112450119?host=hh.ru,"['BI-аналитик, аналитик данных']",,,,
36,113703812,Системный BI аналитик,https://api.hh.ru/vacancies/113703812?host=hh.ru,"['BI-аналитик, аналитик данных']",,,,
37,112312913,Аналитик данных,https://api.hh.ru/vacancies/112312913?host=hh.ru,"['BI-аналитик, аналитик данных']",,,,
38,112350668,Data/BI analyst (Middle),https://api.hh.ru/vacancies/112350668?host=hh.ru,"['BI-аналитик, аналитик данных']",,,,
39,112075022,Тестировщик баз данных,https://api.hh.ru/vacancies/112075022?host=hh.ru,['Тестировщик'],,,,
40,111751489,Специалист по системам менеджмента качества,https://api.hh.ru/vacancies/111751489?host=hh.ru,['Инженер по качеству'],,,,
41,112753823,Senior QA инженер (мануальное тестирование),https://api.hh.ru/vacancies/112753823?host=hh.ru,['Тестировщик'],,,,
42,106523414,"Бизнеc/системный-аналитик (PosgreSQL, SQL)",https://api.hh.ru/vacancies/106523414?host=hh.ru,['Бизнес-аналитик'],,,,
43,112467385,BI-аналитик в команду Авито Путешествий,https://api.hh.ru/vacancies/112467385?host=hh.ru,"['BI-аналитик, аналитик данных']",,,,
44,112310235,Аналитик данных / BI-аналитик,https://api.hh.ru/vacancies/112310235?host=hh.ru,"['BI-аналитик, аналитик данных']",,,,
45,111978191,BI - Аналитик,https://api.hh.ru/vacancies/111978191?host=hh.ru,"['BI-аналитик, аналитик данных']",,,,
46,112682266,Главный аналитик BI,https://api.hh.ru/vacancies/112682266?host=hh.ru,"['BI-аналитик, аналитик данных']",200000.0,300000.0,RUR,True
47,114184823,Data Engineer,https://api.hh.ru/vacancies/114184823?host=hh.ru,"['BI-аналитик, аналитик данных']",,,,
48,113714505,DevOps-инженер,https://api.hh.ru/vacancies/113714505?host=hh.ru,['DevOps-инженер'],,,,
49,113736902,Системный администратор,https://api.hh.ru/vacancies/113736902?host=hh.ru,['Системный администратор'],,,,
50,111979511,Дата-аналитик/Аналитик данных,https://api.hh.ru/vacancies/111979511?host=hh.ru,"['BI-аналитик, аналитик данных']",250000.0,,RUR,True
51,110952235,Главный специалист по аналитике проектов в недвижимости,https://api.hh.ru/vacancies/110952235?host=hh.ru,['Аналитик'],,,,
52,112052049,Аналитик данных (BI Аналитик),https://api.hh.ru/vacancies/112052049?host=hh.ru,"['BI-аналитик, аналитик данных']",,,,
53,113280042,C&B Аналитик,https://api.hh.ru/vacancies/113280042?host=hh.ru,['Аналитик'],,,,
54,105806131,Аналитик BI,https://api.hh.ru/vacancies/105806131?host=hh.ru,"['BI-аналитик, аналитик данных']",,,,
55,113322014,BI аналитик (SBI),https://api.hh.ru/vacancies/113322014?host=hh.ru,['Аналитик'],,,,
56,112331973,PHP Developer,https://api.hh.ru/vacancies/112331973?host=hh.ru,"['Программист, разработчик']",,,,
57,112332055,BI-Аналитик,https://api.hh.ru/vacancies/112332055?host=hh.ru,"['BI-аналитик, аналитик данных']",,,,
58,111241797,Руководитель направления маркетинга авторов контента,https://api.hh.ru/vacancies/111241797?host=hh.ru,['Руководитель отдела маркетинга и рекламы'],,,,
59,114173106,Главный аналитик данных,https://api.hh.ru/vacancies/114173106?host=hh.ru,['Руководитель отдела аналитики'],,,,
60,108740090,BI-аналитик,https://api.hh.ru/vacancies/108740090?host=hh.ru,"['BI-аналитик, аналитик данных']",,,,
61,112054016,Аналитик баз данных и бизнес-аналитики,https://api.hh.ru/vacancies/112054016?host=hh.ru,"['BI-аналитик, аналитик данных']",,,,
62,107831145,Аналитик данных,https://api.hh.ru/vacancies/107831145?host=hh.ru,"['BI-аналитик, аналитик данных']",,,,
63,110619601,Менеджер проектов по данным и ИИ (Junior),https://api.hh.ru/vacancies/110619601?host=hh.ru,['Руководитель проектов'],,,,
64,112387667,Старший аналитик,https://api.hh.ru/vacancies/112387667?host=hh.ru,"['BI-аналитик, аналитик данных']",,,,
65,110438689,BI Analyst,https://api.hh.ru/vacancies/110438689?host=hh.ru,"['BI-аналитик, аналитик данных']",,,,
66,110629105,Маркетинг/BI-аналитик,https://api.hh.ru/vacancies/110629105?host=hh.ru,['Аналитик'],,,,
67,106578451,Бизнес-аналитик BI в ИТ Инфраструктуру,https://api.hh.ru/vacancies/106578451?host=hh.ru,"['BI-аналитик, аналитик данных']",,,,
68,112755395,BI разработчик,https://api.hh.ru/vacancies/112755395?host=hh.ru,"['BI-аналитик, аналитик данных']",,,,
69,110633107,BI-Аналитик,https://api.hh.ru/vacancies/110633107?host=hh.ru,"['BI-аналитик, аналитик данных']",,,,
70,112603344,BI-аналитик в Яндекс Еду,https://api.hh.ru/vacancies/112603344?host=hh.ru,"['BI-аналитик, аналитик данных']",,,,
71,112684839,Аналитик блока бизнеса,https://api.hh.ru/vacancies/112684839?host=hh.ru,['Аналитик'],,,,
72,114233237,Менеджер по оперативной отчетности и бюджетированию отдела компенсаций и льгот (C&B),https://api.hh.ru/vacancies/114233237?host=hh.ru,['Менеджер по компенсациям и льготам'],,,,
73,111200990,BI-аналитик,https://api.hh.ru/vacancies/111200990?host=hh.ru,"['BI-аналитик, аналитик данных']",,,,
74,112753199,Senior PHP Developer,https://api.hh.ru/vacancies/112753199?host=hh.ru,"['Программист, разработчик']",,,,
75,108384906,Бизнес/системный аналитик (DataNewton),https://api.hh.ru/vacancies/108384906?host=hh.ru,['Системный аналитик'],150000.0,250000.0,RUR,False
76,112713659,Специалист по компенсациям и льготам,https://api.hh.ru/vacancies/112713659?host=hh.ru,['Менеджер по компенсациям и льготам'],,,,
77,112835310,Digital-маркетолог,https://api.hh.ru/vacancies/112835310?host=hh.ru,"['Менеджер по маркетингу, интернет-маркетолог']",150000.0,200000.0,RUR,False
78,112173794,E-Commerce BI Analyst,https://api.hh.ru/vacancies/112173794?host=hh.ru,"['BI-аналитик, аналитик данных']",,,,
79,112505780,Аналитик данных Power BI,https://api.hh.ru/vacancies/112505780?host=hh.ru,"['BI-аналитик, аналитик данных']",,,,
80,112057475,BI Analyst / Tableau,https://api.hh.ru/vacancies/112057475?host=hh.ru,"['BI-аналитик, аналитик данных']",,,,
81,108619772,Системный аналитик,https://api.hh.ru/vacancies/108619772?host=hh.ru,['Системный аналитик'],,,,
82,106578385,Бизнес-аналитик BI в ИТ Инфраструктуру,https://api.hh.ru/vacancies/106578385?host=hh.ru,"['BI-аналитик, аналитик данных']",,,,
83,112969998,Ведущий BI-аналитик,https://api.hh.ru/vacancies/112969998?host=hh.ru,"['BI-аналитик, аналитик данных']",,,,
84,107769012,"Руководитель IT проектов (DWH, BI)",https://api.hh.ru/vacancies/107769012?host=hh.ru,['Руководитель проектов'],,,,
85,111878044,BI-Аналитик (Департамент стратегии),https://api.hh.ru/vacancies/111878044?host=hh.ru,"['BI-аналитик, аналитик данных']",,,,
86,112539957,Аналитик данных,https://api.hh.ru/vacancies/112539957?host=hh.ru,"['BI-аналитик, аналитик данных']",,170000.0,RUR,False
87,112393680,Старший BI-аналитик,https://api.hh.ru/vacancies/112393680?host=hh.ru,"['BI-аналитик, аналитик данных']",200000.0,,RUR,True
88,112843920,BI-аналитик,https://api.hh.ru/vacancies/112843920?host=hh.ru,"['BI-аналитик, аналитик данных']",,,,
89,112401546,Бизнес-аналитик,https://api.hh.ru/vacancies/112401546?host=hh.ru,['Бизнес-аналитик'],,,,
90,106628808,Аналитик данных / BI-аналитик,https://api.hh.ru/vacancies/106628808?host=hh.ru,"['BI-аналитик, аналитик данных']",130000.0,,RUR,True
91,108990290,Аналитик группы (Управление оценки эффективности и координации бизнеса),https://api.hh.ru/vacancies/108990290?host=hh.ru,"['BI-аналитик, аналитик данных']",,,,
92,111609253,"Бизнес-аналитик ИТ-систем (анализ данных, отчетность)",https://api.hh.ru/vacancies/111609253?host=hh.ru,['Системный аналитик'],,,,
93,104571046,BI аналитик-разработчик / BI developer,https://api.hh.ru/vacancies/104571046?host=hh.ru,"['BI-аналитик, аналитик данных']",,,,
94,112071085,Аналитик SQL,https://api.hh.ru/vacancies/112071085?host=hh.ru,"['BI-аналитик, аналитик данных']",,,,
95,114185774,Менеджер по компенсациям и льготам (оперативная отчетность и бюджетирование),https://api.hh.ru/vacancies/114185774?host=hh.ru,['Менеджер по компенсациям и льготам'],,,,
96,106825166,HR - аналитик,https://api.hh.ru/vacancies/106825166?host=hh.ru,['Менеджер по компенсациям и льготам'],150000.0,150000.0,RUR,True
97,111944639,Frontend Tech Lead,https://api.hh.ru/vacancies/111944639?host=hh.ru,['Руководитель группы разработки'],,,,
98,107153086,Ведущий системный аналитик,https://api.hh.ru/vacancies/107153086?host=hh.ru,['Системный аналитик'],,,,
99,111898866,Бизнес-аналитик (Продуктовый аналитик),https://api.hh.ru/vacancies/111898866?host=hh.ru,['Продуктовый аналитик'],,200000.0,RUR,False
100,112422729,BI-аналитик,https://api.hh.ru/vacancies/112422729?host=hh.ru,"['BI-аналитик, аналитик данных']",,120000.0,RUR,True
101,110844692,Tech Lead PHP,https://api.hh.ru/vacancies/110844692?host=hh.ru,['Руководитель группы разработки'],,,,
102,112423010,BI-аналитик,https://api.hh.ru/vacancies/112423010?host=hh.ru,"['BI-аналитик, аналитик данных']",,,,
103,107260099,"Старший BI аналитик, FMCG",https://api.hh.ru/vacancies/107260099?host=hh.ru,['Аналитик'],,,,
104,112773611,DevOps/SRE инженер,https://api.hh.ru/vacancies/112773611?host=hh.ru,['DevOps-инженер'],300000.0,400000.0,RUR,False
105,112985890,Аналитик программ лояльности/Менеджер программ лояльности,https://api.hh.ru/vacancies/112985890?host=hh.ru,['Маркетолог-аналитик'],170000.0,,RUR,True
106,112187070,"Руководитель пресейла BI, DWH, Big Data, CRM, BPM, AIOps (Банки)",https://api.hh.ru/vacancies/112187070?host=hh.ru,"['BI-аналитик, аналитик данных']",,,,
107,103211275,Аналитик отдела маркетинга,https://api.hh.ru/vacancies/103211275?host=hh.ru,['Другое'],,,,
108,111888372,Solution Architect,https://api.hh.ru/vacancies/111888372?host=hh.ru,['Руководитель группы разработки'],,,,
109,113143174,BI-аналитик/ специалист SQL/ финансовый контролер,https://api.hh.ru/vacancies/113143174?host=hh.ru,"['Финансовый аналитик, инвестиционный аналитик']",,,,
110,111991336,ClickHouse DBA/Database administrator,https://api.hh.ru/vacancies/111991336?host=hh.ru,['DevOps-инженер'],,,,
111,110439045,BI Аналитик,https://api.hh.ru/vacancies/110439045?host=hh.ru,['Бизнес-аналитик'],,,,
112,113018072,BI-аналитик (SuperSet),https://api.hh.ru/vacancies/113018072?host=hh.ru,"['BI-аналитик, аналитик данных']",,,,
113,113320067,BI-аналитик,https://api.hh.ru/vacancies/113320067?host=hh.ru,"['BI-аналитик, аналитик данных']",,,,
114,112876508,Менеджер C&B в направлении HR,https://api.hh.ru/vacancies/112876508?host=hh.ru,['Директор по персоналу (HRD)'],,,,
115,107046279,Финансовый менеджер / Экономист,https://api.hh.ru/vacancies/107046279?host=hh.ru,['Экономист'],,,,
116,110251596,Руководитель группы DWH (аккредитованная ИТ-компания),https://api.hh.ru/vacancies/110251596?host=hh.ru,['Руководитель группы разработки'],,,,
117,111526930,BI-аналитик,https://api.hh.ru/vacancies/111526930?host=hh.ru,"['BI-аналитик, аналитик данных']",160000.0,,RUR,False
118,112749420,Marketing Manager / Senior Marketing Manager,https://api.hh.ru/vacancies/112749420?host=hh.ru,"['Менеджер по маркетингу, интернет-маркетолог']",,,,
119,112161961,Senior Frontend Developer (Vue),https://api.hh.ru/vacancies/112161961?host=hh.ru,"['Программист, разработчик']",,,,
120,111770021,Бизнес-аналитик,https://api.hh.ru/vacancies/111770021?host=hh.ru,['Бизнес-аналитик'],,,,
121,113139142,BI-аналитик (Tableau),https://api.hh.ru/vacancies/113139142?host=hh.ru,"['BI-аналитик, аналитик данных']",,,,
122,113285767,Старший BI-аналитик,https://api.hh.ru/vacancies/113285767?host=hh.ru,"['BI-аналитик, аналитик данных']",,,,
123,111343797,Руководитель отдела BI-аналитики,https://api.hh.ru/vacancies/111343797?host=hh.ru,['Руководитель отдела аналитики'],,,,
124,112509687,Senior BI аналитик / Team Lead,https://api.hh.ru/vacancies/112509687?host=hh.ru,"['BI-аналитик, аналитик данных']",,,,
125,113155969,Аналитик рынка,https://api.hh.ru/vacancies/113155969?host=hh.ru,['Маркетолог-аналитик'],,,,
126,112422973,BI-аналитик,https://api.hh.ru/vacancies/112422973?host=hh.ru,"['BI-аналитик, аналитик данных']",,,,
127,111201062,Системный аналитик DWH,https://api.hh.ru/vacancies/111201062?host=hh.ru,"['BI-аналитик, аналитик данных']",,,,
128,112877378,Менеджер по моделированию и оценке рисков,https://api.hh.ru/vacancies/112877378?host=hh.ru,['Комплаенс-менеджер'],,,,
129,112423608,Аналитик (Qlick),https://api.hh.ru/vacancies/112423608?host=hh.ru,['Другое'],,,,
130,112441971,Специалист по компенсациям и льготам (C&B),https://api.hh.ru/vacancies/112441971?host=hh.ru,['Менеджер по компенсациям и льготам'],,,,
131,108863380,BI-аналитик/Аналитик данных (нормирование численности ИТ направления),https://api.hh.ru/vacancies/108863380?host=hh.ru,"['BI-аналитик, аналитик данных']",,,,
132,112877587,Руководитель отдела риск-аналитики,https://api.hh.ru/vacancies/112877587?host=hh.ru,['Руководитель отдела аналитики'],,,,
133,108198924,Архитектор BI решений,https://api.hh.ru/vacancies/108198924?host=hh.ru,"['BI-аналитик, аналитик данных']",,,,
134,109552596,Главный специалист отдела системной экспертизы (BI-аналитик),https://api.hh.ru/vacancies/109552596?host=hh.ru,"['BI-аналитик, аналитик данных']",130000.0,,RUR,False
135,112388867,Маркетинговый аналитик,https://api.hh.ru/vacancies/112388867?host=hh.ru,['Аналитик'],,,,
136,112875128,BI аналитик со знанием JavaScript,https://api.hh.ru/vacancies/112875128?host=hh.ru,"['BI-аналитик, аналитик данных']",,,,
137,112332228,Senior technical writer,https://api.hh.ru/vacancies/112332228?host=hh.ru,['Технический писатель'],,,,
138,108807903,BI-аналитик (Департамент транзакционного розничного бизнеса),https://api.hh.ru/vacancies/108807903?host=hh.ru,"['BI-аналитик, аналитик данных']",,,,
139,104851834,Руководитель проекта по внедрению 1С ERP 2.5,https://api.hh.ru/vacancies/104851834?host=hh.ru,['Аналитик'],,,,
140,111971398,BI Analyst (Tableau),https://api.hh.ru/vacancies/111971398?host=hh.ru,"['BI-аналитик, аналитик данных']",,,,
141,111959913,Руководитель направления экономики (из пищевого производства) в Воронеж,https://api.hh.ru/vacancies/111959913?host=hh.ru,['Начальник производства'],,,,
142,111871826,Product Owner,https://api.hh.ru/vacancies/111871826?host=hh.ru,['Менеджер продукта'],,,,
143,112332329,DevSecOps engineer,https://api.hh.ru/vacancies/112332329?host=hh.ru,['DevOps-инженер'],,,,
144,113012577,BI-аналитик,https://api.hh.ru/vacancies/113012577?host=hh.ru,"['BI-аналитик, аналитик данных']",,,,
145,111447299,Менеджер по бюджетированию отдела компенсаций и льгот (C&B),https://api.hh.ru/vacancies/111447299?host=hh.ru,['Менеджер по компенсациям и льготам'],,,,
146,112057265,Главный архитектор решений (Solution Architect),https://api.hh.ru/vacancies/112057265?host=hh.ru,['Архитектор'],,,,
147,109729529,Ведущий BI-Аналитик,https://api.hh.ru/vacancies/109729529?host=hh.ru,"['BI-аналитик, аналитик данных']",,,,
148,113314375,BI-аналитик,https://api.hh.ru/vacancies/113314375?host=hh.ru,"['BI-аналитик, аналитик данных']",,,,
149,112844700,Менеджер по продажам SaaS-продуктов,https://api.hh.ru/vacancies/112844700?host=hh.ru,"['Менеджер по продажам, менеджер по работе с клиентами']",170000.0,,RUR,False
150,106004948,BI аналитик,https://api.hh.ru/vacancies/106004948?host=hh.ru,"['BI-аналитик, аналитик данных']",,,,
151,112753921,Senior QA Python Automation Engineer (удалённо),https://api.hh.ru/vacancies/112753921?host=hh.ru,['Тестировщик'],,,,
152,110193619,Архитектор решений,https://api.hh.ru/vacancies/110193619?host=hh.ru,['Руководитель группы разработки'],,,,
153,112190475,Digital strategic lead,https://api.hh.ru/vacancies/112190475?host=hh.ru,['Руководитель отдела маркетинга и рекламы'],,,,
154,110193645,DevOps/SRE,https://api.hh.ru/vacancies/110193645?host=hh.ru,['Системный инженер'],,,,
155,111965420,Data scientist,https://api.hh.ru/vacancies/111965420?host=hh.ru,['Дата-сайентист'],,,,
156,109727887,Middle Data Scientist,https://api.hh.ru/vacancies/109727887?host=hh.ru,"['BI-аналитик, аналитик данных']",,,,
157,112403192,BI-аналитик(Блок Продукты),https://api.hh.ru/vacancies/112403192?host=hh.ru,['Продуктовый аналитик'],,,,
158,111534147,BI-аналитик,https://api.hh.ru/vacancies/111534147?host=hh.ru,"['BI-аналитик, аналитик данных']",,,,
159,110193715,DevsecOps engineer,https://api.hh.ru/vacancies/110193715?host=hh.ru,['Специалист по информационной безопасности'],,,,
160,103653928,"Автор на курс ""BI-аналитик""",https://api.hh.ru/vacancies/103653928?host=hh.ru,"['BI-аналитик, аналитик данных']",,,,
161,113740758,DevOps-инженер,https://api.hh.ru/vacancies/113740758?host=hh.ru,['DevOps-инженер'],,700000.0,RUR,False
162,112349609,Сетевой инженер (Senior),https://api.hh.ru/vacancies/112349609?host=hh.ru,['Сетевой инженер'],,340000.0,RUR,False
163,113710184,Стажёр DevOps,https://api.hh.ru/vacancies/113710184?host=hh.ru,['DevOps-инженер'],,,,
164,114290207,Junior DevOps Engineer,https://api.hh.ru/vacancies/114290207?host=hh.ru,['DevOps-инженер'],150000.0,220000.0,RUR,False
165,114295085,Frontend-разработчик,https://api.hh.ru/vacancies/114295085?host=hh.ru,"['Программист, разработчик']",,,,
166,113205568,DevOps инженер,https://api.hh.ru/vacancies/113205568?host=hh.ru,['Системный инженер'],60000.0,90000.0,RUR,True
167,114043335,Java Разработчик (Middle+),https://api.hh.ru/vacancies/114043335?host=hh.ru,"['Программист, разработчик']",,,,
168,112436992,Стажер DevOps-инженер,https://api.hh.ru/vacancies/112436992?host=hh.ru,['DevOps-инженер'],50000.0,,RUR,False
169,114297206,Python backend разработчик (Middle+),https://api.hh.ru/vacancies/114297206?host=hh.ru,"['Программист, разработчик']",160000.0,,RUR,False
170,114035473,DevOps Engineer Trainee / Стажер,https://api.hh.ru/vacancies/114035473?host=hh.ru,['DevOps-инженер'],20000.0,100000.0,RUR,True
171,113253528,Младший DevOps инженер,https://api.hh.ru/vacancies/113253528?host=hh.ru,['DevOps-инженер'],120000.0,180000.0,RUR,False
172,112627495,DevOps инженер (junior +),https://api.hh.ru/vacancies/112627495?host=hh.ru,['DevOps-инженер'],80000.0,120000.0,RUR,False
173,100374713,Middle Manual QA,https://api.hh.ru/vacancies/100374713?host=hh.ru,['Тестировщик'],,,,
174,113322581,Тестировщик/QA(Проектно/по ИП),https://api.hh.ru/vacancies/113322581?host=hh.ru,['Тестировщик'],70000.0,82000.0,RUR,False
175,110965608,DevOps-инженер,https://api.hh.ru/vacancies/110965608?host=hh.ru,['DevOps-инженер'],,3500.0,USD,False
176,110611399,DevOps-инженер,https://api.hh.ru/vacancies/110611399?host=hh.ru,['DevOps-инженер'],200000.0,400000.0,RUR,False
177,113914968,Devops-инженер,https://api.hh.ru/vacancies/113914968?host=hh.ru,['Системный инженер'],135000.0,160000.0,RUR,False
178,113322473,Junior / Middle DevOps Engineer,https://api.hh.ru/vacancies/113322473?host=hh.ru,['DevOps-инженер'],,,,
179,114163183,DevOps-инженер,https://api.hh.ru/vacancies/114163183?host=hh.ru,['DevOps-инженер'],,,,
180,114176392,DevOps инженер,https://api.hh.ru/vacancies/114176392?host=hh.ru,['Специалист технической поддержки'],,,,
181,114296975,DevOps инженер,https://api.hh.ru/vacancies/114296975?host=hh.ru,['DevOps-инженер'],,,,
182,114069256,DevOps инженер (Kubernetes),https://api.hh.ru/vacancies/114069256?host=hh.ru,['DevOps-инженер'],,,,
183,111754017,Системный администратор/Инженер сопровождения информационных систем,https://api.hh.ru/vacancies/111754017?host=hh.ru,['Системный администратор'],120000.0,150000.0,RUR,False
184,111858436,Middle DevOps инженер (МТС Линк),https://api.hh.ru/vacancies/111858436?host=hh.ru,['DevOps-инженер'],,,,
185,113698517,Инженер по системному анализу и тестированию,https://api.hh.ru/vacancies/113698517?host=hh.ru,['Тестировщик'],150000.0,,RUR,False
186,114121151,DevOps Engineer,https://api.hh.ru/vacancies/114121151?host=hh.ru,['DevOps-инженер'],3900.0,,USD,False
187,111749423,DevOps engineer,https://api.hh.ru/vacancies/111749423?host=hh.ru,['DevOps-инженер'],,,,
188,111537009,DevOps-инженер,https://api.hh.ru/vacancies/111537009?host=hh.ru,['DevOps-инженер'],,,,
189,111307568,Младший DevOps инженер,https://api.hh.ru/vacancies/111307568?host=hh.ru,['DevOps-инженер'],140000.0,160000.0,RUR,False
190,112682317,Junior/Middle DevOps (инженер),https://api.hh.ru/vacancies/112682317?host=hh.ru,['DevOps-инженер'],,,,
191,113753666,DevOps-инженер,https://api.hh.ru/vacancies/113753666?host=hh.ru,['DevOps-инженер'],,,,
192,109215111,DevOps-инженер,https://api.hh.ru/vacancies/109215111?host=hh.ru,['DevOps-инженер'],,,,
193,112550547,Java-разработчик (Modeus),https://api.hh.ru/vacancies/112550547?host=hh.ru,"['Программист, разработчик']",,,,
194,113729830,DevOps-инженер,https://api.hh.ru/vacancies/113729830?host=hh.ru,['DevOps-инженер'],,,,
195,114303625,Системный администратор Windows,https://api.hh.ru/vacancies/114303625?host=hh.ru,['Системный администратор'],,,,
196,112078417,DevOps engineer,https://api.hh.ru/vacancies/112078417?host=hh.ru,['DevOps-инженер'],,,,
197,114168017,Системный аналитик,https://api.hh.ru/vacancies/114168017?host=hh.ru,['Аналитик'],,,,
198,113121467,DevOps Инженер (Yandex Cloud),https://api.hh.ru/vacancies/113121467?host=hh.ru,['DevOps-инженер'],,,,
199,102384086,DevOps Engineer,https://api.hh.ru/vacancies/102384086?host=hh.ru,['DevOps-инженер'],,,,
200,113019938,DevOps-инженер,https://api.hh.ru/vacancies/113019938?host=hh.ru,['DevOps-инженер'],300000.0,450000.0,RUR,False
201,95469000,DevOps - инженер,https://api.hh.ru/vacancies/95469000?host=hh.ru,['DevOps-инженер'],,,,
202,111739335,DevOps-инженер (Развитие инструментов мониторинга систем),https://api.hh.ru/vacancies/111739335?host=hh.ru,['DevOps-инженер'],,,,
203,113707761,DevOps engineer(Python),https://api.hh.ru/vacancies/113707761?host=hh.ru,['DevOps-инженер'],,,,
204,112490110,DevOps-инженер,https://api.hh.ru/vacancies/112490110?host=hh.ru,['DevOps-инженер'],,,,
205,114189249,DevOps Engineer,https://api.hh.ru/vacancies/114189249?host=hh.ru,['DevOps-инженер'],,,,
206,113705724,DevOps инженер,https://api.hh.ru/vacancies/113705724?host=hh.ru,['DevOps-инженер'],,,,
207,112320148,DevOps-инженер,https://api.hh.ru/vacancies/112320148?host=hh.ru,['DevOps-инженер'],,,,
208,111982032,Системный аналитик,https://api.hh.ru/vacancies/111982032?host=hh.ru,['Аналитик'],,,,
209,114285203,DevOps специалист,https://api.hh.ru/vacancies/114285203?host=hh.ru,['DevOps-инженер'],,,,
210,102100791,Senior DevOps инженер,https://api.hh.ru/vacancies/102100791?host=hh.ru,['DevOps-инженер'],,,,
211,114183639,System Administrator / DevOps,https://api.hh.ru/vacancies/114183639?host=hh.ru,['DevOps-инженер'],,,,
212,112066958,DevOps Engineer,https://api.hh.ru/vacancies/112066958?host=hh.ru,['DevOps-инженер'],,,,
213,112129656,DevOps-инженер,https://api.hh.ru/vacancies/112129656?host=hh.ru,['DevOps-инженер'],,500000.0,RUR,False
214,112747830,DevOps-инженер (middle),https://api.hh.ru/vacancies/112747830?host=hh.ru,['DevOps-инженер'],2500.0,4000.0,USD,True
215,112062426,Junior DevOps engineer в команду Роботизации,https://api.hh.ru/vacancies/112062426?host=hh.ru,['Специалист технической поддержки'],,150000.0,RUR,False
216,107654049,DevOps-инженер,https://api.hh.ru/vacancies/107654049?host=hh.ru,['DevOps-инженер'],,,,
217,113270919,Разработчик back-end,https://api.hh.ru/vacancies/113270919?host=hh.ru,"['Программист, разработчик']",250000.0,300000.0,RUR,False
218,108489169,Senior DevOps инженер,https://api.hh.ru/vacancies/108489169?host=hh.ru,['DevOps-инженер'],,,,
219,113694764,Java-developer (middle),https://api.hh.ru/vacancies/113694764?host=hh.ru,"['Программист, разработчик']",,,,
220,107596419,"DevOps-инженер (middle, junior)",https://api.hh.ru/vacancies/107596419?host=hh.ru,['DevOps-инженер'],,,,
221,112875819,DevOps Engineer,https://api.hh.ru/vacancies/112875819?host=hh.ru,['DevOps-инженер'],,,,
222,113740199,Бэкенд разработчик (Node.js),https://api.hh.ru/vacancies/113740199?host=hh.ru,"['Программист, разработчик']",,,,
223,114301066,Разработчик Java (Финдоставка),https://api.hh.ru/vacancies/114301066?host=hh.ru,"['Программист, разработчик']",,,,
224,114184035,Python Developer (SberНадежность),https://api.hh.ru/vacancies/114184035?host=hh.ru,['Аналитик'],,,,
225,107338755,DevOps-инженер junior,https://api.hh.ru/vacancies/107338755?host=hh.ru,['DevOps-инженер'],120000.0,,RUR,False
226,114176041,DevOps-инженер,https://api.hh.ru/vacancies/114176041?host=hh.ru,['DevOps-инженер'],200000.0,250000.0,RUR,False
227,112313749,Руководитель команды разработки,https://api.hh.ru/vacancies/112313749?host=hh.ru,['Руководитель группы разработки'],,,,
228,113735768,DevOps-инженер,https://api.hh.ru/vacancies/113735768?host=hh.ru,['DevOps-инженер'],,,,
229,113148223,Testing Engineer (KSMG),https://api.hh.ru/vacancies/113148223?host=hh.ru,['Тестировщик'],,,,
230,113736461,Системный администратор Linux Devops Engineer,https://api.hh.ru/vacancies/113736461?host=hh.ru,['Системный администратор'],,,,
231,114024030,DevOps инженер,https://api.hh.ru/vacancies/114024030?host=hh.ru,['DevOps-инженер'],,,,
232,112619242,DevOps-инженер,https://api.hh.ru/vacancies/112619242?host=hh.ru,['DevOps-инженер'],,,,
233,114176635,DevOps Engineer,https://api.hh.ru/vacancies/114176635?host=hh.ru,['DevOps-инженер'],150000.0,180000.0,RUR,False
234,111986406,DevOps-инженер,https://api.hh.ru/vacancies/111986406?host=hh.ru,['DevOps-инженер'],,,,
235,112178964,DevOps-инженер,https://api.hh.ru/vacancies/112178964?host=hh.ru,['DevOps-инженер'],,,,
236,112548271,Специалист сопровождения / Специалист по мониторингу,https://api.hh.ru/vacancies/112548271?host=hh.ru,['Андеррайтер'],,140000.0,RUR,False
237,81665551,DevOps-инженер (госуслуги),https://api.hh.ru/vacancies/81665551?host=hh.ru,['DevOps-инженер'],,,,
238,108142953,Teamlead DevOps,https://api.hh.ru/vacancies/108142953?host=hh.ru,['DevOps-инженер'],,,,
239,105263942,DevOps инженер,https://api.hh.ru/vacancies/105263942?host=hh.ru,['DevOps-инженер'],,,,
240,107318351,"DevOps инженер, Load Balancing",https://api.hh.ru/vacancies/107318351?host=hh.ru,['DevOps-инженер'],,,,
241,111954739,Тестировщик-автоматизатор,https://api.hh.ru/vacancies/111954739?host=hh.ru,['Тестировщик'],,,,
242,112578963,DevOps инженер,https://api.hh.ru/vacancies/112578963?host=hh.ru,['DevOps-инженер'],,,,
243,111765302,DevOps-инженер в GetTransfer.com,https://api.hh.ru/vacancies/111765302?host=hh.ru,['DevOps-инженер'],4000.0,6500.0,EUR,False
244,113752016,DevOps-инженер,https://api.hh.ru/vacancies/113752016?host=hh.ru,['DevOps-инженер'],,,,
245,110437387,SRE инженер (On-Premise),https://api.hh.ru/vacancies/110437387?host=hh.ru,['DevOps-инженер'],,,,
246,106242920,DevOps инженер,https://api.hh.ru/vacancies/106242920?host=hh.ru,['DevOps-инженер'],,,,
247,110878316,DevOps инженер в Банк,https://api.hh.ru/vacancies/110878316?host=hh.ru,['DevOps-инженер'],,,,
248,112491591,Технический Руководитель проекта виртуализации,https://api.hh.ru/vacancies/112491591?host=hh.ru,['Руководитель проектов'],,,,
249,108002551,DevOps Engineer,https://api.hh.ru/vacancies/108002551?host=hh.ru,['DevOps-инженер'],,,,
250,111969661,Java-разработчик (middle),https://api.hh.ru/vacancies/111969661?host=hh.ru,"['Программист, разработчик']",,,,
251,114040127,DevOps Engineer,https://api.hh.ru/vacancies/114040127?host=hh.ru,['DevOps-инженер'],,,,
252,114011770,DevOps-инженер,https://api.hh.ru/vacancies/114011770?host=hh.ru,['DevOps-инженер'],,,,
253,113142136,DevOps-инженер,https://api.hh.ru/vacancies/113142136?host=hh.ru,['DevOps-инженер'],,,,
254,112075663,Специалист по продажам технологических решений (Pre-sale Manager / Product Sales),https://api.hh.ru/vacancies/112075663?host=hh.ru,['Менеджер продукта'],300000.0,400000.0,RUR,False
255,112060264,Devops engineer (remote),https://api.hh.ru/vacancies/112060264?host=hh.ru,['DevOps-инженер'],,,,
256,112427971,Senior Java Разработчик,https://api.hh.ru/vacancies/112427971?host=hh.ru,"['Программист, разработчик']",,,,
257,92354865,PHP Developer,https://api.hh.ru/vacancies/92354865?host=hh.ru,"['Программист, разработчик']",,,,
258,110116135,Junior DevOps-инженер,https://api.hh.ru/vacancies/110116135?host=hh.ru,['DevOps-инженер'],,,,
259,113710794,Middle+ DevOps-инженер,https://api.hh.ru/vacancies/113710794?host=hh.ru,"['Программист, разработчик']",,160000.0,RUR,False
260,107316815,Прикладной администратор/DevOps инженер,https://api.hh.ru/vacancies/107316815?host=hh.ru,['DevOps-инженер'],,,,
261,113729697,DevOps-инженер,https://api.hh.ru/vacancies/113729697?host=hh.ru,['DevOps-инженер'],,,,
262,113740971,Senior .NET разработчик,https://api.hh.ru/vacancies/113740971?host=hh.ru,"['Программист, разработчик']",,,,
263,113899695,DevOps-инженер,https://api.hh.ru/vacancies/113899695?host=hh.ru,['DevOps-инженер'],,,,
264,112355524,DevOps-инженер,https://api.hh.ru/vacancies/112355524?host=hh.ru,['DevOps-инженер'],,,,
265,114298088,DevOps инженер (безопасность и антифрод),https://api.hh.ru/vacancies/114298088?host=hh.ru,['DevOps-инженер'],1000.0,,USD,False
266,114012570,SRE / DevOPS-инженер,https://api.hh.ru/vacancies/114012570?host=hh.ru,['DevOps-инженер'],,,,
267,112390277,DevOps-инженер,https://api.hh.ru/vacancies/112390277?host=hh.ru,['DevOps-инженер'],,,,
268,112728815,DevOps-инженер,https://api.hh.ru/vacancies/112728815?host=hh.ru,['DevOps-инженер'],,,,
269,113715058,DevOps-инженер,https://api.hh.ru/vacancies/113715058?host=hh.ru,['DevOps-инженер'],200000.0,,RUR,False
270,113022949,"DevOps-инженер, почта и мессенджер",https://api.hh.ru/vacancies/113022949?host=hh.ru,['DevOps-инженер'],,,,
271,110259574,DevOps-инженер,https://api.hh.ru/vacancies/110259574?host=hh.ru,['DevOps-инженер'],,,,
272,113710678,Инженер образовательного продукта/Технический писатель,https://api.hh.ru/vacancies/113710678?host=hh.ru,['Системный администратор'],,,,
273,112498223,Главный DevOps-инженер,https://api.hh.ru/vacancies/112498223?host=hh.ru,['DevOps-инженер'],,,,
274,112643360,DevOps инженер,https://api.hh.ru/vacancies/112643360?host=hh.ru,['DevOps-инженер'],,,,
275,113144197,Frontend разработчик (Vue.js),https://api.hh.ru/vacancies/113144197?host=hh.ru,"['Программист, разработчик']",,,,
276,112429353,DevOps инженер,https://api.hh.ru/vacancies/112429353?host=hh.ru,['DevOps-инженер'],,,,
277,112579624,DevOps (senior),https://api.hh.ru/vacancies/112579624?host=hh.ru,['DevOps-инженер'],400000.0,600000.0,RUR,True
278,111511385,DevOps-инженер,https://api.hh.ru/vacancies/111511385?host=hh.ru,['DevOps-инженер'],,,,
279,112779468,Devops - инженер,https://api.hh.ru/vacancies/112779468?host=hh.ru,['DevOps-инженер'],,,,
280,113313031,Devops Engineer / Системный администратор,https://api.hh.ru/vacancies/113313031?host=hh.ru,['Системный администратор'],,,,
281,114075429,DevOps-инженер (Дирекция цифровых сервисов),https://api.hh.ru/vacancies/114075429?host=hh.ru,['DevOps-инженер'],,,,
282,108361112,Главный инженер (Devops инженер),https://api.hh.ru/vacancies/108361112?host=hh.ru,['DevOps-инженер'],,,,
283,113714505,DevOps-инженер,https://api.hh.ru/vacancies/113714505?host=hh.ru,['DevOps-инженер'],,,,
284,96236239,DevOps-инженер,https://api.hh.ru/vacancies/96236239?host=hh.ru,['DevOps-инженер'],,,,
285,112036648,Младший DevOps инженер,https://api.hh.ru/vacancies/112036648?host=hh.ru,['DevOps-инженер'],,,,
286,112778349,"DevOps инженер (Middle, ДРПД)",https://api.hh.ru/vacancies/112778349?host=hh.ru,['DevOps-инженер'],,,,
287,114180607,Senior DevOps engineer,https://api.hh.ru/vacancies/114180607?host=hh.ru,['DevOps-инженер'],,,,
288,114120812,DevOps-инженер,https://api.hh.ru/vacancies/114120812?host=hh.ru,['DevOps-инженер'],,,,
289,109745446,Технический лидер команды DevOps,https://api.hh.ru/vacancies/109745446?host=hh.ru,['DevOps-инженер'],,,,
290,113158763,DevOps-инженер,https://api.hh.ru/vacancies/113158763?host=hh.ru,['DevOps-инженер'],,,,
291,113881585,DevOps-инженер,https://api.hh.ru/vacancies/113881585?host=hh.ru,['DevOps-инженер'],,,,
292,108690269,DevOps-инженер,https://api.hh.ru/vacancies/108690269?host=hh.ru,['DevOps-инженер'],,,,
293,111859278,DevOps-инженер,https://api.hh.ru/vacancies/111859278?host=hh.ru,['DevOps-инженер'],,,,
294,113870639,DevOps-инженер,https://api.hh.ru/vacancies/113870639?host=hh.ru,['DevOps-инженер'],,,,
295,110792636,DevOps инженер,https://api.hh.ru/vacancies/110792636?host=hh.ru,['DevOps-инженер'],,,,
296,112582060,DevOps engineer,https://api.hh.ru/vacancies/112582060?host=hh.ru,['DevOps-инженер'],,,,
297,113750842,DevOps-инженер,https://api.hh.ru/vacancies/113750842?host=hh.ru,['DevOps-инженер'],,,,
298,111967988,Manager IT Infrastructure,https://api.hh.ru/vacancies/111967988?host=hh.ru,['DevOps-инженер'],,,,
299,114188802,Middle DevOps Engineer,https://api.hh.ru/vacancies/114188802?host=hh.ru,['DevOps-инженер'],,,,
300,112329903,DevOps-инженер,https://api.hh.ru/vacancies/112329903?host=hh.ru,['DevOps-инженер'],,,,
301,111687396,Middle+/Senior Devops Engineer в продуктовую команду,https://api.hh.ru/vacancies/111687396?host=hh.ru,['DevOps-инженер'],,,,
302,111880610,DevOps-инженер,https://api.hh.ru/vacancies/111880610?host=hh.ru,['DevOps-инженер'],,,,
303,113004609,DevOps-инженер (Junior),https://api.hh.ru/vacancies/113004609?host=hh.ru,['DevOps-инженер'],,,,
304,112310589,DevOps-инженер,https://api.hh.ru/vacancies/112310589?host=hh.ru,['DevOps-инженер'],100000.0,,RUR,False
305,113914795,Senior DevOps-инженер (Kubernetes),https://api.hh.ru/vacancies/113914795?host=hh.ru,['DevOps-инженер'],,,,
306,113753076,DevOps Team Lead,https://api.hh.ru/vacancies/113753076?host=hh.ru,['DevOps-инженер'],350000.0,,RUR,False
307,114014249,DevOps-специалист,https://api.hh.ru/vacancies/114014249?host=hh.ru,['DevOps-инженер'],,,,
308,112328009,"Специалист технической поддержки по хостингу (2-я линия, тикеты)",https://api.hh.ru/vacancies/112328009?host=hh.ru,['Специалист технической поддержки'],45000.0,60000.0,RUR,False
309,106972668,DevOps Инженер/SRE,https://api.hh.ru/vacancies/106972668?host=hh.ru,['DevOps-инженер'],,,,
310,112751676,DevOps Engineer (AWS/Yandex Cloud),https://api.hh.ru/vacancies/112751676?host=hh.ru,['DevOps-инженер'],,350000.0,RUR,False
311,114185757,Системный инженер / DevOps инженер (стажер),https://api.hh.ru/vacancies/114185757?host=hh.ru,['DevOps-инженер'],,,,
312,113652002,DevOps-инженер,https://api.hh.ru/vacancies/113652002?host=hh.ru,['DevOps-инженер'],,,,
313,111032945,DevOps инженер (Middle| Senior),https://api.hh.ru/vacancies/111032945?host=hh.ru,['DevOps-инженер'],250000.0,330000.0,RUR,False
314,106113521,Senior DevOps-инженер / Архитектор автоматизации (SDLC),https://api.hh.ru/vacancies/106113521?host=hh.ru,['DevOps-инженер'],,,,
315,107822966,Devops инженер (Служба каталогов),https://api.hh.ru/vacancies/107822966?host=hh.ru,['DevOps-инженер'],,,,
316,112512999,Junior DevOps Engineer,https://api.hh.ru/vacancies/112512999?host=hh.ru,['DevOps-инженер'],,,,
317,112503378,Senior DevOps инженер,https://api.hh.ru/vacancies/112503378?host=hh.ru,['DevOps-инженер'],,,,
318,113322218,DevOps-инженер,https://api.hh.ru/vacancies/113322218?host=hh.ru,['DevOps-инженер'],,,,
319,110746687,SDET (Software Development Engineer in Test),https://api.hh.ru/vacancies/110746687?host=hh.ru,"['Программист, разработчик']",,,,
320,112998661,DevOps-инженер в «Процессинг Лояльности»,https://api.hh.ru/vacancies/112998661?host=hh.ru,['DevOps-инженер'],,,,
321,114181067,Техлид С# (.net),https://api.hh.ru/vacancies/114181067?host=hh.ru,"['Программист, разработчик']",,,,
322,113874870,DevOps-инженер,https://api.hh.ru/vacancies/113874870?host=hh.ru,['DevOps-инженер'],,,,
323,112986280,Golang-разработчик/GO,https://api.hh.ru/vacancies/112986280?host=hh.ru,"['Программист, разработчик']",,380000.0,RUR,False
324,111762075,DevOps-инженер,https://api.hh.ru/vacancies/111762075?host=hh.ru,['DevOps-инженер'],,,,
325,109687695,DevOps-инженер,https://api.hh.ru/vacancies/109687695?host=hh.ru,['Системный администратор'],,,,
326,86880878,Системный администратор Linux / DevOps инженер,https://api.hh.ru/vacancies/86880878?host=hh.ru,['Системный инженер'],,,,
327,111745111,DevOps engineer,https://api.hh.ru/vacancies/111745111?host=hh.ru,['DevOps-инженер'],300000.0,420000.0,RUR,False
328,108355017,Системный администратор Windows,https://api.hh.ru/vacancies/108355017?host=hh.ru,['Системный администратор'],,,,
329,112727562,Руководитель департамента разработки,https://api.hh.ru/vacancies/112727562?host=hh.ru,['Руководитель группы разработки'],,,,
330,112602411,Middle Devops инженер,https://api.hh.ru/vacancies/112602411?host=hh.ru,['DevOps-инженер'],,,,
331,112431216,DevOps-инженер,https://api.hh.ru/vacancies/112431216?host=hh.ru,['DevOps-инженер'],,,,
332,108046132,"DevOps-инженер (офис, удаленный формат)",https://api.hh.ru/vacancies/108046132?host=hh.ru,['DevOps-инженер'],,,,
333,113155818,DevOps-инженер (EVM stack),https://api.hh.ru/vacancies/113155818?host=hh.ru,['DevOps-инженер'],,,,
334,114558619,Senior DevOps - инженер,https://api.hh.ru/vacancies/114558619?host=hh.ru,['DevOps-инженер'],,,,
335,113738945,DevOps инженер,https://api.hh.ru/vacancies/113738945?host=hh.ru,['DevOps-инженер'],,,,
336,107775908,DevOps Engineer,https://api.hh.ru/vacancies/107775908?host=hh.ru,['DevOps-инженер'],,,,
337,112689138,DevOps инженер,https://api.hh.ru/vacancies/112689138?host=hh.ru,['DevOps-инженер'],170000.0,250000.0,RUR,False
338,112771750,DevOps инженер (Kubernetes),https://api.hh.ru/vacancies/112771750?host=hh.ru,['DevOps-инженер'],300000.0,350000.0,RUR,False
339,111481526,DevOps инженер,https://api.hh.ru/vacancies/111481526?host=hh.ru,['Системный инженер'],350000.0,,RUR,False
340,113320817,Middle DevOps-инженер,https://api.hh.ru/vacancies/113320817?host=hh.ru,['DevOps-инженер'],,,,
341,108784220,DevOps-инженер в команду Облачная платформа,https://api.hh.ru/vacancies/108784220?host=hh.ru,['DevOps-инженер'],,,,
342,110805613,Системный администратор,https://api.hh.ru/vacancies/110805613?host=hh.ru,['DevOps-инженер'],,,,
343,110871706,DevOps инженер (Cloud Engineer),https://api.hh.ru/vacancies/110871706?host=hh.ru,['DevOps-инженер'],,,,
344,112046912,DevOps-инженер (проект DataLake),https://api.hh.ru/vacancies/112046912?host=hh.ru,['DevOps-инженер'],,,,
345,113573223,DevOps (Эксперт-Senior/Team Lead),https://api.hh.ru/vacancies/113573223?host=hh.ru,['DevOps-инженер'],,,,
346,113875046,DevOps-инженер,https://api.hh.ru/vacancies/113875046?host=hh.ru,['DevOps-инженер'],350000.0,395000.0,RUR,True
347,108926035,DevOps (финтех),https://api.hh.ru/vacancies/108926035?host=hh.ru,['DevOps-инженер'],,,,
348,111506922,SRE инженер,https://api.hh.ru/vacancies/111506922?host=hh.ru,['DevOps-инженер'],,312000.0,RUR,True
349,111963248,Lead DevOps Engineer,https://api.hh.ru/vacancies/111963248?host=hh.ru,['DevOps-инженер'],450000.0,550000.0,RUR,False
350,113004975,DevOps Engineer (Middle+),https://api.hh.ru/vacancies/113004975?host=hh.ru,['DevOps-инженер'],280000.0,,RUR,False
351,110260672,DevOps инженер Сайта sberbank.ru,https://api.hh.ru/vacancies/110260672?host=hh.ru,['DevOps-инженер'],,,,
352,111759517,DevOps-инженер (YAPPY),https://api.hh.ru/vacancies/111759517?host=hh.ru,['DevOps-инженер'],,,,
353,114292420,DevOps Engineer,https://api.hh.ru/vacancies/114292420?host=hh.ru,['DevOps-инженер'],250000.0,350000.0,RUR,True
354,107322297,DevOps инженер,https://api.hh.ru/vacancies/107322297?host=hh.ru,['DevOps-инженер'],,,,
355,114177900,DevOps-инженер,https://api.hh.ru/vacancies/114177900?host=hh.ru,['DevOps-инженер'],,,,
356,112760193,DevOps-инженер в команду Интеграционный слой,https://api.hh.ru/vacancies/112760193?host=hh.ru,['DevOps-инженер'],,,,
357,112136189,Специалист IT Service Management,https://api.hh.ru/vacancies/112136189?host=hh.ru,['Специалист технической поддержки'],,,,
358,112847647,DevOps-инженер,https://api.hh.ru/vacancies/112847647?host=hh.ru,['DevOps-инженер'],,,,
359,113876628,DevOps инженер,https://api.hh.ru/vacancies/113876628?host=hh.ru,['DevOps-инженер'],,,,
360,112588813,DevOps-инженер,https://api.hh.ru/vacancies/112588813?host=hh.ru,['DevOps-инженер'],,,,
361,113892368,Devops,https://api.hh.ru/vacancies/113892368?host=hh.ru,['DevOps-инженер'],,,,
362,113741415,Администратор 2 линии сопровождения аналитической платформы,https://api.hh.ru/vacancies/113741415?host=hh.ru,['Специалист технической поддержки'],,,,
363,113914881,Senior DevOps-инженер (Логирование),https://api.hh.ru/vacancies/113914881?host=hh.ru,['DevOps-инженер'],,,,
364,114178939,Java Developer (Сеть продаж),https://api.hh.ru/vacancies/114178939?host=hh.ru,"['Программист, разработчик']",,,,
365,114294439,Senior DevOps Engineer,https://api.hh.ru/vacancies/114294439?host=hh.ru,['DevOps-инженер'],,,,
366,112282014,Python-разработчик,https://api.hh.ru/vacancies/112282014?host=hh.ru,"['Программист, разработчик']",,,,
367,112792140,Devops инженер,https://api.hh.ru/vacancies/112792140?host=hh.ru,['DevOps-инженер'],,,,
368,110985636,DevOps Engineer,https://api.hh.ru/vacancies/110985636?host=hh.ru,['DevOps-инженер'],,,,
369,112416822,Руководитель команды миграции,https://api.hh.ru/vacancies/112416822?host=hh.ru,['DevOps-инженер'],,,,
370,112859056,Middle DevOps-инженер,https://api.hh.ru/vacancies/112859056?host=hh.ru,['DevOps-инженер'],,,,
371,108311139,DevOps-инженер,https://api.hh.ru/vacancies/108311139?host=hh.ru,['DevOps-инженер'],,,,
372,111948547,Middle DevOps инженер,https://api.hh.ru/vacancies/111948547?host=hh.ru,['DevOps-инженер'],,,,
373,114556092,DevOps-инженер,https://api.hh.ru/vacancies/114556092?host=hh.ru,['DevOps-инженер'],,,,
374,97345193,DevOps-инженер,https://api.hh.ru/vacancies/97345193?host=hh.ru,['DevOps-инженер'],,,,
375,111734739,DevOps Engineer,https://api.hh.ru/vacancies/111734739?host=hh.ru,['DevOps-инженер'],,,,
376,112333957,DevOps Engineer,https://api.hh.ru/vacancies/112333957?host=hh.ru,['DevOps-инженер'],,,,
377,109551390,DevOps-инженер,https://api.hh.ru/vacancies/109551390?host=hh.ru,['DevOps-инженер'],,,,
378,112504626,DevOps-инженер,https://api.hh.ru/vacancies/112504626?host=hh.ru,['DevOps-инженер'],,,,
379,114012440,DevOps Engineer,https://api.hh.ru/vacancies/114012440?host=hh.ru,['DevOps-инженер'],,,,
380,111986708,Devops-инженер,https://api.hh.ru/vacancies/111986708?host=hh.ru,['DevOps-инженер'],,,,
381,112059361,Java developer,https://api.hh.ru/vacancies/112059361?host=hh.ru,"['Программист, разработчик']",,,,
382,110639528,Системный администратор Linux (DevOps инженер),https://api.hh.ru/vacancies/110639528?host=hh.ru,['Системный администратор'],,,,
383,114170859,DevOps-инженер,https://api.hh.ru/vacancies/114170859?host=hh.ru,['DevOps-инженер'],,,,
384,109832410,DevOps-инженер (Middle) ДИЭиИР,https://api.hh.ru/vacancies/109832410?host=hh.ru,['DevOps-инженер'],,,,
385,113170111,DevOps engineer,https://api.hh.ru/vacancies/113170111?host=hh.ru,['DevOps-инженер'],,,,
386,111797410,DevOps инженер,https://api.hh.ru/vacancies/111797410?host=hh.ru,['DevOps-инженер'],,,,
387,114182862,DevOps-инженер,https://api.hh.ru/vacancies/114182862?host=hh.ru,['DevOps-инженер'],,,,
388,114187566,DevOps инженер,https://api.hh.ru/vacancies/114187566?host=hh.ru,['DevOps-инженер'],,,,
389,114201056,DevOps-инженер,https://api.hh.ru/vacancies/114201056?host=hh.ru,['DevOps-инженер'],,,,
390,112163279,DevOps инженер,https://api.hh.ru/vacancies/112163279?host=hh.ru,['DevOps-инженер'],,200000.0,RUR,False
391,113854762,Devops Engineer (Kubernetes),https://api.hh.ru/vacancies/113854762?host=hh.ru,['DevOps-инженер'],,,,
392,113736447,Главный DevOps инженер,https://api.hh.ru/vacancies/113736447?host=hh.ru,['DevOps-инженер'],,,,
393,112743435,DevOps-инженер (Управление талантами и База знаний),https://api.hh.ru/vacancies/112743435?host=hh.ru,['DevOps-инженер'],,,,
394,114177467,Senior DevOps Engineer в FinTech-продукт,https://api.hh.ru/vacancies/114177467?host=hh.ru,['DevOps-инженер'],4500.0,5500.0,USD,False
395,108960704,DevOps-инженер,https://api.hh.ru/vacancies/108960704?host=hh.ru,['DevOps-инженер'],,,,
396,110424289,DevOps Engineer,https://api.hh.ru/vacancies/110424289?host=hh.ru,['DevOps-инженер'],,,,
397,105757973,Devops - инженер,https://api.hh.ru/vacancies/105757973?host=hh.ru,"['Программист, разработчик']",,,,
398,112620782,Middle / Senior DevOps-инженер,https://api.hh.ru/vacancies/112620782?host=hh.ru,['DevOps-инженер'],,,,
399,114210553,DevOps Engineer (Brain4Net),https://api.hh.ru/vacancies/114210553?host=hh.ru,['DevOps-инженер'],,,,
400,106632697,DevOps инженер (инженер эксплуатации и внедрения),https://api.hh.ru/vacancies/106632697?host=hh.ru,['DevOps-инженер'],,,,
401,112614694,Middle Devops-инженер,https://api.hh.ru/vacancies/112614694?host=hh.ru,['DevOps-инженер'],,,,
402,109229551,Devops инженер,https://api.hh.ru/vacancies/109229551?host=hh.ru,['DevOps-инженер'],,,,
403,107347109,DevOps-инженер,https://api.hh.ru/vacancies/107347109?host=hh.ru,['DevOps-инженер'],,,,
404,111773241,DevOps-инженер,https://api.hh.ru/vacancies/111773241?host=hh.ru,['DevOps-инженер'],,,,
405,112325139,DevOps-инженер,https://api.hh.ru/vacancies/112325139?host=hh.ru,['DevOps-инженер'],,,,
406,111234299,DevOps инженер,https://api.hh.ru/vacancies/111234299?host=hh.ru,['DevOps-инженер'],,170000.0,RUR,False
407,112189481,Системный администратор Linux,https://api.hh.ru/vacancies/112189481?host=hh.ru,['Системный администратор'],200000.0,222000.0,RUR,False
408,111239845,DevOps-инженер,https://api.hh.ru/vacancies/111239845?host=hh.ru,['DevOps-инженер'],,,,
409,113721863,DevOps-инженер,https://api.hh.ru/vacancies/113721863?host=hh.ru,['DevOps-инженер'],,,,
410,110387085,DevOps Engineer,https://api.hh.ru/vacancies/110387085?host=hh.ru,['DevOps-инженер'],,,,
411,111439415,DevOps Engineer,https://api.hh.ru/vacancies/111439415?host=hh.ru,['DevOps-инженер'],,,,
412,112299448,Бэкенд разработчик (Kotlin),https://api.hh.ru/vacancies/112299448?host=hh.ru,"['Программист, разработчик']",,,,
413,108666082,Delivery Process Owner,https://api.hh.ru/vacancies/108666082?host=hh.ru,['Руководитель группы разработки'],,,,
414,111873364,DevOps инженер (Synapse),https://api.hh.ru/vacancies/111873364?host=hh.ru,['DevOps-инженер'],,300000.0,RUR,False
415,113009476,DevOps-инженер,https://api.hh.ru/vacancies/113009476?host=hh.ru,['Специалист технической поддержки'],,,,
416,113777549,DevOps инженер,https://api.hh.ru/vacancies/113777549?host=hh.ru,['DevOps-инженер'],,,,
417,110797541,Senior Python developer удаленно,https://api.hh.ru/vacancies/110797541?host=hh.ru,"['Программист, разработчик']",,,,
418,114302723,Инженер поддержки решения DION On-Premise,https://api.hh.ru/vacancies/114302723?host=hh.ru,"['Сервисный инженер, инженер-механик']",,,,
419,112429404,Middle DevOps инженер,https://api.hh.ru/vacancies/112429404?host=hh.ru,['DevOps-инженер'],,200000.0,RUR,False
420,113591693,DevOps инженер,https://api.hh.ru/vacancies/113591693?host=hh.ru,['Системный инженер'],,,,
421,112025022,DevOps-инженер,https://api.hh.ru/vacancies/112025022?host=hh.ru,['DevOps-инженер'],,,,
422,112612038,DevOps инженер (облачная платформа),https://api.hh.ru/vacancies/112612038?host=hh.ru,['DevOps-инженер'],,,,
423,112780779,DevOps-инженер (Брест),https://api.hh.ru/vacancies/112780779?host=hh.ru,['DevOps-инженер'],,,,
424,112875314,DevOps-инженер,https://api.hh.ru/vacancies/112875314?host=hh.ru,['DevOps-инженер'],,,,
425,112455227,Devops - инженер,https://api.hh.ru/vacancies/112455227?host=hh.ru,['DevOps-инженер'],200000.0,300000.0,RUR,True
426,112973854,DevOps инженер,https://api.hh.ru/vacancies/112973854?host=hh.ru,['DevOps-инженер'],,,,
427,113874375,Программист 1С/DevOps инженер,https://api.hh.ru/vacancies/113874375?host=hh.ru,"['Программист, разработчик']",,,,
428,114011326,DevOps-инженер,https://api.hh.ru/vacancies/114011326?host=hh.ru,['DevOps-инженер'],,,,
429,109152115,Старший технический писатель (облачные сервисы),https://api.hh.ru/vacancies/109152115?host=hh.ru,['Технический писатель'],150000.0,190000.0,RUR,False
430,109676004,Senior DevOps Engineer,https://api.hh.ru/vacancies/109676004?host=hh.ru,['DevOps-инженер'],,,,
431,109965838,DevOps-инженер,https://api.hh.ru/vacancies/109965838?host=hh.ru,['DevOps-инженер'],,,,
432,114025136,Ведущий архитектор,https://api.hh.ru/vacancies/114025136?host=hh.ru,['Архитектор'],,,,
433,114056392,DevOps-инженер,https://api.hh.ru/vacancies/114056392?host=hh.ru,['DevOps-инженер'],,,,
434,110609234,Devops (Инженер автоматизации инфраструктуры),https://api.hh.ru/vacancies/110609234?host=hh.ru,['DevOps-инженер'],,,,
435,113270810,Технический лидер QA,https://api.hh.ru/vacancies/113270810?host=hh.ru,['Тестировщик'],,,,
436,106249775,DevOps инженер (middle),https://api.hh.ru/vacancies/106249775?host=hh.ru,['Системный администратор'],,,,
437,107751937,DevOps engineer,https://api.hh.ru/vacancies/107751937?host=hh.ru,['DevOps-инженер'],,,,
438,112605166,DevOps-инженер,https://api.hh.ru/vacancies/112605166?host=hh.ru,['DevOps-инженер'],,,,
439,111948914,Инженер DevOps,https://api.hh.ru/vacancies/111948914?host=hh.ru,['DevOps-инженер'],,,,
440,113710397,Архитектор данных (платформа Data Lake) (Северсталь Диджитал),https://api.hh.ru/vacancies/113710397?host=hh.ru,['Архитектор'],,,,
441,112589199,DevOps-инженер,https://api.hh.ru/vacancies/112589199?host=hh.ru,['DevOps-инженер'],,,,
442,111528412,DevOps Engineer,https://api.hh.ru/vacancies/111528412?host=hh.ru,['DevOps-инженер'],,,,
443,112064912,DevOps Инженер / SRE,https://api.hh.ru/vacancies/112064912?host=hh.ru,['DevOps-инженер'],200000.0,,RUR,False
444,112757184,Middle+/senior DevOps engineer (авиационный блок),https://api.hh.ru/vacancies/112757184?host=hh.ru,['DevOps-инженер'],,,,
445,112130009,Продуктовый дизайнер (Sberspace),https://api.hh.ru/vacancies/112130009?host=hh.ru,['Другое'],,,,
446,113726718,Senior DE/Team Lead,https://api.hh.ru/vacancies/113726718?host=hh.ru,"['Программист, разработчик']",,,,
447,112067854,DevOps-инженер,https://api.hh.ru/vacancies/112067854?host=hh.ru,['DevOps-инженер'],,,,
448,104925896,DevOps - Инженер,https://api.hh.ru/vacancies/104925896?host=hh.ru,['DevOps-инженер'],,,,
449,112502062,System administrator Linux / DevOps engineer,https://api.hh.ru/vacancies/112502062?host=hh.ru,['Системный администратор'],,,,
450,114300047,DevOps инженер,https://api.hh.ru/vacancies/114300047?host=hh.ru,['DevOps-инженер'],,350000.0,RUR,True
451,103498262,Технический лидер DevOps,https://api.hh.ru/vacancies/103498262?host=hh.ru,['DevOps-инженер'],,,,
452,112430440,DevOps инженер,https://api.hh.ru/vacancies/112430440?host=hh.ru,['DevOps-инженер'],,,,
453,113311335,DevOps инженер,https://api.hh.ru/vacancies/113311335?host=hh.ru,"['Программист, разработчик']",,,,
454,112068502,DevOps-инженер,https://api.hh.ru/vacancies/112068502?host=hh.ru,['DevOps-инженер'],,,,
455,112766666,Старший системный инженер,https://api.hh.ru/vacancies/112766666?host=hh.ru,['Системный инженер'],,,,
456,111413951,Devops инженер,https://api.hh.ru/vacancies/111413951?host=hh.ru,['DevOps-инженер'],,,,
457,108003030,Middle+/Senior DevOps engineer,https://api.hh.ru/vacancies/108003030?host=hh.ru,['DevOps-инженер'],,,,
458,109666121,DevOps-инженер,https://api.hh.ru/vacancies/109666121?host=hh.ru,['DevOps-инженер'],,,,
459,112630118,Ведущий системный аналитик (системный аналитик),https://api.hh.ru/vacancies/112630118?host=hh.ru,['Системный аналитик'],,,,
460,113148270,AQA (Java),https://api.hh.ru/vacancies/113148270?host=hh.ru,"['Программист, разработчик']",,,,
461,112064944,DevOps Engineer,https://api.hh.ru/vacancies/112064944?host=hh.ru,['DevOps-инженер'],4000.0,,USD,False
462,114019983,Middle DevOps-инженер,https://api.hh.ru/vacancies/114019983?host=hh.ru,['DevOps-инженер'],,,,
463,111216776,DevOps-инженер (ML платформа),https://api.hh.ru/vacancies/111216776?host=hh.ru,['DevOps-инженер'],,,,
464,113066692,Системный аналитик,https://api.hh.ru/vacancies/113066692?host=hh.ru,"['Финансовый аналитик, инвестиционный аналитик']",,,,
465,112629956,DevOps Engineer (Цифровые документы),https://api.hh.ru/vacancies/112629956?host=hh.ru,['DevOps-инженер'],,,,
466,112067900,Senior/middle DevOps инженер,https://api.hh.ru/vacancies/112067900?host=hh.ru,['DevOps-инженер'],,,,
467,112439659,DevOps-инженер,https://api.hh.ru/vacancies/112439659?host=hh.ru,['DevOps-инженер'],,,,
468,114301495,Консультант по продуктам Atlassian (преподаватель),https://api.hh.ru/vacancies/114301495?host=hh.ru,['Руководитель проектов'],,,,
469,111067270,Devops specialist,https://api.hh.ru/vacancies/111067270?host=hh.ru,['DevOps-инженер'],,,,
470,113013538,DevOps-инженер (Kubernetes),https://api.hh.ru/vacancies/113013538?host=hh.ru,['DevOps-инженер'],250000.0,300000.0,RUR,False
471,110664394,DevOps-инженер,https://api.hh.ru/vacancies/110664394?host=hh.ru,['DevOps-инженер'],,,,
472,114184465,Senior DevOps инженер (Rocket Chat),https://api.hh.ru/vacancies/114184465?host=hh.ru,['DevOps-инженер'],,,,
473,111341422,DevOps инженер,https://api.hh.ru/vacancies/111341422?host=hh.ru,['DevOps-инженер'],,,,
474,112431990,DevOps-инженер,https://api.hh.ru/vacancies/112431990?host=hh.ru,['DevOps-инженер'],,,,
475,109218331,Senior/Middle Python разработчик,https://api.hh.ru/vacancies/109218331?host=hh.ru,"['Программист, разработчик']",,,,
476,109630943,Технический архитектор в VK Tech,https://api.hh.ru/vacancies/109630943?host=hh.ru,['Архитектор'],,,,
477,110331711,DevOps-инженер,https://api.hh.ru/vacancies/110331711?host=hh.ru,['DevOps-инженер'],,,,
478,113157366,DevOps engineer middle/senior (HL+),https://api.hh.ru/vacancies/113157366?host=hh.ru,['DevOps-инженер'],,,,
479,106089478,DevOps Engineer,https://api.hh.ru/vacancies/106089478?host=hh.ru,"['Программист, разработчик']",,,,
480,114020454,Middle DevOps инженер,https://api.hh.ru/vacancies/114020454?host=hh.ru,['DevOps-инженер'],,,,
481,107677373,DevOps инженер,https://api.hh.ru/vacancies/107677373?host=hh.ru,['Специалист технической поддержки'],,,,
482,110336637,Middle MLOps / Devops инженер,https://api.hh.ru/vacancies/110336637?host=hh.ru,['DevOps-инженер'],,,,
483,112419515,DevOps-инженер,https://api.hh.ru/vacancies/112419515?host=hh.ru,['DevOps-инженер'],90000.0,110000.0,RUR,False
484,113311844,DevOps-инженер,https://api.hh.ru/vacancies/113311844?host=hh.ru,['DevOps-инженер'],,,,
485,112492395,DevOps инженер,https://api.hh.ru/vacancies/112492395?host=hh.ru,['DevOps-инженер'],,,,
486,110327621,DevOps engineer (CI/CD),https://api.hh.ru/vacancies/110327621?host=hh.ru,['DevOps-инженер'],,,,
487,112350817,Специалист 2й линии поддержки,https://api.hh.ru/vacancies/112350817?host=hh.ru,['Специалист технической поддержки'],,,,
488,111776407,Инженер автоматизированного тестирования ПО,https://api.hh.ru/vacancies/111776407?host=hh.ru,['Тестировщик'],,,,
489,113001306,SRE-инженер,https://api.hh.ru/vacancies/113001306?host=hh.ru,['DevOps-инженер'],,,,
490,111443373,DevOps инженер (Сбербанк онлайн),https://api.hh.ru/vacancies/111443373?host=hh.ru,['DevOps-инженер'],,,,
491,112714234,DevOps-инженер,https://api.hh.ru/vacancies/112714234?host=hh.ru,['DevOps-инженер'],,,,
492,113013540,DevOps-инженер (проект миграции),https://api.hh.ru/vacancies/113013540?host=hh.ru,['DevOps-инженер'],300000.0,350000.0,RUR,False
493,111356387,Tech Lead DevOps инженер,https://api.hh.ru/vacancies/111356387?host=hh.ru,['DevOps-инженер'],480000.0,,RUR,True
494,112149036,DevOps Engineer (GigaCode),https://api.hh.ru/vacancies/112149036?host=hh.ru,['DevOps-инженер'],,,,
495,113850568,DevOps инженер,https://api.hh.ru/vacancies/113850568?host=hh.ru,['DevOps-инженер'],,,,
496,112850289,Lead DevOps specialist,https://api.hh.ru/vacancies/112850289?host=hh.ru,['DevOps-инженер'],,,,
497,108989526,Старший DevOps-инженер,https://api.hh.ru/vacancies/108989526?host=hh.ru,['DevOps-инженер'],,,,
498,111422157,SRE-инженер удаленно,https://api.hh.ru/vacancies/111422157?host=hh.ru,['Сетевой инженер'],,235000.0,RUR,True
499,90866775,Инженер DevOps,https://api.hh.ru/vacancies/90866775?host=hh.ru,['DevOps-инженер'],,,,
500,98471105,DevOps инженер,https://api.hh.ru/vacancies/98471105?host=hh.ru,"['Программист, разработчик']",,230000.0,RUR,False
501,111859867,DevOps-инженер (SB),https://api.hh.ru/vacancies/111859867?host=hh.ru,['DevOps-инженер'],,,,
502,112110841,.NET Core Developer,https://api.hh.ru/vacancies/112110841?host=hh.ru,"['Программист, разработчик']",135000.0,,RUR,False
503,108065507,DevOps-инженер (ALD Pro),https://api.hh.ru/vacancies/108065507?host=hh.ru,['DevOps-инженер'],,,,
504,110879510,DevOps инженер,https://api.hh.ru/vacancies/110879510?host=hh.ru,['DevOps-инженер'],,,,
505,109537304,DevOps-инженер,https://api.hh.ru/vacancies/109537304?host=hh.ru,['DevOps-инженер'],200000.0,300000.0,RUR,True
506,111526879,DevOps-инженер,https://api.hh.ru/vacancies/111526879?host=hh.ru,['DevOps-инженер'],,,,
507,107947032,Senior DevOps engineer,https://api.hh.ru/vacancies/107947032?host=hh.ru,['DevOps-инженер'],,,,
508,110878045,"DevOps инженер (kafka, debezium, flink) в Банк",https://api.hh.ru/vacancies/110878045?host=hh.ru,['DevOps-инженер'],,,,
509,110659005,DevOps-инженер (Потоковые данные),https://api.hh.ru/vacancies/110659005?host=hh.ru,['DevOps-инженер'],,,,
510,112510806,Java Developer (Сеть продаж),https://api.hh.ru/vacancies/112510806?host=hh.ru,"['Программист, разработчик']",,,,
511,111776445,"Инженер автоматизированного тестирования ПО (офис БЦ Рига Ленд, 26 км автодороги Балтия)",https://api.hh.ru/vacancies/111776445?host=hh.ru,['Тестировщик'],,,,
512,113149407,DevOps-инженер,https://api.hh.ru/vacancies/113149407?host=hh.ru,['DevOps-инженер'],,,,
513,113279239,DevOps инженер,https://api.hh.ru/vacancies/113279239?host=hh.ru,['DevOps-инженер'],,,,
514,110444442,DevOps-инженер,https://api.hh.ru/vacancies/110444442?host=hh.ru,['DevOps-инженер'],320000.0,,RUR,True
515,112044639,DevOps-инженер,https://api.hh.ru/vacancies/112044639?host=hh.ru,['DevOps-инженер'],250000.0,,RUR,False
516,108969771,Senior/ Middle DevOps engineer,https://api.hh.ru/vacancies/108969771?host=hh.ru,['DevOps-инженер'],,,,
517,112755530,DevOps Engineer (AWS + k8s),https://api.hh.ru/vacancies/112755530?host=hh.ru,['Системный инженер'],,,,
518,112713631,DevOps-инженер / Cloud Infrastructure Engineer,https://api.hh.ru/vacancies/112713631?host=hh.ru,['DevOps-инженер'],,,,
519,112971660,DevOps engineer,https://api.hh.ru/vacancies/112971660?host=hh.ru,['DevOps-инженер'],,,,
520,108318743,Системный аналитик (проект Аккредитивы),https://api.hh.ru/vacancies/108318743?host=hh.ru,['Системный аналитик'],,,,
521,112861787,DevOps-инженер (Middle-Senior),https://api.hh.ru/vacancies/112861787?host=hh.ru,['DevOps-инженер'],,,,
522,111745679,Системный администратор (DevOps инженер),https://api.hh.ru/vacancies/111745679?host=hh.ru,['DevOps-инженер'],,,,
523,114143355,Senior DevOps-Инженер (команда ПИМ),https://api.hh.ru/vacancies/114143355?host=hh.ru,['DevOps-инженер'],,,,
524,95929622,DevOps engineer,https://api.hh.ru/vacancies/95929622?host=hh.ru,['DevOps-инженер'],,,,
525,110249885,DevOps инженер,https://api.hh.ru/vacancies/110249885?host=hh.ru,['DevOps-инженер'],,,,
526,111332620,DevOps-инженер,https://api.hh.ru/vacancies/111332620?host=hh.ru,['DevOps-инженер'],,,,
527,111751354,Senior DevOps engineer,https://api.hh.ru/vacancies/111751354?host=hh.ru,['DevOps-инженер'],5000.0,,USD,False
528,113912697,Senior DevOps engineer,https://api.hh.ru/vacancies/113912697?host=hh.ru,['DevOps-инженер'],250000.0,360000.0,RUR,False
529,112710424,DevOps-инженер,https://api.hh.ru/vacancies/112710424?host=hh.ru,['DevOps-инженер'],,,,
530,113168395,DevOps-инженер в Программу лояльности,https://api.hh.ru/vacancies/113168395?host=hh.ru,['DevOps-инженер'],,,,
531,111989233,Middle DevOps engineer,https://api.hh.ru/vacancies/111989233?host=hh.ru,['DevOps-инженер'],,,,
532,113302385,DevOps Engineer Sentry,https://api.hh.ru/vacancies/113302385?host=hh.ru,['DevOps-инженер'],,,,
533,111753033,DevOps Engineer,https://api.hh.ru/vacancies/111753033?host=hh.ru,['DevOps-инженер'],,,,
534,92976301,Devops,https://api.hh.ru/vacancies/92976301?host=hh.ru,"['Программист, разработчик']",,,,
535,112392271,DevOps-инженер,https://api.hh.ru/vacancies/112392271?host=hh.ru,['DevOps-инженер'],60000.0,200000.0,RUR,True
536,108199005,Middle+\Senior DevOps-инженер,https://api.hh.ru/vacancies/108199005?host=hh.ru,['DevOps-инженер'],,,,
537,114185745,DevOps-инженер,https://api.hh.ru/vacancies/114185745?host=hh.ru,['DevOps-инженер'],,,,
538,110618144,DevOps-инженер,https://api.hh.ru/vacancies/110618144?host=hh.ru,['DevOps-инженер'],,,,
539,108339403,DevOps Engineer,https://api.hh.ru/vacancies/108339403?host=hh.ru,['DevOps-инженер'],,,,
540,110673579,Middle/Senior DevOps engineer [Integration Platform],https://api.hh.ru/vacancies/110673579?host=hh.ru,['DevOps-инженер'],,,,
541,112760638,Middle+/Senior DevOps Engineer,https://api.hh.ru/vacancies/112760638?host=hh.ru,['DevOps-инженер'],300000.0,,RUR,False
542,112773611,DevOps/SRE инженер,https://api.hh.ru/vacancies/112773611?host=hh.ru,['DevOps-инженер'],300000.0,400000.0,RUR,False
543,114181070,DevOps инженер (Middle+),https://api.hh.ru/vacancies/114181070?host=hh.ru,['DevOps-инженер'],,,,
544,112315859,Junior DevOps-инженер,https://api.hh.ru/vacancies/112315859?host=hh.ru,['DevOps-инженер'],100000.0,200000.0,RUR,False
545,112054409,Middle/Senior DevOps-инженер,https://api.hh.ru/vacancies/112054409?host=hh.ru,['DevOps-инженер'],,350000.0,RUR,False
546,112623025,DevOps-инженер,https://api.hh.ru/vacancies/112623025?host=hh.ru,['DevOps-инженер'],,,,
547,112977296,Технический архитектор 1С,https://api.hh.ru/vacancies/112977296?host=hh.ru,['Руководитель группы разработки'],,,,
548,110439293,DevOps-инженер,https://api.hh.ru/vacancies/110439293?host=hh.ru,['DevOps-инженер'],,,,
549,112621196,Доцент Кафедры информационных технологий,https://api.hh.ru/vacancies/112621196?host=hh.ru,"['Учитель, преподаватель, педагог']",98000.0,250000.0,RUR,True
550,111050714,DevOps инженер,https://api.hh.ru/vacancies/111050714?host=hh.ru,"['Программист, разработчик']",,,,
551,112745367,DevOps инженер,https://api.hh.ru/vacancies/112745367?host=hh.ru,['Руководитель группы разработки'],150000.0,,RUR,False
552,113152083,DevOps Engineer,https://api.hh.ru/vacancies/113152083?host=hh.ru,['DevOps-инженер'],,,,
553,111870371,DevOps инженер (хранилище),https://api.hh.ru/vacancies/111870371?host=hh.ru,['DevOps-инженер'],,,,
554,112342767,Бизнес аналитик (Platform V Kintsugi),https://api.hh.ru/vacancies/112342767?host=hh.ru,['Аналитик'],,,,
555,112519151,DevOps Engineer,https://api.hh.ru/vacancies/112519151?host=hh.ru,['DevOps-инженер'],260000.0,,RUR,False
556,112351478,Системный администратор,https://api.hh.ru/vacancies/112351478?host=hh.ru,['Системный администратор'],140000.0,160000.0,RUR,False
557,110051838,DevOps-инженер,https://api.hh.ru/vacancies/110051838?host=hh.ru,['Бизнес-аналитик'],,,,
558,112764586,Системный администратор Linux,https://api.hh.ru/vacancies/112764586?host=hh.ru,['Системный администратор'],,,,
559,112165533,Devops инженер,https://api.hh.ru/vacancies/112165533?host=hh.ru,['DevOps-инженер'],,,,
560,107567952,DevOps - инженер,https://api.hh.ru/vacancies/107567952?host=hh.ru,['DevOps-инженер'],,,,
561,113120546,DevOps Engineer,https://api.hh.ru/vacancies/113120546?host=hh.ru,['DevOps-инженер'],,,,
562,54961293,DevOps-инженер,https://api.hh.ru/vacancies/54961293?host=hh.ru,['Системный инженер'],,,,
563,113891583,DevOps инженер,https://api.hh.ru/vacancies/113891583?host=hh.ru,['DevOps-инженер'],,,,
564,112173356,DeVops-инженер 1С,https://api.hh.ru/vacancies/112173356?host=hh.ru,['DevOps-инженер'],,,,
565,111970629,Senior DevOps Engineer,https://api.hh.ru/vacancies/111970629?host=hh.ru,['DevOps-инженер'],,459771.0,RUR,True
566,112315330,DevOps инженер (AWS),https://api.hh.ru/vacancies/112315330?host=hh.ru,['DevOps-инженер'],,,,
567,113894775,DevOps-инженер,https://api.hh.ru/vacancies/113894775?host=hh.ru,['DevOps-инженер'],,,,
568,109874914,Solution Architect [Tabs],https://api.hh.ru/vacancies/109874914?host=hh.ru,"['Программист, разработчик']",,,,
569,112757221,DevOps-инженер,https://api.hh.ru/vacancies/112757221?host=hh.ru,['DevOps-инженер'],,,,
570,107196541,Lead/ Senior DevOps Engineer/ SRE,https://api.hh.ru/vacancies/107196541?host=hh.ru,['DevOps-инженер'],400000.0,550000.0,RUR,False
571,107865301,"DevOps engineer (GCP, YC)",https://api.hh.ru/vacancies/107865301?host=hh.ru,['DevOps-инженер'],,,,
572,112449445,Senior DevOps-инженер,https://api.hh.ru/vacancies/112449445?host=hh.ru,['Специалист технической поддержки'],,,,
573,110247273,DevOps engineer,https://api.hh.ru/vacancies/110247273?host=hh.ru,['Системный администратор'],,,,
574,104531583,DevOps инженер,https://api.hh.ru/vacancies/104531583?host=hh.ru,['Системный инженер'],,,,
575,111980538,Senior DevOps,https://api.hh.ru/vacancies/111980538?host=hh.ru,['DevOps-инженер'],350000.0,,RUR,False
576,103349855,DevOps-инженер / Системный инженер Linux,https://api.hh.ru/vacancies/103349855?host=hh.ru,['DevOps-инженер'],,,,
577,113323748,DevOps инженер (middle),https://api.hh.ru/vacancies/113323748?host=hh.ru,['DevOps-инженер'],,,,
578,113124439,DevOps-инженер,https://api.hh.ru/vacancies/113124439?host=hh.ru,['DevOps-инженер'],,,,
579,112793720,Middle Full Stack Developer,https://api.hh.ru/vacancies/112793720?host=hh.ru,"['Программист, разработчик']",200000.0,,RUR,False
580,111874245,DevOps-инженер (виртуализация),https://api.hh.ru/vacancies/111874245?host=hh.ru,['Системный инженер'],,,,
581,112051227,DevOps engineer,https://api.hh.ru/vacancies/112051227?host=hh.ru,['DevOps-инженер'],,,,
582,113017112,DevOps engineer / DevOps инженер (TATLIN.UNIFIED),https://api.hh.ru/vacancies/113017112?host=hh.ru,['DevOps-инженер'],,,,
583,111347413,DevOps-инженер,https://api.hh.ru/vacancies/111347413?host=hh.ru,['DevOps-инженер'],,,,
584,112357785,DevOps Engineer,https://api.hh.ru/vacancies/112357785?host=hh.ru,['DevOps-инженер'],,,,
585,109069787,DevOps инженер,https://api.hh.ru/vacancies/109069787?host=hh.ru,['DevOps-инженер'],,,,
586,107880492,Senior DevOps engineer (Infrastructure),https://api.hh.ru/vacancies/107880492?host=hh.ru,['DevOps-инженер'],,,,
587,112370742,DevOps-инженер,https://api.hh.ru/vacancies/112370742?host=hh.ru,['DevOps-инженер'],,,,
588,114048952,DevOps-инженер,https://api.hh.ru/vacancies/114048952?host=hh.ru,['DevOps-инженер'],,,,
589,112312556,Senior SRE-инженер (ПУЛЬС),https://api.hh.ru/vacancies/112312556?host=hh.ru,['DevOps-инженер'],,,,
590,114014491,DevOps-инженер,https://api.hh.ru/vacancies/114014491?host=hh.ru,['DevOps-инженер'],,,,
591,113020623,DevOps-инженер,https://api.hh.ru/vacancies/113020623?host=hh.ru,['DevOps-инженер'],,,,
592,112498547,Java Developer (Экспертизы и этапы КП),https://api.hh.ru/vacancies/112498547?host=hh.ru,"['Программист, разработчик']",,,,
593,109068995,DevOps-инженер,https://api.hh.ru/vacancies/109068995?host=hh.ru,['DevOps-инженер'],,,,
594,112441738,DevOps-инженер (middle),https://api.hh.ru/vacancies/112441738?host=hh.ru,['DevOps-инженер'],,,,
595,111766960,Devops инженер middle (Портал Клиента),https://api.hh.ru/vacancies/111766960?host=hh.ru,['DevOps-инженер'],240000.0,300000.0,RUR,True
596,113152333,DevOps Engineer,https://api.hh.ru/vacancies/113152333?host=hh.ru,['DevOps-инженер'],,,,
597,109071713,DevOps инженер,https://api.hh.ru/vacancies/109071713?host=hh.ru,['DevOps-инженер'],,400000.0,RUR,False
598,113020326,DevOps инженер,https://api.hh.ru/vacancies/113020326?host=hh.ru,['DevOps-инженер'],,,,
599,113710246,DevOps-инженер (X5) уровень Expert,https://api.hh.ru/vacancies/113710246?host=hh.ru,['DevOps-инженер'],,,,
600,111052541,DevOps-инженер,https://api.hh.ru/vacancies/111052541?host=hh.ru,['Системный инженер'],150000.0,,RUR,False
601,112987854,Архитектор 1С,https://api.hh.ru/vacancies/112987854?host=hh.ru,['Руководитель группы разработки'],,,,
602,109000641,DevOps инженер,https://api.hh.ru/vacancies/109000641?host=hh.ru,['Системный инженер'],,,,
603,112596792,Технический архитектор 1С,https://api.hh.ru/vacancies/112596792?host=hh.ru,['Аналитик'],,,,
604,108279607,DevOps инженер,https://api.hh.ru/vacancies/108279607?host=hh.ru,['Системный инженер'],,,,
605,111438280,Senior DevOps инженер,https://api.hh.ru/vacancies/111438280?host=hh.ru,['DevOps-инженер'],,4000.0,USD,False
606,111956105,DevOps инженер (middle),https://api.hh.ru/vacancies/111956105?host=hh.ru,['DevOps-инженер'],,,,
607,109221482,DevOps-инженер 1С,https://api.hh.ru/vacancies/109221482?host=hh.ru,['DevOps-инженер'],,,,
608,104990567,Devops engineer,https://api.hh.ru/vacancies/104990567?host=hh.ru,['DevOps-инженер'],,,,
609,113015807,Разработчик Java/Kotlin (Управление доступов и ролевых моделей),https://api.hh.ru/vacancies/113015807?host=hh.ru,"['Программист, разработчик']",,,,
610,104088485,Руководитель управления разработки и интеграции,https://api.hh.ru/vacancies/104088485?host=hh.ru,['Руководитель группы разработки'],,,,
611,111777762,DevOps инженер,https://api.hh.ru/vacancies/111777762?host=hh.ru,['DevOps-инженер'],,,,
612,107689370,DevOps-инженер (Hadoop),https://api.hh.ru/vacancies/107689370?host=hh.ru,['DevOps-инженер'],,,,
613,109220167,DevOps engineer,https://api.hh.ru/vacancies/109220167?host=hh.ru,['DevOps-инженер'],,,,
614,94810958,DevOps-инженер,https://api.hh.ru/vacancies/94810958?host=hh.ru,['Системный инженер'],,,,
615,112076753,DevOps-инженер,https://api.hh.ru/vacancies/112076753?host=hh.ru,['DevOps-инженер'],,,,
616,112392987,Инженер (ведущий системный администратор/руководитель группы разработки),https://api.hh.ru/vacancies/112392987?host=hh.ru,['Системный администратор'],,,,
617,113023749,DevOps-инженер,https://api.hh.ru/vacancies/113023749?host=hh.ru,['DevOps-инженер'],,,,
618,112514784,DevOps инженер,https://api.hh.ru/vacancies/112514784?host=hh.ru,['DevOps-инженер'],,,,
619,110423207,DevOps-инженер (Middle),https://api.hh.ru/vacancies/110423207?host=hh.ru,['DevOps-инженер'],,,,
620,112852113,Middle DevOps инженер,https://api.hh.ru/vacancies/112852113?host=hh.ru,['DevOps-инженер'],,,,
621,105543579,DevOps-инженер (Middle/Middle+),https://api.hh.ru/vacancies/105543579?host=hh.ru,['DevOps-инженер'],,,,
622,92064855,DevOps-инженер (ДЖЭТ ЛАБ),https://api.hh.ru/vacancies/92064855?host=hh.ru,['DevOps-инженер'],,,,
623,109039379,DevOps-инженер,https://api.hh.ru/vacancies/109039379?host=hh.ru,['DevOps-инженер'],,,,
624,108092553,Frontend-разработчик (Vue),https://api.hh.ru/vacancies/108092553?host=hh.ru,"['Программист, разработчик']",,252874.0,RUR,True
625,112624669,DevOps - инженер,https://api.hh.ru/vacancies/112624669?host=hh.ru,['DevOps-инженер'],,,,
626,112305475,Senior Devops-инженер,https://api.hh.ru/vacancies/112305475?host=hh.ru,['DevOps-инженер'],,,,
627,108630041,Lead/Team Lead DevOps Engineer,https://api.hh.ru/vacancies/108630041?host=hh.ru,['DevOps-инженер'],,,,
628,111740850,Middle DevOps Engineer,https://api.hh.ru/vacancies/111740850?host=hh.ru,['DevOps-инженер'],,,,
629,112540498,SRE,https://api.hh.ru/vacancies/112540498?host=hh.ru,['DevOps-инженер'],350000.0,450000.0,RUR,True
630,106465372,DevOps (Trust&Safety),https://api.hh.ru/vacancies/106465372?host=hh.ru,['DevOps-инженер'],,,,
631,108177664,Инженер эксплуатации прикладного ПО,https://api.hh.ru/vacancies/108177664?host=hh.ru,['Системный инженер'],,,,
632,112844414,DevOps-инженер,https://api.hh.ru/vacancies/112844414?host=hh.ru,['DevOps-инженер'],,,,
633,111516803,Senior DevOps engineer / Старший DevOps инженер (TATLIN.UNIFIED),https://api.hh.ru/vacancies/111516803?host=hh.ru,['DevOps-инженер'],,,,
634,112845751,Linux администратор/DevOps engineer,https://api.hh.ru/vacancies/112845751?host=hh.ru,['Системный администратор'],,,,
635,112972334,DevOps инженер (Senior),https://api.hh.ru/vacancies/112972334?host=hh.ru,['DevOps-инженер'],,350000.0,RUR,False
636,112771026,DevOps-инженер,https://api.hh.ru/vacancies/112771026?host=hh.ru,['DevOps-инженер'],300000.0,350000.0,RUR,False
637,108336806,Devops инженер Middle+/Senior (удаленно),https://api.hh.ru/vacancies/108336806?host=hh.ru,['DevOps-инженер'],,,,
638,109065085,Senior DevOps Engineer,https://api.hh.ru/vacancies/109065085?host=hh.ru,['DevOps-инженер'],,,,
639,112514325,"Senior DevOps-Инженер (команда ""Технологические сервисы"")",https://api.hh.ru/vacancies/112514325?host=hh.ru,['DevOps-инженер'],,,,
640,112408047,DevOps инженер,https://api.hh.ru/vacancies/112408047?host=hh.ru,['DevOps-инженер'],,,,
641,102363578,Senior DevOps engineer / Site Reliability Engineer (to Lisbon),https://api.hh.ru/vacancies/102363578?host=hh.ru,"['Программист, разработчик']",,,,
642,112196700,DevOps-инженер,https://api.hh.ru/vacancies/112196700?host=hh.ru,['DevOps-инженер'],,,,
643,109141015,DevOps Engineer,https://api.hh.ru/vacancies/109141015?host=hh.ru,['DevOps-инженер'],,,,
644,112404963,Senior DevOps Engineer,https://api.hh.ru/vacancies/112404963?host=hh.ru,['DevOps-инженер'],,,,
645,108964482,Senior DevOps,https://api.hh.ru/vacancies/108964482?host=hh.ru,['DevOps-инженер'],,,,
646,111887533,"DevOps-инженер (Linux, Salt-Stack)",https://api.hh.ru/vacancies/111887533?host=hh.ru,['DevOps-инженер'],,,,
647,112289083,Devops Engineer (On-call дежурства),https://api.hh.ru/vacancies/112289083?host=hh.ru,['DevOps-инженер'],,,,
648,112318341,DevOps инженер,https://api.hh.ru/vacancies/112318341?host=hh.ru,['DevOps-инженер'],,280000.0,RUR,False
649,113625884,DevOps-инженер,https://api.hh.ru/vacancies/113625884?host=hh.ru,['DevOps-инженер'],,,,
650,110794818,Системный аналитик,https://api.hh.ru/vacancies/110794818?host=hh.ru,['Системный аналитик'],,,,
651,113681758,DevOps-инженер Middl+/Senior,https://api.hh.ru/vacancies/113681758?host=hh.ru,['DevOps-инженер'],,,,
652,114300514,Администратор АС (Финансы),https://api.hh.ru/vacancies/114300514?host=hh.ru,['Специалист технической поддержки'],,,,
653,106658444,Devops Инженер,https://api.hh.ru/vacancies/106658444?host=hh.ru,['DevOps-инженер'],,,,
654,109451868,DevOps Engineer/Старший DevOps инженер (TATLIN.FLEX),https://api.hh.ru/vacancies/109451868?host=hh.ru,['DevOps-инженер'],,,,
655,110965476,DevOps-инженер (PaaS),https://api.hh.ru/vacancies/110965476?host=hh.ru,['DevOps-инженер'],,,,
656,111533161,DevOps инженер,https://api.hh.ru/vacancies/111533161?host=hh.ru,['DevOps-инженер'],,300000.0,RUR,True
657,111991121,Linux DevOps/Системный администратор Linux,https://api.hh.ru/vacancies/111991121?host=hh.ru,['Системный администратор'],,,,
658,113275565,DevOps инженер Middle+/Senior,https://api.hh.ru/vacancies/113275565?host=hh.ru,['DevOps-инженер'],,,,
659,109238444,DevOps Engineer (MDR),https://api.hh.ru/vacancies/109238444?host=hh.ru,['DevOps-инженер'],,,,
660,112144884,DevOps-инженер,https://api.hh.ru/vacancies/112144884?host=hh.ru,['DevOps-инженер'],,,,
661,113762089,DevOps инженер (продукт Data Platform),https://api.hh.ru/vacancies/113762089?host=hh.ru,['DevOps-инженер'],,,,
662,112643606,DevOps инженер,https://api.hh.ru/vacancies/112643606?host=hh.ru,['Системный инженер'],,,,
663,110138175,DevOps-инженер,https://api.hh.ru/vacancies/110138175?host=hh.ru,['DevOps-инженер'],,,,
664,103700550,Middle+ DevOps Engineer (DLP),https://api.hh.ru/vacancies/103700550?host=hh.ru,['Специалист технической поддержки'],,,,
665,113697647,DevOps-инженер (Hadoop),https://api.hh.ru/vacancies/113697647?host=hh.ru,['DevOps-инженер'],,,,
666,109234139,DevOps инженер (middle+),https://api.hh.ru/vacancies/109234139?host=hh.ru,['DevOps-инженер'],,,,
667,112866330,DevOps-инженер внедрения технологий защиты инфраструктуры,https://api.hh.ru/vacancies/112866330?host=hh.ru,['DevOps-инженер'],,,,
668,107943102,DevOps Engineer,https://api.hh.ru/vacancies/107943102?host=hh.ru,['DevOps-инженер'],,,,
669,112068690,DevOps-инженер,https://api.hh.ru/vacancies/112068690?host=hh.ru,['DevOps-инженер'],,300000.0,RUR,False
670,112777481,Middle DevOps Инженер (трайб Corporate),https://api.hh.ru/vacancies/112777481?host=hh.ru,['DevOps-инженер'],,,,
671,104384677,DevOPS инженер,https://api.hh.ru/vacancies/104384677?host=hh.ru,['DevOps-инженер'],200000.0,,RUR,False
672,110982967,DevOps в Единое хранилище данных,https://api.hh.ru/vacancies/110982967?host=hh.ru,['DevOps-инженер'],,,,
673,112344551,QA Automation engineer (Middle/Senior),https://api.hh.ru/vacancies/112344551?host=hh.ru,['Тестировщик'],200000.0,250000.0,RUR,False
674,110259231,DevOps-инженер,https://api.hh.ru/vacancies/110259231?host=hh.ru,['DevOps-инженер'],,,,
675,111643779,SRE-инженер\DevOps инженер,https://api.hh.ru/vacancies/111643779?host=hh.ru,['DevOps-инженер'],,,,
676,107953370,DevOps инженер,https://api.hh.ru/vacancies/107953370?host=hh.ru,['DevOps-инженер'],,,,
677,110979297,DevOps Engineer,https://api.hh.ru/vacancies/110979297?host=hh.ru,['DevOps-инженер'],250000.0,,RUR,False
678,111966388,DevOps-инженер,https://api.hh.ru/vacancies/111966388?host=hh.ru,['DevOps-инженер'],,,,
679,84268184,DevOps - инженер по внедрению,https://api.hh.ru/vacancies/84268184?host=hh.ru,['Системный инженер'],,,,
680,112531856,DevOps engineer / DevOps инженер (Release engineering),https://api.hh.ru/vacancies/112531856?host=hh.ru,['DevOps-инженер'],,,,
681,113157775,DevOps Engineer,https://api.hh.ru/vacancies/113157775?host=hh.ru,['DevOps-инженер'],,,,
682,109062689,Помощник руководителя проектов разработки программного обеспечения,https://api.hh.ru/vacancies/109062689?host=hh.ru,['Руководитель проектов'],,,,
683,110800068,DevOps-инженер,https://api.hh.ru/vacancies/110800068?host=hh.ru,['DevOps-инженер'],,,,
684,111962981,DevOps-инженер,https://api.hh.ru/vacancies/111962981?host=hh.ru,['DevOps-инженер'],,,,
685,110805774,DevOps - инженер,https://api.hh.ru/vacancies/110805774?host=hh.ru,['DevOps-инженер'],,,,
686,90348894,DevOps инженер (middle+),https://api.hh.ru/vacancies/90348894?host=hh.ru,"['Программист, разработчик']",,,,
687,108989667,Ведущий DevOps-инженер,https://api.hh.ru/vacancies/108989667?host=hh.ru,['DevOps-инженер'],,,,
688,112879374,Devops-инженер (СберТранспорт),https://api.hh.ru/vacancies/112879374?host=hh.ru,['DevOps-инженер'],,,,
689,113876865,DevOps engineer / DevOps инженер,https://api.hh.ru/vacancies/113876865?host=hh.ru,['DevOps-инженер'],,,,
690,106495874,DevOps инженер (remote),https://api.hh.ru/vacancies/106495874?host=hh.ru,['DevOps-инженер'],,,,
691,112439363,Devops инженер (Развитие аналитических платформ и инструментов),https://api.hh.ru/vacancies/112439363?host=hh.ru,['DevOps-инженер'],,,,
692,112053677,DevOps-инженер,https://api.hh.ru/vacancies/112053677?host=hh.ru,['DevOps-инженер'],,,,
693,112745822,DevOps инженер Data Platform в Банк,https://api.hh.ru/vacancies/112745822?host=hh.ru,['DevOps-инженер'],,,,
694,112749553,Senior Angular разработчик (AppSec.Hub),https://api.hh.ru/vacancies/112749553?host=hh.ru,"['Программист, разработчик']",,,,
695,112981917,DevOps инженер,https://api.hh.ru/vacancies/112981917?host=hh.ru,['Другое'],,,,
696,113123895,Embedded-DevOps engineer,https://api.hh.ru/vacancies/113123895?host=hh.ru,"['Программист, разработчик']",,,,
697,109472914,Технический архитектор 1C,https://api.hh.ru/vacancies/109472914?host=hh.ru,"['Программист, разработчик']",,,,
698,114274782,"Преподаватель IT дисциплин, тренер, эксперт",https://api.hh.ru/vacancies/114274782?host=hh.ru,"['Учитель, преподаватель, педагог']",,,,
699,112063612,DevOps-инженер,https://api.hh.ru/vacancies/112063612?host=hh.ru,['DevOps-инженер'],,,,
700,113320340,DevOps-инженер,https://api.hh.ru/vacancies/113320340?host=hh.ru,['DevOps-инженер'],,,,
701,112874280,DevOps-инженер,https://api.hh.ru/vacancies/112874280?host=hh.ru,['DevOps-инженер'],200000.0,350000.0,RUR,False
702,111386849,Senior DevOps Engineer,https://api.hh.ru/vacancies/111386849?host=hh.ru,['DevOps-инженер'],,,,
703,108295571,DevOps-инженер,https://api.hh.ru/vacancies/108295571?host=hh.ru,"['Программист, разработчик']",,,,
704,107703073,Инженер по обеспечению доступности систем (SRE) в Cloud.ru ML Space,https://api.hh.ru/vacancies/107703073?host=hh.ru,['Системный инженер'],,,,
705,93688087,DevOps инженер,https://api.hh.ru/vacancies/93688087?host=hh.ru,"['Программист, разработчик']",,,,
706,112641995,DevOps-инженер в проектный офис,https://api.hh.ru/vacancies/112641995?host=hh.ru,['DevOps-инженер'],,,,
707,111771373,Senior DevOps инженер,https://api.hh.ru/vacancies/111771373?host=hh.ru,['DevOps-инженер'],300000.0,,RUR,True
708,111507408,DevOps инженер (Kafka),https://api.hh.ru/vacancies/111507408?host=hh.ru,['DevOps-инженер'],,,,
709,112529995,DevOps-инженер (Junior+/Middle),https://api.hh.ru/vacancies/112529995?host=hh.ru,['DevOps-инженер'],,,,
710,110606113,Senior DevOps Engineer,https://api.hh.ru/vacancies/110606113?host=hh.ru,['DevOps-инженер'],,,,
711,112165179,DevOps-инженер (IaaS),https://api.hh.ru/vacancies/112165179?host=hh.ru,['DevOps-инженер'],,,,
712,108676090,"Team Lead разработки (стек C#, .NET, Angular)",https://api.hh.ru/vacancies/108676090?host=hh.ru,"['Программист, разработчик']",,,,
713,105451567,DevOps инженер,https://api.hh.ru/vacancies/105451567?host=hh.ru,['DevOps-инженер'],300000.0,,RUR,False
714,104058030,"DevOps engineer (Senior, Lead)",https://api.hh.ru/vacancies/104058030?host=hh.ru,['DevOps-инженер'],,,,
715,109933504,DevOps-инженер (Middle+/Senior),https://api.hh.ru/vacancies/109933504?host=hh.ru,['DevOps-инженер'],,,,
716,111863411,DevOps-инженер (MIDDLE+),https://api.hh.ru/vacancies/111863411?host=hh.ru,['DevOps-инженер'],,,,
717,112152623,DevOps-инженер,https://api.hh.ru/vacancies/112152623?host=hh.ru,['Системный инженер'],,,,
718,107765260,Ведущий Java-разработчик (Spark developer),https://api.hh.ru/vacancies/107765260?host=hh.ru,"['Программист, разработчик']",,,,
719,111224206,Старший администратор инфраструктуры 1С (Devops),https://api.hh.ru/vacancies/111224206?host=hh.ru,['Системный администратор'],,300000.0,RUR,False
720,113317896,Senior Java Developer,https://api.hh.ru/vacancies/113317896?host=hh.ru,"['Программист, разработчик']",,,,
721,112056647,Senior DevOps Engineer,https://api.hh.ru/vacancies/112056647?host=hh.ru,['DevOps-инженер'],,,,
722,111883849,DevOps Engineer.,https://api.hh.ru/vacancies/111883849?host=hh.ru,['DevOps-инженер'],,,,
723,112167727,Инженер DevOps,https://api.hh.ru/vacancies/112167727?host=hh.ru,['DevOps-инженер'],,,,
724,113010398,DevOps-инженер,https://api.hh.ru/vacancies/113010398?host=hh.ru,['DevOps-инженер'],,,,
725,112692646,Ведущий специалист по инфраструктуре и связи,https://api.hh.ru/vacancies/112692646?host=hh.ru,['Инженер по эксплуатации'],,,,
726,111749030,DevOps Engineer в команду QA Core,https://api.hh.ru/vacancies/111749030?host=hh.ru,['DevOps-инженер'],,,,
727,112493894,DevOps-инженер,https://api.hh.ru/vacancies/112493894?host=hh.ru,['DevOps-инженер'],,,,
728,109157615,DevOps-инженер,https://api.hh.ru/vacancies/109157615?host=hh.ru,['DevOps-инженер'],300000.0,,RUR,False
729,104359939,DevOps-инженер,https://api.hh.ru/vacancies/104359939?host=hh.ru,['DevOps-инженер'],,,,
730,107866499,DevOps-инженер (Middle+\Senior),https://api.hh.ru/vacancies/107866499?host=hh.ru,['DevOps-инженер'],,,,
731,113740089,Senior Devops Engineer,https://api.hh.ru/vacancies/113740089?host=hh.ru,['DevOps-инженер'],,,,
732,112305580,DevOps инженер/Middle,https://api.hh.ru/vacancies/112305580?host=hh.ru,['DevOps-инженер'],,,,
733,112525718,DevOps Engineer,https://api.hh.ru/vacancies/112525718?host=hh.ru,['DevOps-инженер'],,,,
734,112545302,DevOps Engineer,https://api.hh.ru/vacancies/112545302?host=hh.ru,['DevOps-инженер'],,,,
735,112769665,Middle DevOps engineer [ИРТЕЯ],https://api.hh.ru/vacancies/112769665?host=hh.ru,['DevOps-инженер'],,,,
736,114041992,Senior DevOps Engineer (PaaS),https://api.hh.ru/vacancies/114041992?host=hh.ru,['DevOps-инженер'],,,,
737,110645070,Middle/Senior DevOps engineer,https://api.hh.ru/vacancies/110645070?host=hh.ru,['DevOps-инженер'],,,,
738,113158701,DevOps engineer,https://api.hh.ru/vacancies/113158701?host=hh.ru,['DevOps-инженер'],,,,
739,110758521,DevOps-инженер,https://api.hh.ru/vacancies/110758521?host=hh.ru,['DevOps-инженер'],,,,
740,112350048,Senior DevOps Engineer,https://api.hh.ru/vacancies/112350048?host=hh.ru,['DevOps-инженер'],,,,
741,112747082,DevOps инженер AMQ в Банк,https://api.hh.ru/vacancies/112747082?host=hh.ru,['DevOps-инженер'],,,,
742,108798847,DevOps-инженер,https://api.hh.ru/vacancies/108798847?host=hh.ru,['DevOps-инженер'],,,,
743,110902901,DevOps-инженер (senior),https://api.hh.ru/vacancies/110902901?host=hh.ru,['DevOps-инженер'],,,,
744,112850110,DevOps Engineer,https://api.hh.ru/vacancies/112850110?host=hh.ru,['DevOps-инженер'],,,,
745,112172640,DevOps Engineer,https://api.hh.ru/vacancies/112172640?host=hh.ru,['DevOps-инженер'],,,,
746,103532534,Team Lead Java [Платформа ЦФА],https://api.hh.ru/vacancies/103532534?host=hh.ru,['Руководитель группы разработки'],,,,
747,112704590,DevOps-инженер,https://api.hh.ru/vacancies/112704590?host=hh.ru,['DevOps-инженер'],,,,
748,112874505,Руководитель отдела Devops,https://api.hh.ru/vacancies/112874505?host=hh.ru,['DevOps-инженер'],,,,
749,110746384,"DevOps-инженер в ""СЭД""",https://api.hh.ru/vacancies/110746384?host=hh.ru,['DevOps-инженер'],,,,
750,111044777,DevOps-инженер,https://api.hh.ru/vacancies/111044777?host=hh.ru,['DevOps-инженер'],,,,
751,112633235,Tech Lead DevOps,https://api.hh.ru/vacancies/112633235?host=hh.ru,['DevOps-инженер'],,,,
752,102276791,DevOps инженер,https://api.hh.ru/vacancies/102276791?host=hh.ru,['Системный инженер'],,,,
753,111735622,DevOps инженер (витрины данных),https://api.hh.ru/vacancies/111735622?host=hh.ru,['DevOps-инженер'],,,,
754,112826248,Риск-методолог/Аналитик Данных,https://api.hh.ru/vacancies/112826248?host=hh.ru,['Аналитик'],,,,
755,112755744,Devops Engineer,https://api.hh.ru/vacancies/112755744?host=hh.ru,['DevOps-инженер'],,,,
756,108351039,DevOps engineer (SIEM),https://api.hh.ru/vacancies/108351039?host=hh.ru,['DevOps-инженер'],,,,
757,112618469,DevOps Engineer (Kubernetes),https://api.hh.ru/vacancies/112618469?host=hh.ru,['DevOps-инженер'],,350000.0,RUR,False
758,109656078,DevOps инженер,https://api.hh.ru/vacancies/109656078?host=hh.ru,['DevOps-инженер'],,,,
759,112036790,Middle DevOps Engineer,https://api.hh.ru/vacancies/112036790?host=hh.ru,['DevOps-инженер'],,,,
760,103775114,DevOps - инженер в команду разработки,https://api.hh.ru/vacancies/103775114?host=hh.ru,['DevOps-инженер'],,,,
761,107794568,DevOps инженер / DataOps,https://api.hh.ru/vacancies/107794568?host=hh.ru,['DevOps-инженер'],,,,
762,112132740,Senior DevOps Engineer,https://api.hh.ru/vacancies/112132740?host=hh.ru,['DevOps-инженер'],,,,
763,112874195,Lead_DevOps инженер,https://api.hh.ru/vacancies/112874195?host=hh.ru,['DevOps-инженер'],,,,
764,111982252,Java Developer,https://api.hh.ru/vacancies/111982252?host=hh.ru,"['Программист, разработчик']",,,,
765,112705887,DevOps-инженер Middle+ / Senior,https://api.hh.ru/vacancies/112705887?host=hh.ru,['DevOps-инженер'],,450000.0,RUR,True
766,112001744,DevOps-инженер,https://api.hh.ru/vacancies/112001744?host=hh.ru,['DevOps-инженер'],,,,
767,112496749,DevOps-инженер,https://api.hh.ru/vacancies/112496749?host=hh.ru,['DevOps-инженер'],150000.0,,RUR,False
768,104153538,DevOps инженер,https://api.hh.ru/vacancies/104153538?host=hh.ru,"['Программист, разработчик']",,,,
769,109840702,Site Reliability Engineer,https://api.hh.ru/vacancies/109840702?host=hh.ru,['DevOps-инженер'],,,,
770,107989435,DevOps engineer,https://api.hh.ru/vacancies/107989435?host=hh.ru,['DevOps-инженер'],,,,
771,111754313,DevOps-инженер,https://api.hh.ru/vacancies/111754313?host=hh.ru,['DevOps-инженер'],250000.0,300000.0,RUR,False
772,111604857,Senior DevOps Engineer,https://api.hh.ru/vacancies/111604857?host=hh.ru,['DevOps-инженер'],,,,
773,112342672,Devops инженер (портал gosuslugi.ru),https://api.hh.ru/vacancies/112342672?host=hh.ru,['Дата-сайентист'],,,,
774,112132696,DevOps (SberSpace),https://api.hh.ru/vacancies/112132696?host=hh.ru,['DevOps-инженер'],,,,
775,111050282,DevOps-инженер,https://api.hh.ru/vacancies/111050282?host=hh.ru,['DevOps-инженер'],,,,
776,112147411,Devops инженер,https://api.hh.ru/vacancies/112147411?host=hh.ru,['Системный инженер'],200000.0,,RUR,False
777,87724053,Системный администратор Linux / DevOps инженер,https://api.hh.ru/vacancies/87724053?host=hh.ru,['DevOps-инженер'],140000.0,230000.0,RUR,True
778,112618021,DevOps инженер BPM,https://api.hh.ru/vacancies/112618021?host=hh.ru,['DevOps-инженер'],,,,
779,112749164,DevOps-инженер,https://api.hh.ru/vacancies/112749164?host=hh.ru,['DevOps-инженер'],,,,
780,108178264,Технический архитектор 1С корпоративных внедрений,https://api.hh.ru/vacancies/108178264?host=hh.ru,['DevOps-инженер'],,,,
781,110311917,Middle Devops Engineer,https://api.hh.ru/vacancies/110311917?host=hh.ru,['DevOps-инженер'],,,,
782,110290841,Middle DevOps Engineer,https://api.hh.ru/vacancies/110290841?host=hh.ru,['DevOps-инженер'],,,,
783,111963026,DevOps engineer (Observability),https://api.hh.ru/vacancies/111963026?host=hh.ru,['DevOps-инженер'],,,,
784,112587763,DevOps-инженер,https://api.hh.ru/vacancies/112587763?host=hh.ru,['DevOps-инженер'],,,,
785,112989042,DevOps-инженер (1C),https://api.hh.ru/vacancies/112989042?host=hh.ru,['DevOps-инженер'],,,,
786,110640898,Senior DevOps инженер,https://api.hh.ru/vacancies/110640898?host=hh.ru,['DevOps-инженер'],,,,
787,112352553,Руководитель отдела DevOps,https://api.hh.ru/vacancies/112352553?host=hh.ru,['DevOps-инженер'],,,,
788,97644096,Devops Engineer,https://api.hh.ru/vacancies/97644096?host=hh.ru,['Специалист технической поддержки'],,,,
789,112350783,DevOps-инженер,https://api.hh.ru/vacancies/112350783?host=hh.ru,['DevOps-инженер'],,,,
790,92185536,Devops-инженер (Middle/Senior),https://api.hh.ru/vacancies/92185536?host=hh.ru,['DevOps-инженер'],,,,
791,109286781,DevOps-инженер,https://api.hh.ru/vacancies/109286781?host=hh.ru,['DevOps-инженер'],,,,
792,110887433,DevOps инженер (DSAP) Middle/Senior,https://api.hh.ru/vacancies/110887433?host=hh.ru,['DevOps-инженер'],,,,
793,112340735,Руководитель проекта,https://api.hh.ru/vacancies/112340735?host=hh.ru,['Руководитель проектов'],,,,
794,112688005,DevOps-инженер,https://api.hh.ru/vacancies/112688005?host=hh.ru,['DevOps-инженер'],250000.0,300000.0,RUR,False
795,112624017,Главный инженер по автоматизации/DevOps engineer,https://api.hh.ru/vacancies/112624017?host=hh.ru,['DevOps-инженер'],,,,
796,101356755,Devops-инженер,https://api.hh.ru/vacancies/101356755?host=hh.ru,['Тестировщик'],,,,
797,113159968,Senior Kubernetes администратор,https://api.hh.ru/vacancies/113159968?host=hh.ru,['Системный администратор'],,,,
798,106715745,Ведущий Devops - инженер,https://api.hh.ru/vacancies/106715745?host=hh.ru,['DevOps-инженер'],,,,
799,111590290,Senior Devops Engineer (финтех),https://api.hh.ru/vacancies/111590290?host=hh.ru,['DevOps-инженер'],,,,
800,108330107,DevOps engineer,https://api.hh.ru/vacancies/108330107?host=hh.ru,['Специалист технической поддержки'],,,,
801,107611351,DevOps Engineer Mid/Mid+,https://api.hh.ru/vacancies/107611351?host=hh.ru,['DevOps-инженер'],,,,
802,113158988,Senior DevOps-инженер (Cloud Platform),https://api.hh.ru/vacancies/113158988?host=hh.ru,['DevOps-инженер'],,,,
803,112687469,DevOps engineer (Generators),https://api.hh.ru/vacancies/112687469?host=hh.ru,['Специалист технической поддержки'],,,,
804,111746936,DevOps Engineer,https://api.hh.ru/vacancies/111746936?host=hh.ru,['DevOps-инженер'],,,,
805,112069954,DevOps Engineer,https://api.hh.ru/vacancies/112069954?host=hh.ru,['DevOps-инженер'],,,,
806,111580799,DevOps инженер (внедрение 1С),https://api.hh.ru/vacancies/111580799?host=hh.ru,['DevOps-инженер'],,,,
807,112337763,Devops-инженер (Ведущий интеграционный инженер),https://api.hh.ru/vacancies/112337763?host=hh.ru,['DevOps-инженер'],,,,
808,112795088,DevOps инженер (сопровождение АС МЕТА),https://api.hh.ru/vacancies/112795088?host=hh.ru,['Специалист технической поддержки'],,,,
809,110970636,DevOps инженер,https://api.hh.ru/vacancies/110970636?host=hh.ru,['DevOps-инженер'],,,,
810,111438467,MLops/Devops инженер,https://api.hh.ru/vacancies/111438467?host=hh.ru,['DevOps-инженер'],,,,
811,111800207,DevOps (Openstack),https://api.hh.ru/vacancies/111800207?host=hh.ru,['DevOps-инженер'],,,,
812,104166999,DevOps-инженер,https://api.hh.ru/vacancies/104166999?host=hh.ru,['DevOps-инженер'],,,,
813,113159565,DevOps инженер,https://api.hh.ru/vacancies/113159565?host=hh.ru,['DevOps-инженер'],,,,
814,113050334,DevOps инженер в команду Баланса продавца,https://api.hh.ru/vacancies/113050334?host=hh.ru,['DevOps-инженер'],,,,
815,113309136,DevOps-инженер (Clickhouse),https://api.hh.ru/vacancies/113309136?host=hh.ru,['DevOps-инженер'],,,,
816,112793880,DevOps-инженер,https://api.hh.ru/vacancies/112793880?host=hh.ru,['DevOps-инженер'],230000.0,250000.0,RUR,False
817,108416902,DevOps-инженер,https://api.hh.ru/vacancies/108416902?host=hh.ru,['DevOps-инженер'],,,,
818,112346153,Middle/Senior DevOps Engineer,https://api.hh.ru/vacancies/112346153?host=hh.ru,['DevOps-инженер'],,,,
819,113115798,Инженер по тестированию системного ПО (SW),https://api.hh.ru/vacancies/113115798?host=hh.ru,['Тестировщик'],,,,
820,113878594,Senior DevOps-инженер (Фонд),https://api.hh.ru/vacancies/113878594?host=hh.ru,['Руководитель проектов'],,,,
821,112853057,DevOps-инженер в Data Platfrom,https://api.hh.ru/vacancies/112853057?host=hh.ru,['DevOps-инженер'],,,,
822,108376376,"DevOps-инженер, middle/middle+",https://api.hh.ru/vacancies/108376376?host=hh.ru,['DevOps-инженер'],,,,
823,112324968,Middle DevOps Engineer,https://api.hh.ru/vacancies/112324968?host=hh.ru,['DevOps-инженер'],,,,
824,113147052,DevOps-инженер (Управление талантами и База знаний),https://api.hh.ru/vacancies/113147052?host=hh.ru,['DevOps-инженер'],,,,
825,104172990,DevOps Инженер,https://api.hh.ru/vacancies/104172990?host=hh.ru,['DevOps-инженер'],,,,
826,112489002,DevOps Engineer (senior),https://api.hh.ru/vacancies/112489002?host=hh.ru,['DevOps-инженер'],200000.0,,RUR,False
827,107830591,Ведущий SRE Devops инженер,https://api.hh.ru/vacancies/107830591?host=hh.ru,['DevOps-инженер'],,,,
828,110936459,Devops/Системный инженер,https://api.hh.ru/vacancies/110936459?host=hh.ru,['DevOps-инженер'],,,,
829,106969089,DevOps-инженер,https://api.hh.ru/vacancies/106969089?host=hh.ru,['DevOps-инженер'],,,,
830,112876291,DevOps Engineer (Senior),https://api.hh.ru/vacancies/112876291?host=hh.ru,['DevOps-инженер'],,,,
831,112699279,DevOps-инженер Senior/Lead DevOps,https://api.hh.ru/vacancies/112699279?host=hh.ru,['DevOps-инженер'],,,,
832,111975099,Ведущий DevOps-инженер,https://api.hh.ru/vacancies/111975099?host=hh.ru,['DevOps-инженер'],,,,
833,111794394,Devops engineer,https://api.hh.ru/vacancies/111794394?host=hh.ru,['Системный администратор'],,,,
834,113317898,Java Senior (Фиджитал КМ),https://api.hh.ru/vacancies/113317898?host=hh.ru,"['Программист, разработчик']",,,,
835,110808362,Старший инженер,https://api.hh.ru/vacancies/110808362?host=hh.ru,['Системный инженер'],,,,
836,113859675,"Senior DevOps Engineer (SaaS, e-comm)",https://api.hh.ru/vacancies/113859675?host=hh.ru,['DevOps-инженер'],,,,
837,106064320,Ведущий DevOps-инженер,https://api.hh.ru/vacancies/106064320?host=hh.ru,['Системный инженер'],,,,
838,102607511,DevOps инженер команды сопровождения СУБД YDB,https://api.hh.ru/vacancies/102607511?host=hh.ru,['DevOps-инженер'],,,,
839,112070513,DevOps инженер,https://api.hh.ru/vacancies/112070513?host=hh.ru,['DevOps-инженер'],,,,
840,110311286,DevOps Engineer,https://api.hh.ru/vacancies/110311286?host=hh.ru,['DevOps-инженер'],,,,
841,112153097,DevOps Engineer,https://api.hh.ru/vacancies/112153097?host=hh.ru,['DevOps-инженер'],,,,
842,113144385,DevOps-инженер,https://api.hh.ru/vacancies/113144385?host=hh.ru,['DevOps-инженер'],,,,
843,107564185,DevOps engineer (разработка АБС для Индийского филиала),https://api.hh.ru/vacancies/107564185?host=hh.ru,"['Программист, разработчик']",,,,
844,112516844,DevOps инженер Engineering Control System,https://api.hh.ru/vacancies/112516844?host=hh.ru,"['Программист, разработчик']",,,,
845,112751704,Middle/Senior DevOps Engineer,https://api.hh.ru/vacancies/112751704?host=hh.ru,['DevOps-инженер'],,,,
846,109833314,Middle PHP-разработчик/Backend developer,https://api.hh.ru/vacancies/109833314?host=hh.ru,"['Программист, разработчик']",,,,
847,112626832,DevOps-инженер,https://api.hh.ru/vacancies/112626832?host=hh.ru,['DevOps-инженер'],,,,
848,110193645,DevOps/SRE,https://api.hh.ru/vacancies/110193645?host=hh.ru,['Системный инженер'],,,,
849,109046358,Senior DevOps Engineer,https://api.hh.ru/vacancies/109046358?host=hh.ru,['DevOps-инженер'],,,,
850,111754792,DevOps engineer,https://api.hh.ru/vacancies/111754792?host=hh.ru,['DevOps-инженер'],,,,
851,109282259,Senior DevOps Engineer (Enable Team),https://api.hh.ru/vacancies/109282259?host=hh.ru,['DevOps-инженер'],,,,
852,110387273,Devops Engineer (middle+/senior) HR Max,https://api.hh.ru/vacancies/110387273?host=hh.ru,['Руководитель группы разработки'],,,,
853,111965218,Pre-sales Engineer / Инженер поддержки продаж (Java),https://api.hh.ru/vacancies/111965218?host=hh.ru,"['Программист, разработчик']",,,,
854,112052385,DevOps Engineer,https://api.hh.ru/vacancies/112052385?host=hh.ru,['DevOps-инженер'],,,,
855,111871085,DevOps-инженер (проекты по ИБ),https://api.hh.ru/vacancies/111871085?host=hh.ru,['DevOps-инженер'],,,,
856,111961201,DevOps-инженер,https://api.hh.ru/vacancies/111961201?host=hh.ru,['DevOps-инженер'],,,,
857,111536068,DevOps-инженер/SRE,https://api.hh.ru/vacancies/111536068?host=hh.ru,['DevOps-инженер'],,,,
858,113007787,SRE/ DevOps (middle+/senior) в продуктовой ИТ компании,https://api.hh.ru/vacancies/113007787?host=hh.ru,['DevOps-инженер'],260000.0,,RUR,True
859,110118137,DevOps-инженер,https://api.hh.ru/vacancies/110118137?host=hh.ru,"['Программист, разработчик']",,,,
860,108808539,DevOps (Middle+ / Senior),https://api.hh.ru/vacancies/108808539?host=hh.ru,['DevOps-инженер'],,,,
861,104342706,Senior DevOps Engineer [ИРТЕЯ],https://api.hh.ru/vacancies/104342706?host=hh.ru,['DevOps-инженер'],,,,
862,108516241,DevOps-инженер (senior/middle),https://api.hh.ru/vacancies/108516241?host=hh.ru,['DevOps-инженер'],,,,
863,112799131,DevOps engineer (разработка АБС для Индийского филиала),https://api.hh.ru/vacancies/112799131?host=hh.ru,['Руководитель проектов'],,,,
864,113020017,DevOps Engineer,https://api.hh.ru/vacancies/113020017?host=hh.ru,['Другое'],,,,
865,114032246,DevOps-инженер в команду системной разработки WorkSpace,https://api.hh.ru/vacancies/114032246?host=hh.ru,['DevOps-инженер'],,,,
866,113324791,Middle/Middle+ DevOps инженер,https://api.hh.ru/vacancies/113324791?host=hh.ru,['Системный инженер'],,,,
867,109682143,ТехЛид PHP,https://api.hh.ru/vacancies/109682143?host=hh.ru,['Руководитель группы разработки'],,,,
868,113158681,Senior DevOps-инженер (Cloud Platform&SEC),https://api.hh.ru/vacancies/113158681?host=hh.ru,['DevOps-инженер'],,,,
869,109735979,Ведущий Devops-инженер,https://api.hh.ru/vacancies/109735979?host=hh.ru,['DevOps-инженер'],,,,
870,112707336,Senior DevOps (ADAS),https://api.hh.ru/vacancies/112707336?host=hh.ru,['DevOps-инженер'],,,,
871,110246305,DevOps engineer (разработка АБС для Индийского филиала),https://api.hh.ru/vacancies/110246305?host=hh.ru,['Специалист технической поддержки'],,,,
872,108963428,Senior DevOps,https://api.hh.ru/vacancies/108963428?host=hh.ru,['Директор по информационным технологиям (CIO)'],,,,
873,113133474,Ведущий SRE Devops инженер,https://api.hh.ru/vacancies/113133474?host=hh.ru,['DevOps-инженер'],,,,
874,112769928,SRE-DevOps инженер (Middle+/Senior),https://api.hh.ru/vacancies/112769928?host=hh.ru,['DevOps-инженер'],,,,
875,107716881,Senior DevOps Engineer (SberEMP),https://api.hh.ru/vacancies/107716881?host=hh.ru,['Специалист технической поддержки'],,,,
876,112809430,Ведущий Devops инженер,https://api.hh.ru/vacancies/112809430?host=hh.ru,['DevOps-инженер'],,,,
877,114055590,Автор магистратуры «DevOps-инженер облачных сервисов»,https://api.hh.ru/vacancies/114055590?host=hh.ru,['DevOps-инженер'],,,,
878,109290425,Руководитель по развитию производства тестовых сред,https://api.hh.ru/vacancies/109290425?host=hh.ru,['Другое'],,,,
879,107039386,DevOps-инженер,https://api.hh.ru/vacancies/107039386?host=hh.ru,['DevOps-инженер'],,,,
880,107548016,Application Security Engineer/ AppSec,https://api.hh.ru/vacancies/107548016?host=hh.ru,['Специалист по информационной безопасности'],,,,
881,112708393,Senior DevOps Engineer,https://api.hh.ru/vacancies/112708393?host=hh.ru,['DevOps-инженер'],,,,
882,110638525,Senior DevOps Engineer,https://api.hh.ru/vacancies/110638525?host=hh.ru,['DevOps-инженер'],,,,
883,112302669,Senior DevOps Engineer,https://api.hh.ru/vacancies/112302669?host=hh.ru,['DevOps-инженер'],,350000.0,RUR,False
884,112408726,Senior DevOps engineer,https://api.hh.ru/vacancies/112408726?host=hh.ru,['DevOps-инженер'],,,,
885,110600388,Senior DevOps Engineer,https://api.hh.ru/vacancies/110600388?host=hh.ru,['DevOps-инженер'],,,,
886,107307882,DevOps инженер (Hadoop),https://api.hh.ru/vacancies/107307882?host=hh.ru,['DevOps-инженер'],,,,
887,114560947,Системный администратор Linux / Kubernetes (Middle DevOps инженер),https://api.hh.ru/vacancies/114560947?host=hh.ru,['Специалист по информационной безопасности'],180000.0,250000.0,RUR,False
888,112846384,QA-инженер в Яндекс Образование,https://api.hh.ru/vacancies/112846384?host=hh.ru,['Тестировщик'],,,,
889,113733898,Специалист по работе с данными EXCEL,https://api.hh.ru/vacancies/113733898?host=hh.ru,['Аналитик'],130000.0,130000.0,RUR,True
890,114033073,Бизнес-ассистент руководителя,https://api.hh.ru/vacancies/114033073?host=hh.ru,"['Секретарь, помощник руководителя, ассистент']",300000.0,,RUR,False
891,114314861,Начальник отдела по связям с общественностью (Крупная российская горнорудная компания),https://api.hh.ru/vacancies/114314861?host=hh.ru,['Директор по маркетингу и PR (CMO)'],250000.0,300000.0,RUR,True
892,112545185,Младший тестировщик (Junior QA),https://api.hh.ru/vacancies/112545185?host=hh.ru,['Тестировщик'],90000.0,110000.0,RUR,False
893,112644654,Project manager,https://api.hh.ru/vacancies/112644654?host=hh.ru,['Менеджер продукта'],,,,
894,113875567,Исполнительный директор / Операционный директор (производственная компания),https://api.hh.ru/vacancies/113875567?host=hh.ru,['Операционный директор (COO)'],,,,
895,112344023,Junior Golang-разработчик,https://api.hh.ru/vacancies/112344023?host=hh.ru,"['Программист, разработчик']",100000.0,160000.0,RUR,False
896,114393343,Аналитик,https://api.hh.ru/vacancies/114393343?host=hh.ru,['Аналитик'],,,,
897,114169905,Заместитель коммерческого директора,https://api.hh.ru/vacancies/114169905?host=hh.ru,['Коммерческий директор (CCO)'],700000.0,,RUR,False
898,113648253,Project manager,https://api.hh.ru/vacancies/113648253?host=hh.ru,['Руководитель проектов'],,,,
899,114315054,Руководитель проектов в отдел по связям с общественностью ( Крупная российская горнорудная компания),https://api.hh.ru/vacancies/114315054?host=hh.ru,['PR-менеджер'],180000.0,200000.0,RUR,True
900,112771996,Помощник менеджера по маркетплейсам Wildberries,https://api.hh.ru/vacancies/112771996?host=hh.ru,"['Менеджер по маркетингу, интернет-маркетолог']",45000.0,95000.0,RUR,False
901,113898479,SMM-менеджер,https://api.hh.ru/vacancies/113898479?host=hh.ru,"['SMM-менеджер, контент-менеджер']",70000.0,,RUR,False
902,114233190,Журналист,https://api.hh.ru/vacancies/114233190?host=hh.ru,"['Журналист, корреспондент']",100000.0,300000.0,RUR,True
903,111765959,Трейдер/аналитик/P2P,https://api.hh.ru/vacancies/111765959?host=hh.ru,['Другое'],70000.0,300000.0,RUR,False
904,112334914,Middle специалист по контекстной рекламе/Директолог(гибрид),https://api.hh.ru/vacancies/112334914?host=hh.ru,"['Менеджер по маркетингу, интернет-маркетолог']",150000.0,,RUR,False
905,113297115,Product manager в Звук Студио,https://api.hh.ru/vacancies/113297115?host=hh.ru,['Другое'],,,,
906,114194316,Frontend разработчик,https://api.hh.ru/vacancies/114194316?host=hh.ru,"['Программист, разработчик']",,170000.0,RUR,True
907,113702279,Администратор сайта,https://api.hh.ru/vacancies/113702279?host=hh.ru,"['Менеджер по маркетингу, интернет-маркетолог']",150000.0,,RUR,False
908,109680557,Старший бухгалтер,https://api.hh.ru/vacancies/109680557?host=hh.ru,['Бухгалтер'],110000.0,,RUR,False
909,114298335,Head of SEO,https://api.hh.ru/vacancies/114298335?host=hh.ru,"['Менеджер по маркетингу, интернет-маркетолог']",400000.0,,RUR,False
910,110761150,Маркетолог,https://api.hh.ru/vacancies/110761150?host=hh.ru,"['Менеджер по маркетингу, интернет-маркетолог']",100000.0,130000.0,RUR,False
911,114478278,Frontend - разработчик,https://api.hh.ru/vacancies/114478278?host=hh.ru,"['Программист, разработчик']",,,,
912,114034711,Директор по маркетингу и PR,https://api.hh.ru/vacancies/114034711?host=hh.ru,['Директор по маркетингу и PR (CMO)'],,,,
913,108090058,SMM-менеджер (full-time office),https://api.hh.ru/vacancies/108090058?host=hh.ru,"['SMM-менеджер, контент-менеджер']",120000.0,,RUR,False
914,114035822,Директор по маркетингу (CMO),https://api.hh.ru/vacancies/114035822?host=hh.ru,['Директор по маркетингу и PR (CMO)'],,,,
915,113881074,Менеджер по спортивному маркетингу,https://api.hh.ru/vacancies/113881074?host=hh.ru,"['Менеджер по маркетингу, интернет-маркетолог']",,,,
916,114178966,React разработчик,https://api.hh.ru/vacancies/114178966?host=hh.ru,"['Программист, разработчик']",,,,
917,113745619,Тревел-журналист в сервис путешествий,https://api.hh.ru/vacancies/113745619?host=hh.ru,"['Журналист, корреспондент']",,,,
918,113890143,Стажер-аналитик,https://api.hh.ru/vacancies/113890143?host=hh.ru,['Другое'],,,,
919,113011502,Помощник менеджера ОЗОН,https://api.hh.ru/vacancies/113011502?host=hh.ru,['Другое'],40000.0,,RUR,False
920,111903204,Project Manager в Германию,https://api.hh.ru/vacancies/111903204?host=hh.ru,['Руководитель проектов'],,,,
921,112049995,Менеджер Wildberries,https://api.hh.ru/vacancies/112049995?host=hh.ru,['Другое'],100000.0,,RUR,False
922,112397142,Аналитик по разработке производственных бизнес процессов,https://api.hh.ru/vacancies/112397142?host=hh.ru,['Бизнес-аналитик'],,,,
923,113741184,Руководитель процессного офиса,https://api.hh.ru/vacancies/113741184?host=hh.ru,['Операционный директор (COO)'],,,,
924,114169189,Руководитель отдела маркетинга и рекламы,https://api.hh.ru/vacancies/114169189?host=hh.ru,['Директор по маркетингу и PR (CMO)'],,300000.0,RUR,False
925,114297824,Помощник Product Manager (кулинарный путь),https://api.hh.ru/vacancies/114297824?host=hh.ru,"['Секретарь, помощник руководителя, ассистент']",70000.0,140000.0,RUR,False
926,109225941,Системный аналитик,https://api.hh.ru/vacancies/109225941?host=hh.ru,['Системный аналитик'],150000.0,180000.0,RUR,False
927,113854708,Операционный директор (COO),https://api.hh.ru/vacancies/113854708?host=hh.ru,['Операционный директор (COO)'],,,,
928,112514633,Начинающий специалист (в офис),https://api.hh.ru/vacancies/112514633?host=hh.ru,['Другое'],,,,
929,114304412,Финансовый менеджер (удаленка),https://api.hh.ru/vacancies/114304412?host=hh.ru,['Финансовый менеджер'],150000.0,180000.0,RUR,False
930,114305099,Операционный директор в онлайн стартап COO (удаленная работа),https://api.hh.ru/vacancies/114305099?host=hh.ru,['Операционный директор (COO)'],300000.0,,RUR,False
931,113153075,Директор дирекции по управлению финансами и оборотным капиталом,https://api.hh.ru/vacancies/113153075?host=hh.ru,['Финансовый директор (CFO)'],,,,
932,112708052,Customer Success Manager (CSM),https://api.hh.ru/vacancies/112708052?host=hh.ru,['Менеджер по работе с партнерами'],,,,
933,112576461,Специалист по работе с маркетплейсами (возвратный товар),https://api.hh.ru/vacancies/112576461?host=hh.ru,"['Менеджер по маркетингу, интернет-маркетолог']",,,,
934,114552525,Директор по маркетингу,https://api.hh.ru/vacancies/114552525?host=hh.ru,['Директор по маркетингу и PR (CMO)'],,,,
935,113721330,QA-engineer,https://api.hh.ru/vacancies/113721330?host=hh.ru,['Тестировщик'],,,,
936,113857868,Ручной тестировщик (команда CRM),https://api.hh.ru/vacancies/113857868?host=hh.ru,['Тестировщик'],,,,
937,114254015,Начальник отдела продаж,https://api.hh.ru/vacancies/114254015?host=hh.ru,['Руководитель отдела продаж'],250000.0,300000.0,RUR,False
938,113756617,Операционный директор (COO),https://api.hh.ru/vacancies/113756617?host=hh.ru,"['Генеральный директор, исполнительный директор (CEO)']",,,,
939,112069957,QA engineer,https://api.hh.ru/vacancies/112069957?host=hh.ru,['Тестировщик'],,,,
940,114200820,"Младший продуктовый дизайнер, Ozon fresh, группа продуктового дизайна",https://api.hh.ru/vacancies/114200820?host=hh.ru,"['Дизайнер, художник']",,,,
941,114088682,Младший менеджер по работе с маркетплейсами (Wildberries),https://api.hh.ru/vacancies/114088682?host=hh.ru,"['Менеджер по продажам, менеджер по работе с клиентами']",30000.0,,RUR,False
942,108172593,Трейдер / Аналитик / P2P,https://api.hh.ru/vacancies/108172593?host=hh.ru,['Аналитик'],65000.0,300000.0,RUR,True
943,113733582,Коммьюнити-менеджер в социальных сетях,https://api.hh.ru/vacancies/113733582?host=hh.ru,"['Менеджер по продажам, менеджер по работе с клиентами']",,,,
944,111968116,Тестировщик,https://api.hh.ru/vacancies/111968116?host=hh.ru,['Тестировщик'],,,,
945,113707170,Стилист,https://api.hh.ru/vacancies/113707170?host=hh.ru,['Другое'],,,,
946,114035401,Python-разработчик,https://api.hh.ru/vacancies/114035401?host=hh.ru,"['Программист, разработчик']",,180000.0,RUR,False
947,112349609,Сетевой инженер (Senior),https://api.hh.ru/vacancies/112349609?host=hh.ru,['Сетевой инженер'],,340000.0,RUR,False
948,113706514,Ведущий аналитик (энергетика),https://api.hh.ru/vacancies/113706514?host=hh.ru,['Аналитик'],,,,
949,114486532,Бизнес-ассистент СЕО международной компании,https://api.hh.ru/vacancies/114486532?host=hh.ru,"['Секретарь, помощник руководителя, ассистент']",150000.0,400000.0,RUR,True
950,111764936,Сервис-менеджер (менеджер отдела контроля качества),https://api.hh.ru/vacancies/111764936?host=hh.ru,['Другое'],,,,
951,112411551,Комплаенс-менеджер,https://api.hh.ru/vacancies/112411551?host=hh.ru,['Комплаенс-менеджер'],110000.0,,RUR,True
952,110896109,Экономист,https://api.hh.ru/vacancies/110896109?host=hh.ru,['Экономист'],,,,
953,111973801,QA Manual,https://api.hh.ru/vacancies/111973801?host=hh.ru,['Тестировщик'],,,,
954,113728520,Коммерческий директор,https://api.hh.ru/vacancies/113728520?host=hh.ru,['Коммерческий директор (CCO)'],,,,
955,113712846,Руководитель HR отдела,https://api.hh.ru/vacancies/113712846?host=hh.ru,['Руководитель отдела персонала'],350000.0,,RUR,False
956,113815761,Помощник руководителя с функциями управления проектами,https://api.hh.ru/vacancies/113815761?host=hh.ru,"['Секретарь, помощник руководителя, ассистент']",140000.0,180000.0,RUR,False
957,112440990,Руководитель проектов,https://api.hh.ru/vacancies/112440990?host=hh.ru,['Руководитель проектов'],450000.0,,RUR,False
958,106472891,Куратор студентов в Яндекс Практикум,https://api.hh.ru/vacancies/106472891?host=hh.ru,['Другое'],50000.0,50000.0,RUR,False
959,114291916,Аналитик данных,https://api.hh.ru/vacancies/114291916?host=hh.ru,"['BI-аналитик, аналитик данных']",,,,
960,112491169,Начальник юридического отдела,https://api.hh.ru/vacancies/112491169?host=hh.ru,['Юрисконсульт'],250000.0,,RUR,False
961,113705190,Юрист,https://api.hh.ru/vacancies/113705190?host=hh.ru,['Юрист'],400000.0,,RUR,True
962,114174696,Дизайнер по продукту,https://api.hh.ru/vacancies/114174696?host=hh.ru,"['Дизайнер, художник']",,,,
963,113739926,Операционный директор (COO),https://api.hh.ru/vacancies/113739926?host=hh.ru,['Операционный директор (COO)'],,,,
964,114286285,Chief Marketing Officer | Директор по маркетингу и PR,https://api.hh.ru/vacancies/114286285?host=hh.ru,['Директор по маркетингу и PR (CMO)'],,,,
965,114315400,Руководитель по маркетингу эксклюзивного продукта ( Крупная российская горнорудная компания),https://api.hh.ru/vacancies/114315400?host=hh.ru,['Руководитель отдела маркетинга и рекламы'],280000.0,300000.0,RUR,True
966,113658473,Помощник руководителя - ассистент - менеджер маркетплейсов wildberries,https://api.hh.ru/vacancies/113658473?host=hh.ru,"['Секретарь, помощник руководителя, ассистент']",20000.0,100000.0,RUR,False
967,114469243,"Начинающий маркетолог ( без опыта, обучаем)",https://api.hh.ru/vacancies/114469243?host=hh.ru,"['Менеджер по маркетингу, интернет-маркетолог']",50000.0,75000.0,RUR,False
968,114303842,Операционный директор (COO),https://api.hh.ru/vacancies/114303842?host=hh.ru,['Операционный директор (COO)'],250000.0,,RUR,False
969,111629802,Стажер UX/UI-дизайнер,https://api.hh.ru/vacancies/111629802?host=hh.ru,"['Дизайнер, художник']",15000.0,,RUR,False
970,113595316,Бухгалтер на участок банк-клиент,https://api.hh.ru/vacancies/113595316?host=hh.ru,['Бухгалтер'],130000.0,140000.0,RUR,False
971,113915186,Младший аналитик (разработка отчетности),https://api.hh.ru/vacancies/113915186?host=hh.ru,['Системный аналитик'],60000.0,120000.0,RUR,True
972,112592587,Аналитик OSINT,https://api.hh.ru/vacancies/112592587?host=hh.ru,['Аналитик'],100000.0,,RUR,False
973,113011660,Web/Mobile QA Engineer,https://api.hh.ru/vacancies/113011660?host=hh.ru,['Тестировщик'],,,,
974,113323493,Менеджер по работе с маркетплейсам (Wildberries/OZON),https://api.hh.ru/vacancies/113323493?host=hh.ru,"['Менеджер по маркетингу, интернет-маркетолог']",70000.0,90000.0,RUR,False
975,113881336,Руководитель отдела маркетинга и рекламы,https://api.hh.ru/vacancies/113881336?host=hh.ru,['Руководитель отдела маркетинга и рекламы'],,,,
976,114041979,Заместитель руководителя управления,https://api.hh.ru/vacancies/114041979?host=hh.ru,['Специалист технической поддержки'],,,,
977,114315169,HR специалист,https://api.hh.ru/vacancies/114315169?host=hh.ru,['Менеджер по персоналу'],,250000.0,RUR,True
978,113905430,QA Manual Engineer,https://api.hh.ru/vacancies/113905430?host=hh.ru,['Тестировщик'],,,,
979,113738556,Директор по маркетингу,https://api.hh.ru/vacancies/113738556?host=hh.ru,['Директор по маркетингу и PR (CMO)'],300000.0,,RUR,False
980,113718498,UX/UI-дизайнер,https://api.hh.ru/vacancies/113718498?host=hh.ru,"['Дизайнер, художник']",150000.0,,RUR,False
981,114183497,Product Owner,https://api.hh.ru/vacancies/114183497?host=hh.ru,['Менеджер продукта'],,,,
982,111578758,Младший PR менеджер(Beauty),https://api.hh.ru/vacancies/111578758?host=hh.ru,['PR-менеджер'],,,,
983,112094874,"Контент-менеджер/стажер (YouTube, Нью-Йорк)",https://api.hh.ru/vacancies/112094874?host=hh.ru,"['SMM-менеджер, контент-менеджер']",70000.0,130000.0,RUR,False
984,112769129,QA Manual,https://api.hh.ru/vacancies/112769129?host=hh.ru,['Тестировщик'],,,,
985,113703816,Директор по персоналу (HRD),https://api.hh.ru/vacancies/113703816?host=hh.ru,['Директор по персоналу (HRD)'],,300000.0,RUR,False
986,112331201,Data scientist,https://api.hh.ru/vacancies/112331201?host=hh.ru,['Дата-сайентист'],,,,
987,113742722,QA Junior,https://api.hh.ru/vacancies/113742722?host=hh.ru,['Тестировщик'],,,,
988,112331201,Data scientist,https://api.hh.ru/vacancies/112331201?host=hh.ru,['Дата-сайентист'],,,,
989,114187346,Инженер ПТО,https://api.hh.ru/vacancies/114187346?host=hh.ru,"['Инженер ПТО, инженер-сметчик']",80000.0,150000.0,RUR,False
990,112047738,Product manager / Менеджер продукта,https://api.hh.ru/vacancies/112047738?host=hh.ru,['Менеджер продукта'],4000.0,,EUR,False
991,111895265,Frontend Developer,https://api.hh.ru/vacancies/111895265?host=hh.ru,"['Программист, разработчик']",,,,
992,114180525,Project manager,https://api.hh.ru/vacancies/114180525?host=hh.ru,['Руководитель проектов'],,220000.0,RUR,False
993,114020282,HR Business Partner,https://api.hh.ru/vacancies/114020282?host=hh.ru,['Менеджер по персоналу'],,,,
994,112793379,Менеджер по работе с блогерами,https://api.hh.ru/vacancies/112793379?host=hh.ru,['Другое'],,,,
995,114291297,Аналитик данных (банк),https://api.hh.ru/vacancies/114291297?host=hh.ru,"['BI-аналитик, аналитик данных']",,235000.0,RUR,False
996,89699511,Продуктовый / Web аналитик,https://api.hh.ru/vacancies/89699511?host=hh.ru,['Аналитик'],,,,
997,106883136,"Frontend-разработчик в Only (Next.js, React)",https://api.hh.ru/vacancies/106883136?host=hh.ru,"['Программист, разработчик']",140000.0,,RUR,False
998,114530644,Инженер поддержки (3 линия) в команду железнодорожного сервиса путешествий,https://api.hh.ru/vacancies/114530644?host=hh.ru,['Специалист технической поддержки'],,,,
999,114177076,Руководитель E-commerce направления,https://api.hh.ru/vacancies/114177076?host=hh.ru,['Другое'],250000.0,,RUR,True
1000,114037954,Директор департамента аналитики,https://api.hh.ru/vacancies/114037954?host=hh.ru,['Руководитель отдела аналитики'],,,,
1001,114477855,Руководитель отдела маркетинга,https://api.hh.ru/vacancies/114477855?host=hh.ru,['Руководитель отдела маркетинга и рекламы'],2000.0,4000.0,USD,True
1002,112839634,Junior Project Manager (стажёр),https://api.hh.ru/vacancies/112839634?host=hh.ru,['Другое'],,,,
1003,114186155,Контент-автор,https://api.hh.ru/vacancies/114186155?host=hh.ru,"['SMM-менеджер, контент-менеджер']",160000.0,,RUR,True
1004,114039337,Контент-менеджер,https://api.hh.ru/vacancies/114039337?host=hh.ru,"['SMM-менеджер, контент-менеджер']",,80000.0,RUR,False
1005,114478043,Личный ассистент собственника бренда уходовой косметики VOIS,https://api.hh.ru/vacancies/114478043?host=hh.ru,"['Секретарь, помощник руководителя, ассистент']",,,,
1006,113188761,Junior Project - менеджер,https://api.hh.ru/vacancies/113188761?host=hh.ru,['Руководитель проектов'],50000.0,,RUR,False
1007,113281092,Ассистент аналитика,https://api.hh.ru/vacancies/113281092?host=hh.ru,['Аналитик'],80000.0,,RUR,False
1008,113347504,Frontend-разработчик (Middle | React),https://api.hh.ru/vacancies/113347504?host=hh.ru,"['Программист, разработчик']",190000.0,,RUR,False
1009,111796542,SMM-менеджер,https://api.hh.ru/vacancies/111796542?host=hh.ru,"['SMM-менеджер, контент-менеджер']",80000.0,80000.0,RUR,True
1010,112743163,Junior IT специалист | Системный аналитик,https://api.hh.ru/vacancies/112743163?host=hh.ru,['Системный аналитик'],100000.0,160000.0,RUR,False
1011,113728840,Химик в R&D в лабораторию,https://api.hh.ru/vacancies/113728840?host=hh.ru,"['Научный специалист, исследователь']",120000.0,,RUR,True
1012,113321813,Системный аналитик,https://api.hh.ru/vacancies/113321813?host=hh.ru,['Системный аналитик'],,,,
1013,113708271,QA Engineer (manual),https://api.hh.ru/vacancies/113708271?host=hh.ru,['Тестировщик'],,,,
1014,114064563,Руководитель ИТ-проектов,https://api.hh.ru/vacancies/114064563?host=hh.ru,['Руководитель проектов'],,,,
1015,114185515,Специалист по тестированию,https://api.hh.ru/vacancies/114185515?host=hh.ru,['Тестировщик'],,,,
1016,114295753,Директор по маркетингу в ресторанную группу by Novikov,https://api.hh.ru/vacancies/114295753?host=hh.ru,['Директор по маркетингу и PR (CMO)'],500000.0,,RUR,False
1017,102758104,Продавец-консультант/кассир-продавец FINN FLARE,https://api.hh.ru/vacancies/102758104?host=hh.ru,"['Продавец-консультант, продавец-кассир']",85000.0,,RUR,True
1018,114477404,Управляющий Салоном красоты в центре москвы,https://api.hh.ru/vacancies/114477404?host=hh.ru,['Другое'],,250000.0,RUR,False
1019,111899122,Аналитик данных,https://api.hh.ru/vacancies/111899122?host=hh.ru,"['BI-аналитик, аналитик данных']",250000.0,,RUR,True
1020,112794615,SEO-специалист,https://api.hh.ru/vacancies/112794615?host=hh.ru,"['Менеджер по маркетингу, интернет-маркетолог']",100000.0,,RUR,True
1021,113879961,IT HR Business Partner (HR BP),https://api.hh.ru/vacancies/113879961?host=hh.ru,['Руководитель отдела персонала'],,,,
1022,114298629,Журналист-переводчик финансовых новостей,https://api.hh.ru/vacancies/114298629?host=hh.ru,"['Журналист, корреспондент']",,85000.0,RUR,True
1023,111990573,Графический дизайнер,https://api.hh.ru/vacancies/111990573?host=hh.ru,"['Дизайнер, художник']",,,,
1024,113860087,Аналитик,https://api.hh.ru/vacancies/113860087?host=hh.ru,['Аналитик'],,,,
1025,113862353,Frontend-разработчик (React),https://api.hh.ru/vacancies/113862353?host=hh.ru,"['Программист, разработчик']",250000.0,300000.0,RUR,False
1026,113321165,"Директор по маркетингу, рекламе и PR",https://api.hh.ru/vacancies/113321165?host=hh.ru,['Директор по маркетингу и PR (CMO)'],,,,
1027,111879831,Бизнес-аналитик,https://api.hh.ru/vacancies/111879831?host=hh.ru,['Бизнес-аналитик'],100000.0,150000.0,RUR,False
1028,112133629,HR Менеджер,https://api.hh.ru/vacancies/112133629?host=hh.ru,['Менеджер по персоналу'],140000.0,170000.0,RUR,False
1029,114298547,Руководитель отдела Е-commerce,https://api.hh.ru/vacancies/114298547?host=hh.ru,['Руководитель отдела маркетинга и рекламы'],,,,
1030,112475949,Младший менеджер OZON,https://api.hh.ru/vacancies/112475949?host=hh.ru,['Другое'],50000.0,70000.0,RUR,False
1031,114088902,Data Scientist,https://api.hh.ru/vacancies/114088902?host=hh.ru,['Аналитик'],140000.0,180000.0,RUR,False
1032,114300322,Event-менеджер/Event-маркетолог,https://api.hh.ru/vacancies/114300322?host=hh.ru,['Event-менеджер'],150000.0,,RUR,False
1033,113131744,QA Manual,https://api.hh.ru/vacancies/113131744?host=hh.ru,['Тестировщик'],,,,
1034,113846566,Менеджер по маркетплейсам (Wildberries),https://api.hh.ru/vacancies/113846566?host=hh.ru,['Другое'],40000.0,120000.0,RUR,False
1035,113851185,Контент-менеджер,https://api.hh.ru/vacancies/113851185?host=hh.ru,"['SMM-менеджер, контент-менеджер']",70000.0,,RUR,False
1036,112712826,Специалист технической поддержки (Customer support manager),https://api.hh.ru/vacancies/112712826?host=hh.ru,['Специалист технической поддержки'],55000.0,,RUR,False
1037,114163817,Data scientist (Junior) в консалтинг,https://api.hh.ru/vacancies/114163817?host=hh.ru,['Аналитик'],50000.0,,RUR,False
1038,112441021,Коммерческий директор,https://api.hh.ru/vacancies/112441021?host=hh.ru,['Коммерческий директор (CCO)'],800000.0,,RUR,False
1039,113146607,Менеджер по маркетплейсу Wildberries (селлер в ТОП-100),https://api.hh.ru/vacancies/113146607?host=hh.ru,"['Менеджер по маркетингу, интернет-маркетолог']",120000.0,,RUR,False
1040,113336822,Заместитель финансового директора,https://api.hh.ru/vacancies/113336822?host=hh.ru,['Финансовый директор (CFO)'],350000.0,,RUR,False
1041,113859039,Финансовый директор / ведущий экономист,https://api.hh.ru/vacancies/113859039?host=hh.ru,['Финансовый директор (CFO)'],250000.0,300000.0,RUR,False
1042,114314995,IT-юрист,https://api.hh.ru/vacancies/114314995?host=hh.ru,['Юрисконсульт'],,,,
1043,114417277,Старший стратегический аналитик (международные отношения),https://api.hh.ru/vacancies/114417277?host=hh.ru,['Аналитик'],250000.0,500000.0,RUR,False
1044,113880307,Frontend developer(middle),https://api.hh.ru/vacancies/113880307?host=hh.ru,"['Программист, разработчик']",200000.0,250000.0,RUR,False
1045,114409287,Личный ассистент/менеджер пластического хирурга,https://api.hh.ru/vacancies/114409287?host=hh.ru,"['Секретарь, помощник руководителя, ассистент']",40000.0,130000.0,RUR,False
1046,113739398,Аналитик данных,https://api.hh.ru/vacancies/113739398?host=hh.ru,"['BI-аналитик, аналитик данных']",230000.0,,RUR,True
1047,114020337,Менеджер по работе с блогерами,https://api.hh.ru/vacancies/114020337?host=hh.ru,"['Менеджер по маркетингу, интернет-маркетолог']",100000.0,,RUR,False
1048,114038435,Руководитель HR направления,https://api.hh.ru/vacancies/114038435?host=hh.ru,['Специалист по кадрам'],,,,
1049,114299129,UX/UI-дизайнер,https://api.hh.ru/vacancies/114299129?host=hh.ru,"['Дизайнер, художник']",,,,
1050,113749159,E-Commerce менеджер,https://api.hh.ru/vacancies/113749159?host=hh.ru,"['Менеджер по маркетингу, интернет-маркетолог']",,,,
1051,113901967,Senior Product Manager,https://api.hh.ru/vacancies/113901967?host=hh.ru,['Менеджер продукта'],,,,
1052,113724797,Менеджер проектов / Менеджер продукта,https://api.hh.ru/vacancies/113724797?host=hh.ru,['Менеджер продукта'],90000.0,180000.0,RUR,False
1053,114048798,Менеджер отдела закупок/товаровед,https://api.hh.ru/vacancies/114048798?host=hh.ru,['Менеджер по закупкам'],110000.0,130000.0,RUR,False
1054,112836909,Младший аналитик рынка ценных бумаг,https://api.hh.ru/vacancies/112836909?host=hh.ru,['Аналитик'],,,,
1055,114555249,.NET разработчик,https://api.hh.ru/vacancies/114555249?host=hh.ru,"['Программист, разработчик']",,,,
1056,114206273,Проектный менеджер/Бизнес-аналитик,https://api.hh.ru/vacancies/114206273?host=hh.ru,['Бизнес-аналитик'],300000.0,,RUR,False
1057,114252164,Руководитель 1С,https://api.hh.ru/vacancies/114252164?host=hh.ru,['Руководитель проектов'],400000.0,,RUR,False
1058,113205784,UI/UX-дизайнер,https://api.hh.ru/vacancies/113205784?host=hh.ru,"['Дизайнер, художник']",120000.0,160000.0,RUR,True
1059,112833390,Младший тестировщик BI,https://api.hh.ru/vacancies/112833390?host=hh.ru,['Тестировщик'],,,,
1060,114038966,Старший аналитик Казначейства,https://api.hh.ru/vacancies/114038966?host=hh.ru,['Руководитель группы разработки'],,250000.0,RUR,True
1061,114176827,"SMM-менеджер в центр ""Благосфера""",https://api.hh.ru/vacancies/114176827?host=hh.ru,"['SMM-менеджер, контент-менеджер']",60000.0,,RUR,True
1062,114173266,Системный аналитик,https://api.hh.ru/vacancies/114173266?host=hh.ru,['Системный аналитик'],,,,
1063,113914923,Ведущий маркетолог,https://api.hh.ru/vacancies/113914923?host=hh.ru,['Маркетолог-аналитик'],,,,
1064,110248850,Analyst,https://api.hh.ru/vacancies/110248850?host=hh.ru,['Аналитик'],,,,
1065,112711691,Аналитик,https://api.hh.ru/vacancies/112711691?host=hh.ru,['Аналитик'],80000.0,,RUR,False
1066,110286826,Intern Data Analyst / Стажер - аналитик данных,https://api.hh.ru/vacancies/110286826?host=hh.ru,['Другое'],100000.0,,RUR,True
1067,112062529,Руководитель по развитию продаж (Фильтры / Водоподготовка),https://api.hh.ru/vacancies/112062529?host=hh.ru,['Руководитель отдела продаж'],200000.0,,RUR,False
1068,112883214,Директор по маркетингу и рекламе,https://api.hh.ru/vacancies/112883214?host=hh.ru,['Директор по маркетингу и PR (CMO)'],,,,
1069,108988570,Junior Frontend Developer React,https://api.hh.ru/vacancies/108988570?host=hh.ru,"['Программист, разработчик']",60000.0,,RUR,False
1070,112666411,Руководитель направления инфлюенс-маркетинга и видеоконтента,https://api.hh.ru/vacancies/112666411?host=hh.ru,['PR-менеджер'],100000.0,300000.0,RUR,False
1071,111067953,Лингвист,https://api.hh.ru/vacancies/111067953?host=hh.ru,['Другое'],80000.0,,RUR,True
1072,112687371,Разработчик Python,https://api.hh.ru/vacancies/112687371?host=hh.ru,"['Программист, разработчик']",,,,
1073,114327543,Менеджер маркетплейсов,https://api.hh.ru/vacancies/114327543?host=hh.ru,['Другое'],30000.0,,RUR,False
1074,113722925,Системный аналитик,https://api.hh.ru/vacancies/113722925?host=hh.ru,['Системный аналитик'],,,,
1075,113851449,Стажёр,https://api.hh.ru/vacancies/113851449?host=hh.ru,['Другое'],,80000.0,RUR,True
1076,114180014,Системный аналитик,https://api.hh.ru/vacancies/114180014?host=hh.ru,['Системный аналитик'],,,,
1077,113716284,Тестировщик/QA engineer,https://api.hh.ru/vacancies/113716284?host=hh.ru,['Тестировщик'],,,,
1078,114180877,Редактор,https://api.hh.ru/vacancies/114180877?host=hh.ru,"['Режиссер, сценарист']",80000.0,120000.0,RUR,False
1079,111948875,Младший аналитик,https://api.hh.ru/vacancies/111948875?host=hh.ru,['Аналитик'],,,,
1080,114078093,Руководитель направления маркетинговых коммуникаций,https://api.hh.ru/vacancies/114078093?host=hh.ru,['Руководитель отдела маркетинга и рекламы'],,,,
1081,114038783,Менеджер по работе с маркетплейсами,https://api.hh.ru/vacancies/114038783?host=hh.ru,"['Менеджер по продажам, менеджер по работе с клиентами']",160000.0,200000.0,RUR,False
1082,114289553,Руководитель отдела маркетинга / Маркетолог,https://api.hh.ru/vacancies/114289553?host=hh.ru,['Руководитель отдела маркетинга и рекламы'],180000.0,,RUR,False
1083,111742154,Специалист по тестированию,https://api.hh.ru/vacancies/111742154?host=hh.ru,['Тестировщик'],,,,
1084,112046979,Младший аналитик,https://api.hh.ru/vacancies/112046979?host=hh.ru,['Аналитик'],,,,
1085,111970339,Каппер/спортивный аналитик (контент менеджер),https://api.hh.ru/vacancies/111970339?host=hh.ru,"['SMM-менеджер, контент-менеджер']",60000.0,,RUR,False
1086,114294161,Менеджер по работе с блогерами / Influence маркетолог,https://api.hh.ru/vacancies/114294161?host=hh.ru,"['SMM-менеджер, контент-менеджер']",80000.0,150000.0,RUR,False
1087,112717392,Менеджер маркетплейсов,https://api.hh.ru/vacancies/112717392?host=hh.ru,"['Менеджер по маркетингу, интернет-маркетолог']",80000.0,,RUR,False
1088,112763125,Младший специалист по анализу данных / Junior Data Scientist,https://api.hh.ru/vacancies/112763125?host=hh.ru,['Дата-сайентист'],,,,
1089,112301925,Systems analyst,https://api.hh.ru/vacancies/112301925?host=hh.ru,['Системный аналитик'],,,,
1090,113153168,Сhief product officer (CPO),https://api.hh.ru/vacancies/113153168?host=hh.ru,['Менеджер продукта'],,,,
1091,113700530,Старший менеджер по развитию проектного управления,https://api.hh.ru/vacancies/113700530?host=hh.ru,['Руководитель проектов'],,,,
1092,111522196,Менеджер по работе с маркетплейсами,https://api.hh.ru/vacancies/111522196?host=hh.ru,"['Менеджер по маркетингу, интернет-маркетолог']",150000.0,,RUR,True
1093,112250837,Программист C++ Junior,https://api.hh.ru/vacancies/112250837?host=hh.ru,"['Программист, разработчик']",50000.0,,RUR,False
1094,112794371,Руководитель отдела Digital маркетинга,https://api.hh.ru/vacancies/112794371?host=hh.ru,['Руководитель отдела маркетинга и рекламы'],120000.0,,RUR,True
1095,114185454,Chief Marketing Officer (CMO),https://api.hh.ru/vacancies/114185454?host=hh.ru,['Директор по маркетингу и PR (CMO)'],,,,
1096,112408092,Менеджер по закупкам,https://api.hh.ru/vacancies/112408092?host=hh.ru,['Менеджер по закупкам'],150000.0,,RUR,True
1097,113852166,Бренд-директор (Руководитель отдела маркетинга и рекламы),https://api.hh.ru/vacancies/113852166?host=hh.ru,['Руководитель отдела маркетинга и рекламы'],,,,
1098,113132496,QA WEB engineer,https://api.hh.ru/vacancies/113132496?host=hh.ru,['Тестировщик'],,,,
1099,113115538,Тестировщик,https://api.hh.ru/vacancies/113115538?host=hh.ru,['Тестировщик'],100000.0,100000.0,RUR,False
1100,112495687,Ассистент / помощник руководителя (гибридный график),https://api.hh.ru/vacancies/112495687?host=hh.ru,"['Секретарь, помощник руководителя, ассистент']",70000.0,,RUR,False
1101,111751697,Системный аналитик (Yappy),https://api.hh.ru/vacancies/111751697?host=hh.ru,['Системный аналитик'],,,,
1102,113014496,Ассистент по работе с таблицами,https://api.hh.ru/vacancies/113014496?host=hh.ru,"['Учитель, преподаватель, педагог']",30000.0,30000.0,RUR,False
1103,112513871,Менеджер по продажам B2B,https://api.hh.ru/vacancies/112513871?host=hh.ru,"['Менеджер по продажам, менеджер по работе с клиентами']",150000.0,,RUR,False
1104,113878898,Портфельный управляющий,https://api.hh.ru/vacancies/113878898?host=hh.ru,['Финансовый контролер'],,,,
1105,112289589,Менеджер маркетплейсов,https://api.hh.ru/vacancies/112289589?host=hh.ru,"['Менеджер по маркетингу, интернет-маркетолог']",120000.0,250000.0,RUR,False
1106,114341956,SMM-менеджер,https://api.hh.ru/vacancies/114341956?host=hh.ru,"['SMM-менеджер, контент-менеджер']",120000.0,,RUR,False
1107,112593679,SEO-специалист,https://api.hh.ru/vacancies/112593679?host=hh.ru,"['Менеджер по маркетингу, интернет-маркетолог']",200000.0,250000.0,RUR,False
1108,113747454,Главный специалист по финансовому контролю / Финансовый контролер/ Экономист (Сколково),https://api.hh.ru/vacancies/113747454?host=hh.ru,['Финансовый контролер'],,240000.0,RUR,False
1109,113465999,Технический специалист в онлайн-школу,https://api.hh.ru/vacancies/113465999?host=hh.ru,['Специалист технической поддержки'],50000.0,,RUR,False
1110,114171007,People Partner (Commercial Department),https://api.hh.ru/vacancies/114171007?host=hh.ru,['Менеджер по персоналу'],,,,
1111,112770647,Python Разработчик (Middle),https://api.hh.ru/vacancies/112770647?host=hh.ru,"['Программист, разработчик']",200000.0,250000.0,RUR,False
1112,113783213,Junior Machine Learning Developer,https://api.hh.ru/vacancies/113783213?host=hh.ru,['Дата-сайентист'],,,,
1113,113462510,Руководитель call-центра,https://api.hh.ru/vacancies/113462510?host=hh.ru,"['Оператор call-центра, специалист контактного центра']",150000.0,170000.0,RUR,True
1114,114182189,Руководитель службы поддержки пользователей,https://api.hh.ru/vacancies/114182189?host=hh.ru,['Специалист технической поддержки'],1400.0,1700.0,USD,True
1115,114201049,Frontend-разработчик,https://api.hh.ru/vacancies/114201049?host=hh.ru,"['Программист, разработчик']",,,,
1116,112627541,UX/UI-дизайнер,https://api.hh.ru/vacancies/112627541?host=hh.ru,"['Дизайнер, художник']",,,,
1117,114188595,Медицинский аналитик,https://api.hh.ru/vacancies/114188595?host=hh.ru,['Врач'],1200.0,,EUR,True
1118,112174423,Junior продакт-менеджер,https://api.hh.ru/vacancies/112174423?host=hh.ru,['Менеджер продукта'],,80000.0,RUR,True
1119,114304301,C&B-аналитик / HR-аналитик,https://api.hh.ru/vacancies/114304301?host=hh.ru,['Аналитик'],,,,
1120,92718815,"Удаленный помощник директолога (контекстолога, специалиста Яндекс Директ, контекстной рекламы)",https://api.hh.ru/vacancies/92718815?host=hh.ru,"['Менеджер по маркетингу, интернет-маркетолог']",30000.0,100000.0,RUR,False
1121,112346624,Администратор проекта,https://api.hh.ru/vacancies/112346624?host=hh.ru,['Руководитель проектов'],80000.0,110000.0,RUR,False
1122,112541453,Юрист,https://api.hh.ru/vacancies/112541453?host=hh.ru,['Юрист'],500000.0,,RUR,False
1123,113452126,Младший менеджер по маркетплейсам WB и ozon,https://api.hh.ru/vacancies/113452126?host=hh.ru,"['Менеджер по маркетингу, интернет-маркетолог']",40000.0,60000.0,RUR,False
1124,114173148,Управляющий салоном красоты,https://api.hh.ru/vacancies/114173148?host=hh.ru,"['Менеджер по продажам, менеджер по работе с клиентами']",100000.0,150000.0,RUR,False
1125,114178884,"Продюсер Онлайн-Проекта (знакомства, отношения, психология)",https://api.hh.ru/vacancies/114178884?host=hh.ru,['Руководитель отдела маркетинга и рекламы'],,200000.0,RUR,True
1126,114186000,Руководитель отдела маркетинга,https://api.hh.ru/vacancies/114186000?host=hh.ru,['Директор по маркетингу и PR (CMO)'],200000.0,,RUR,True
1127,110328208,Аналитик,https://api.hh.ru/vacancies/110328208?host=hh.ru,['Военнослужащий'],65000.0,80000.0,RUR,False
1128,112622792,Бизнес-аналитик (junior),https://api.hh.ru/vacancies/112622792?host=hh.ru,['Бизнес-аналитик'],,,,
1129,114010532,Chief Commercial Officer [Коммерческий директор],https://api.hh.ru/vacancies/114010532?host=hh.ru,['Коммерческий директор (CCO)'],,,,
1130,114408711,SMM-менеджер,https://api.hh.ru/vacancies/114408711?host=hh.ru,"['SMM-менеджер, контент-менеджер']",,,,
1131,111898525,Data Analyst,https://api.hh.ru/vacancies/111898525?host=hh.ru,"['BI-аналитик, аналитик данных']",150000.0,300000.0,RUR,True
1132,114303130,Корпоративный бизнес-тренер,https://api.hh.ru/vacancies/114303130?host=hh.ru,['Бизнес-тренер'],,,,
1133,112742597,Менеджер по работе с агентами,https://api.hh.ru/vacancies/112742597?host=hh.ru,"['Менеджер по продажам, менеджер по работе с клиентами']",100000.0,,RUR,True
1134,113712336,Менеджер по интернет-маркетингу,https://api.hh.ru/vacancies/113712336?host=hh.ru,"['Менеджер по маркетингу, интернет-маркетолог']",,,,
1135,114301175,Аналитик в проектную команду,https://api.hh.ru/vacancies/114301175?host=hh.ru,['Другое'],,140000.0,RUR,True
1136,114285038,Специалист поддержки в Яндекс Практикум,https://api.hh.ru/vacancies/114285038?host=hh.ru,['Специалист технической поддержки'],50000.0,50000.0,RUR,False
1137,112846136,QA engineer,https://api.hh.ru/vacancies/112846136?host=hh.ru,['Тестировщик'],,,,
1138,113889355,Менеджер маркетплейсов,https://api.hh.ru/vacancies/113889355?host=hh.ru,"['Менеджер по продажам, менеджер по работе с клиентами']",40000.0,,RUR,False
1139,114301050,C#/.NET-разработчик,https://api.hh.ru/vacancies/114301050?host=hh.ru,"['Программист, разработчик']",,,,
1140,114301645,SMM - менеджер / Контент менеджер,https://api.hh.ru/vacancies/114301645?host=hh.ru,"['SMM-менеджер, контент-менеджер']",40000.0,,RUR,False
1141,109454210,Системный аналитик ИТ-систем платёжного контура,https://api.hh.ru/vacancies/109454210?host=hh.ru,['Системный аналитик'],,,,
1142,109886655,"Junior Game Analyst (casual games, удаленно)",https://api.hh.ru/vacancies/109886655?host=hh.ru,['Аналитик'],,,,
1143,112873832,Junior Media buyer,https://api.hh.ru/vacancies/112873832?host=hh.ru,"['Менеджер по маркетингу, интернет-маркетолог']",,,,
1144,113159941,Младший Python-разработчик (FastAPI),https://api.hh.ru/vacancies/113159941?host=hh.ru,"['Программист, разработчик']",,100000.0,RUR,False
1145,114251185,"Менеджер по продажам, работа с торговыми сетями, гибридный график",https://api.hh.ru/vacancies/114251185?host=hh.ru,"['Менеджер по продажам, менеджер по работе с клиентами']",200000.0,,RUR,False
1146,114171572,Middle JavaScript Developer,https://api.hh.ru/vacancies/114171572?host=hh.ru,"['Программист, разработчик']",,,,
1147,112478635,QA Engineer,https://api.hh.ru/vacancies/112478635?host=hh.ru,['Тестировщик'],,,,
1148,113914761,Менеджер маркетплейсов,https://api.hh.ru/vacancies/113914761?host=hh.ru,"['Менеджер по маркетингу, интернет-маркетолог']",40000.0,60000.0,RUR,False
1149,114016900,Менеджер контроля качества CRM Bitrix24,https://api.hh.ru/vacancies/114016900?host=hh.ru,"['Оператор ПК, оператор базы данных']",40000.0,40000.0,RUR,False
1150,111958579,Менеджер OZON(совмещение),https://api.hh.ru/vacancies/111958579?host=hh.ru,"['Менеджер по маркетингу, интернет-маркетолог']",50000.0,70000.0,RUR,False
1151,113858586,Frontend-разработчик (Junior)++,https://api.hh.ru/vacancies/113858586?host=hh.ru,"['Программист, разработчик']",,,,
1152,114108478,Младший менеджер маркетплейсов Wildberries/Ozon,https://api.hh.ru/vacancies/114108478?host=hh.ru,"['Менеджер по маркетингу, интернет-маркетолог']",30000.0,,RUR,True
1153,112063956,Маркетолог,https://api.hh.ru/vacancies/112063956?host=hh.ru,"['Менеджер по маркетингу, интернет-маркетолог']",,300000.0,RUR,False
1154,114184497,Бизнес/системный аналитик,https://api.hh.ru/vacancies/114184497?host=hh.ru,['Бизнес-аналитик'],,,,
1155,111798823,Директор по управлению бизнес-процессами,https://api.hh.ru/vacancies/111798823?host=hh.ru,['Операционный директор (COO)'],,300000.0,RUR,True
1156,112262856,Инженер по тестированию ПО,https://api.hh.ru/vacancies/112262856?host=hh.ru,['Тестировщик'],,,,
1157,112967541,Директолог,https://api.hh.ru/vacancies/112967541?host=hh.ru,"['Менеджер по маркетингу, интернет-маркетолог']",120000.0,150000.0,RUR,False
1158,113909990,Менеджер маркетплейсов,https://api.hh.ru/vacancies/113909990?host=hh.ru,"['Менеджер по маркетингу, интернет-маркетолог']",,,,
1159,113727988,Ведущий HR менеджер / HRG,https://api.hh.ru/vacancies/113727988?host=hh.ru,['Специалист по подбору персонала'],,,,
1160,114048326,Middle Python Developer,https://api.hh.ru/vacancies/114048326?host=hh.ru,"['Программист, разработчик']",,,,
1161,114290873,Head of SMM,https://api.hh.ru/vacancies/114290873?host=hh.ru,['Руководитель отдела маркетинга и рекламы'],,200000.0,RUR,False
1162,111736727,Менеджер по работе с маркетплейсами,https://api.hh.ru/vacancies/111736727?host=hh.ru,"['Менеджер по маркетингу, интернет-маркетолог']",250000.0,,RUR,False
1163,114315611,Performance marketing manager,https://api.hh.ru/vacancies/114315611?host=hh.ru,"['Менеджер по маркетингу, интернет-маркетолог']",,,,
1164,113859030,Химик-аналитик,https://api.hh.ru/vacancies/113859030?host=hh.ru,"['Научный специалист, исследователь']",120000.0,,RUR,False
1165,114034750,HR BP / Ведущий менеджер по персоналу (IT),https://api.hh.ru/vacancies/114034750?host=hh.ru,['Менеджер по персоналу'],,,,
1166,112770750,Системный аналитик (Планшеты),https://api.hh.ru/vacancies/112770750?host=hh.ru,['Системный аналитик'],,,,
1167,113876567,Руководитель службы обеспечения региональных офисов РФ и Беларуси,https://api.hh.ru/vacancies/113876567?host=hh.ru,['Менеджер/руководитель АХО'],,,,
1168,105749972,Digital Project Manager,https://api.hh.ru/vacancies/105749972?host=hh.ru,['Руководитель проектов'],,,,
1169,112612891,Системный аналитик,https://api.hh.ru/vacancies/112612891?host=hh.ru,['Системный аналитик'],,230000.0,RUR,True
1170,113879879,Инженер-конструктор / технический дизайнер,https://api.hh.ru/vacancies/113879879?host=hh.ru,"['Инженер-конструктор, инженер-проектировщик']",200000.0,,RUR,False
1171,114295323,Lead of CRM & Loyalty Marketing,https://api.hh.ru/vacancies/114295323?host=hh.ru,"['Менеджер по маркетингу, интернет-маркетолог']",,,,
1172,112164673,Junior Process Analyst,https://api.hh.ru/vacancies/112164673?host=hh.ru,['Бизнес-аналитик'],100000.0,140000.0,RUR,True
1173,113733120,Performance marketing lead,https://api.hh.ru/vacancies/113733120?host=hh.ru,"['Менеджер по маркетингу, интернет-маркетолог']",,,,
1174,114171735,Старший аналитик,https://api.hh.ru/vacancies/114171735?host=hh.ru,"['BI-аналитик, аналитик данных']",,,,
1175,113302698,SMM - менеджер,https://api.hh.ru/vacancies/113302698?host=hh.ru,"['SMM-менеджер, контент-менеджер']",70000.0,,RUR,True
1176,114179582,Начальник отдела закупок,https://api.hh.ru/vacancies/114179582?host=hh.ru,['Менеджер по закупкам'],,,,
1177,110388523,Аналитик данных в команду World,https://api.hh.ru/vacancies/110388523?host=hh.ru,['Аналитик'],,,,
1178,113264391,Медиабаер Google Yutub Бинарные опционы,https://api.hh.ru/vacancies/113264391?host=hh.ru,['Другое'],220000.0,850000.0,RUR,False
1179,113745810,Менеджер по работе с внутренней рекламой на WildBerries,https://api.hh.ru/vacancies/113745810?host=hh.ru,"['Менеджер по маркетингу, интернет-маркетолог']",80000.0,,RUR,False
1180,113836610,Бизнес-аналитик (Junior),https://api.hh.ru/vacancies/113836610?host=hh.ru,['Бизнес-аналитик'],90000.0,130000.0,RUR,False
1181,114233158,Смм менеджер / контент менеджер,https://api.hh.ru/vacancies/114233158?host=hh.ru,['Администратор'],15000.0,20000.0,RUR,False
1182,113703741,SMM-менеджер,https://api.hh.ru/vacancies/113703741?host=hh.ru,"['SMM-менеджер, контент-менеджер']",80000.0,100000.0,RUR,True
1183,113847558,Digital Content Specialist,https://api.hh.ru/vacancies/113847558?host=hh.ru,"['SMM-менеджер, контент-менеджер']",,,,
1184,112614458,Младший системный аналитик,https://api.hh.ru/vacancies/112614458?host=hh.ru,['Аналитик'],80000.0,,RUR,True
1185,113741177,Помощник маркетолога,https://api.hh.ru/vacancies/113741177?host=hh.ru,"['Менеджер по маркетингу, интернет-маркетолог']",,,,
1186,113769364,Руководитель отдела трафика,https://api.hh.ru/vacancies/113769364?host=hh.ru,['Руководитель отдела маркетинга и рекламы'],250000.0,,RUR,False
1187,113055393,Специалист по контекстной рекламе / Контекстолог / Директолог (Яндекс.Директ),https://api.hh.ru/vacancies/113055393?host=hh.ru,"['Менеджер по маркетингу, интернет-маркетолог']",70000.0,100000.0,RUR,False
1188,113019101,Digital-маркетолог,https://api.hh.ru/vacancies/113019101?host=hh.ru,"['Менеджер по маркетингу, интернет-маркетолог']",,,,
1189,112858068,Директор по маркетингу,https://api.hh.ru/vacancies/112858068?host=hh.ru,"['Менеджер по маркетингу, интернет-маркетолог']",180000.0,,RUR,False
1190,113875115,Коммерческий копирайтер для бельевого бизнеса,https://api.hh.ru/vacancies/113875115?host=hh.ru,"['Копирайтер, редактор, корректор']",60000.0,,RUR,False
1191,113709807,Менеджер по закупкам (БЕЗ тендеров),https://api.hh.ru/vacancies/113709807?host=hh.ru,['Менеджер по работе с партнерами'],110000.0,195000.0,RUR,False
1192,114177157,Аналитик BI,https://api.hh.ru/vacancies/114177157?host=hh.ru,"['BI-аналитик, аналитик данных']",,,,
1193,113020293,Аккаунт-менеджер/Менеджер по работе с партнерами,https://api.hh.ru/vacancies/113020293?host=hh.ru,['Другое'],120000.0,170000.0,RUR,False
1194,114070970,Интернет-маркетолог (Junior),https://api.hh.ru/vacancies/114070970?host=hh.ru,"['Менеджер по маркетингу, интернет-маркетолог']",50000.0,70000.0,RUR,False
1195,114200132,Руководитель отдела маркетинга,https://api.hh.ru/vacancies/114200132?host=hh.ru,['Руководитель отдела маркетинга и рекламы'],150000.0,150000.0,RUR,False
1196,114293226,Ведущий маркетолог,https://api.hh.ru/vacancies/114293226?host=hh.ru,"['Менеджер по маркетингу, интернет-маркетолог']",140000.0,200000.0,RUR,False
1197,114315161,Head of SEO,https://api.hh.ru/vacancies/114315161?host=hh.ru,['Руководитель отдела маркетинга и рекламы'],200000.0,,RUR,False
1198,112858245,Junior Интернет-маркетолог,https://api.hh.ru/vacancies/112858245?host=hh.ru,"['Менеджер по маркетингу, интернет-маркетолог']",50000.0,,RUR,False
1199,114289771,Аналитик отдела продаж (алкогольная компания),https://api.hh.ru/vacancies/114289771?host=hh.ru,['Аналитик'],138000.0,173000.0,RUR,True
1200,113868761,Менеджер по работе с маркетплейсами (Wildberries),https://api.hh.ru/vacancies/113868761?host=hh.ru,"['Менеджер по маркетингу, интернет-маркетолог']",80000.0,150000.0,RUR,False
1201,112305961,Golang Developer (Москва),https://api.hh.ru/vacancies/112305961?host=hh.ru,"['Программист, разработчик']",90000.0,136100.0,RUR,False
1202,114038811,Финансовый директор/CFO/Финансовый менеджер,https://api.hh.ru/vacancies/114038811?host=hh.ru,['Финансовый директор (CFO)'],270000.0,,RUR,False
1203,114041501,Junior Pricing Analyst,https://api.hh.ru/vacancies/114041501?host=hh.ru,"['BI-аналитик, аналитик данных']",,,,
1204,114189615,SEO-специалист,https://api.hh.ru/vacancies/114189615?host=hh.ru,"['Менеджер по маркетингу, интернет-маркетолог']",150000.0,200000.0,RUR,True
1205,113722263,Продуктовый дизайнер (B2B),https://api.hh.ru/vacancies/113722263?host=hh.ru,"['Дизайнер, художник']",,,,
1206,112417675,Бизнес ассистент,https://api.hh.ru/vacancies/112417675?host=hh.ru,"['Секретарь, помощник руководителя, ассистент']",100000.0,,RUR,False
1207,112431882,Бухгалтер-оператор Excel,https://api.hh.ru/vacancies/112431882?host=hh.ru,['Бухгалтер'],90000.0,,RUR,False
1208,114176735,Руководитель проекта (Маркетолог),https://api.hh.ru/vacancies/114176735?host=hh.ru,"['Менеджер по маркетингу, интернет-маркетолог']",100000.0,300000.0,RUR,False
1209,114533624,Руководитель отдела маркетинга,https://api.hh.ru/vacancies/114533624?host=hh.ru,['Руководитель отдела маркетинга и рекламы'],60000.0,120000.0,RUR,False
1210,113153351,Дизайнер - Графический дизайнер,https://api.hh.ru/vacancies/113153351?host=hh.ru,"['Дизайнер, художник']",120000.0,200000.0,RUR,False
1211,113705251,Контент-менеджер/SMM-менеджер,https://api.hh.ru/vacancies/113705251?host=hh.ru,"['SMM-менеджер, контент-менеджер']",100000.0,,RUR,False
1212,111872841,Тестировщик информационных систем,https://api.hh.ru/vacancies/111872841?host=hh.ru,['Тестировщик'],,,,
1213,114185660,Менеджер по маркетингу и рекламе,https://api.hh.ru/vacancies/114185660?host=hh.ru,"['Менеджер по маркетингу, интернет-маркетолог']",100000.0,,RUR,False
1214,112958653,Ассистент менеджера маркетплейсов ВБ (Москва),https://api.hh.ru/vacancies/112958653?host=hh.ru,"['Менеджер по продажам, менеджер по работе с клиентами']",100000.0,,RUR,False
1215,113855364,Senior Project manager,https://api.hh.ru/vacancies/113855364?host=hh.ru,['Руководитель проектов'],,,,
1216,114069907,Руководитель разработки сайта,https://api.hh.ru/vacancies/114069907?host=hh.ru,['Руководитель группы разработки'],,,,
1217,111978560,Аналитик видеонаблюдения,https://api.hh.ru/vacancies/111978560?host=hh.ru,['Другое'],40000.0,56000.0,RUR,False
1218,113743403,Руководитель отдела медиа,https://api.hh.ru/vacancies/113743403?host=hh.ru,['Руководитель отдела маркетинга и рекламы'],,,,
1219,113713661,Руководитель департамента по компенсациям и льготам,https://api.hh.ru/vacancies/113713661?host=hh.ru,['Менеджер по компенсациям и льготам'],,,,
1220,114062141,Директор департамента маркетинга (операционный и стратегический маркетинг),https://api.hh.ru/vacancies/114062141?host=hh.ru,['Руководитель отдела маркетинга и рекламы'],200000.0,350000.0,RUR,False
1221,112551233,Разработчик C#,https://api.hh.ru/vacancies/112551233?host=hh.ru,"['Программист, разработчик']",,,,
1222,113862687,Руководитель отдела подбора персонала,https://api.hh.ru/vacancies/113862687?host=hh.ru,['Руководитель отдела персонала'],,250000.0,RUR,True
1223,114233897,Помощник менеджера маркетплейсов,https://api.hh.ru/vacancies/114233897?host=hh.ru,"['Менеджер по маркетингу, интернет-маркетолог']",30000.0,,RUR,False
1224,113648352,Backend .NET Developer,https://api.hh.ru/vacancies/113648352?host=hh.ru,"['Программист, разработчик']",,,,
1225,113857047,Маркетолог в EdTech (проектно),https://api.hh.ru/vacancies/113857047?host=hh.ru,"['Менеджер по маркетингу, интернет-маркетолог']",200000.0,,RUR,False
1226,106858767,UX/UI Дизайнер (Gamedev),https://api.hh.ru/vacancies/106858767?host=hh.ru,"['Дизайнер, художник']",,,,
1227,112298770,Стажер/аналитик направления Applied Intelligence,https://api.hh.ru/vacancies/112298770?host=hh.ru,['Аналитик'],,,,
1228,114184122,Бизнес-ассистент,https://api.hh.ru/vacancies/114184122?host=hh.ru,"['Секретарь, помощник руководителя, ассистент']",100000.0,150000.0,RUR,False
1229,111428010,ИТ-Медик,https://api.hh.ru/vacancies/111428010?host=hh.ru,['Другое'],,,,
1230,114200724,Системный аналитик,https://api.hh.ru/vacancies/114200724?host=hh.ru,['Системный аналитик'],,,,
1231,114293215,Influence-менеджер (менеджер по работе с блогерами) в бренд AMOV,https://api.hh.ru/vacancies/114293215?host=hh.ru,"['Менеджер по маркетингу, интернет-маркетолог']",80000.0,,RUR,False
1232,112070196,Рекрутер,https://api.hh.ru/vacancies/112070196?host=hh.ru,['Специалист по подбору персонала'],,,,
1233,112686787,HRD / HRBP / Руководитель HR-отдела,https://api.hh.ru/vacancies/112686787?host=hh.ru,['Директор по персоналу (HRD)'],400000.0,600000.0,RUR,False
1234,113713868,Менеджер интернет-проекта,https://api.hh.ru/vacancies/113713868?host=hh.ru,"['Менеджер по маркетингу, интернет-маркетолог']",,,,
1235,114298399,Руководитель товарного учета ( Старший товаровед),https://api.hh.ru/vacancies/114298399?host=hh.ru,['Товаровед'],150000.0,150000.0,RUR,False
1236,114515421,Администратор салона красоты,https://api.hh.ru/vacancies/114515421?host=hh.ru,['Администратор'],80000.0,120000.0,RUR,False
1237,111154667,Бизнес-ассистент,https://api.hh.ru/vacancies/111154667?host=hh.ru,"['Секретарь, помощник руководителя, ассистент']",,,,
1238,113777793,Project manager (гибрид Москва),https://api.hh.ru/vacancies/113777793?host=hh.ru,['Руководитель проектов'],,,,
1239,113697747,Системный аналитик,https://api.hh.ru/vacancies/113697747?host=hh.ru,['Системный аналитик'],160000.0,,RUR,False
1240,114304365,Менеджер по продажам B2B IT,https://api.hh.ru/vacancies/114304365?host=hh.ru,"['Менеджер по продажам, менеджер по работе с клиентами']",80000.0,220000.0,RUR,False
1241,114300658,Руководитель отдела маркетинга,https://api.hh.ru/vacancies/114300658?host=hh.ru,['Руководитель отдела маркетинга и рекламы'],250000.0,350000.0,RUR,True
1242,111874295,Вебмастер / Front-end,https://api.hh.ru/vacancies/111874295?host=hh.ru,"['Программист, разработчик']",60000.0,,RUR,False
1243,113878354,Менеджер по арендаторам,https://api.hh.ru/vacancies/113878354?host=hh.ru,"['Менеджер по продажам, менеджер по работе с клиентами']",,,,
1244,114176086,Контент-менеджер/SMM-менеджер,https://api.hh.ru/vacancies/114176086?host=hh.ru,"['SMM-менеджер, контент-менеджер']",50000.0,,RUR,True
1245,114179757,Продуктовый маркетолог,https://api.hh.ru/vacancies/114179757?host=hh.ru,"['Менеджер по маркетингу, интернет-маркетолог']",,,,
1246,112415442,Управляющий объектом,https://api.hh.ru/vacancies/112415442?host=hh.ru,['Менеджер/руководитель АХО'],,,,
1247,113157236,Python-разработчик,https://api.hh.ru/vacancies/113157236?host=hh.ru,"['Программист, разработчик']",100000.0,150000.0,RUR,False
1248,113691015,Бизнес-аналитик,https://api.hh.ru/vacancies/113691015?host=hh.ru,['Бизнес-аналитик'],200000.0,,RUR,False
1249,110590531,Системный аналитик,https://api.hh.ru/vacancies/110590531?host=hh.ru,['Системный аналитик'],,,,
1250,113268983,Администратор Телеграм-канала и чат-бота,https://api.hh.ru/vacancies/113268983?host=hh.ru,['Администратор'],,,,
1251,114175546,Продуктовый маркетолог,https://api.hh.ru/vacancies/114175546?host=hh.ru,"['Менеджер по маркетингу, интернет-маркетолог']",,,,
1252,114515132,Старший дизайнер / Team Lead отдела дизайна,https://api.hh.ru/vacancies/114515132?host=hh.ru,"['Дизайнер, художник']",,,,
1253,112313927,Бизнес - эксперт в совет директоров,https://api.hh.ru/vacancies/112313927?host=hh.ru,"['Генеральный директор, исполнительный директор (CEO)']",,,,
1254,112368820,Аккаунт - менеджер в IT,https://api.hh.ru/vacancies/112368820?host=hh.ru,"['Менеджер по продажам, менеджер по работе с клиентами']",100000.0,,RUR,False
1255,109206938,Бизнес-аналитик,https://api.hh.ru/vacancies/109206938?host=hh.ru,['Аналитик'],,,,
1256,110244178,Администратор по работе в системе ЕМИАС,https://api.hh.ru/vacancies/110244178?host=hh.ru,['Администратор'],80000.0,,RUR,True
1257,113136923,Стажер в департамент аналитики и исследований,https://api.hh.ru/vacancies/113136923?host=hh.ru,['Аналитик'],,,,
1258,113139347,Системный аналитик,https://api.hh.ru/vacancies/113139347?host=hh.ru,['Системный аналитик'],,,,
1259,111978815,Логист (перевозки автомобилей),https://api.hh.ru/vacancies/111978815?host=hh.ru,"['Менеджер по логистике, менеджер по ВЭД']",,,,
1260,112074901,QA Инженер (Middle/Senior),https://api.hh.ru/vacancies/112074901?host=hh.ru,['Тестировщик'],215500.0,324000.0,RUR,False
1261,114038787,Менеджер по работе с маркетплейсами,https://api.hh.ru/vacancies/114038787?host=hh.ru,"['Менеджер по маркетингу, интернет-маркетолог']",150000.0,,RUR,False
1262,112073280,Специалист по тестированию ПО,https://api.hh.ru/vacancies/112073280?host=hh.ru,['Тестировщик'],60000.0,,RUR,False
1263,114162464,Помощник калькулятора-аналитика,https://api.hh.ru/vacancies/114162464?host=hh.ru,['Другое'],,,,
1264,114174700,Контекстолог,https://api.hh.ru/vacancies/114174700?host=hh.ru,"['Менеджер по маркетингу, интернет-маркетолог']",70000.0,,RUR,False
1265,110872832,Системный аналитик,https://api.hh.ru/vacancies/110872832?host=hh.ru,['Системный аналитик'],,,,
1266,111757941,Стажер в команду тестирования / QA Intern,https://api.hh.ru/vacancies/111757941?host=hh.ru,['Тестировщик'],50000.0,,RUR,True
1267,114251111,Дизайнер мобильного приложения (UI/UX),https://api.hh.ru/vacancies/114251111?host=hh.ru,"['Дизайнер, художник']",100000.0,250000.0,RUR,True
1268,113848475,Бизнес-аналитик,https://api.hh.ru/vacancies/113848475?host=hh.ru,['Бизнес-аналитик'],70000.0,,RUR,False
1269,113862791,UX/UI-дизайнер,https://api.hh.ru/vacancies/113862791?host=hh.ru,"['Дизайнер, художник']",,,,
1270,114183020,Помощник менеджера в IT,https://api.hh.ru/vacancies/114183020?host=hh.ru,['Менеджер продукта'],50000.0,,RUR,False
1271,114183555,Системный аналитик,https://api.hh.ru/vacancies/114183555?host=hh.ru,['Системный аналитик'],,,,
1272,112538367,Digital-маркетолог,https://api.hh.ru/vacancies/112538367?host=hh.ru,"['Менеджер по маркетингу, интернет-маркетолог']",120000.0,,RUR,True
1273,112449144,Менеджер по работе маркетплейсами (WB),https://api.hh.ru/vacancies/112449144?host=hh.ru,"['Менеджер по маркетингу, интернет-маркетолог']",,175000.0,RUR,False
1274,112792183,Ассистент отдела медиапланирования (digital),https://api.hh.ru/vacancies/112792183?host=hh.ru,"['Менеджер по маркетингу, интернет-маркетолог']",,,,
1275,113487438,Руководитель направления подбора и адаптации,https://api.hh.ru/vacancies/113487438?host=hh.ru,['Руководитель отдела персонала'],5000.0,,USD,False
1276,112710731,SMM-менеджер,https://api.hh.ru/vacancies/112710731?host=hh.ru,"['SMM-менеджер, контент-менеджер']",,100000.0,RUR,False
1277,113702203,Финансовый Аналитик,https://api.hh.ru/vacancies/113702203?host=hh.ru,"['Финансовый аналитик, инвестиционный аналитик']",,,,
1278,113876616,QA Manual Lead,https://api.hh.ru/vacancies/113876616?host=hh.ru,['Тестировщик'],,,,
1279,113848615,Руководитель Департамента Финансового планирования и анализа,https://api.hh.ru/vacancies/113848615?host=hh.ru,['Финансовый менеджер'],,,,
1280,112343171,Системный аналитик (Финтех) / System Analyst,https://api.hh.ru/vacancies/112343171?host=hh.ru,['Системный аналитик'],,400000.0,RUR,False
1281,113018092,Менеджер по работе с маркетплейсами,https://api.hh.ru/vacancies/113018092?host=hh.ru,"['Менеджер по маркетингу, интернет-маркетолог']",,,,
1282,114201635,Менеджер по персоналу (HR процесса Performance Review),https://api.hh.ru/vacancies/114201635?host=hh.ru,['Директор по персоналу (HRD)'],,,,
1283,112355107,Программист-разработчик (Junior),https://api.hh.ru/vacancies/112355107?host=hh.ru,"['Программист, разработчик']",30000.0,,RUR,False
1284,113855366,Media Buyer,https://api.hh.ru/vacancies/113855366?host=hh.ru,"['Менеджер по маркетингу, интернет-маркетолог']",80000.0,,RUR,False
1285,114307812,Senior IT Recruiter,https://api.hh.ru/vacancies/114307812?host=hh.ru,['Специалист по подбору персонала'],,,,
1286,113702969,Аналитик данных,https://api.hh.ru/vacancies/113702969?host=hh.ru,"['BI-аналитик, аналитик данных']",,,,
1287,113868032,Manual QA engineer (middle),https://api.hh.ru/vacancies/113868032?host=hh.ru,['Тестировщик'],,,,
1288,114178017,Руководитель группы продаж,https://api.hh.ru/vacancies/114178017?host=hh.ru,['Руководитель отдела продаж'],,,,
1289,112992947,Администратор,https://api.hh.ru/vacancies/112992947?host=hh.ru,['Администратор'],85000.0,85000.0,RUR,True
1290,113879666,SMM-lead,https://api.hh.ru/vacancies/113879666?host=hh.ru,"['SMM-менеджер, контент-менеджер']",,,,
1291,114433488,"Старший аналитик по прогнозированию спроса , планированию продаж и запасов",https://api.hh.ru/vacancies/114433488?host=hh.ru,['Аналитик'],,,,
1292,108800691,Стажер Арт-директор / Intern Art Director,https://api.hh.ru/vacancies/108800691?host=hh.ru,"['Арт-директор, креативный директор']",,,,
1293,111886937,Product owner (Менеджер продукта),https://api.hh.ru/vacancies/111886937?host=hh.ru,['Менеджер продукта'],,,,
1294,114120963,Супервайзер в колл центр,https://api.hh.ru/vacancies/114120963?host=hh.ru,['Другое'],70000.0,,RUR,False
1295,113723696,Системный аналитик,https://api.hh.ru/vacancies/113723696?host=hh.ru,['Системный аналитик'],180000.0,,RUR,False
1296,113879107,Ассистент менеджер по работе с маркетплейсами,https://api.hh.ru/vacancies/113879107?host=hh.ru,"['Менеджер по продажам, менеджер по работе с клиентами']",,,,
1297,112842374,Аналитик стажер,https://api.hh.ru/vacancies/112842374?host=hh.ru,['Аналитик'],,,,
1298,113863282,Java разработчик (Middle),https://api.hh.ru/vacancies/113863282?host=hh.ru,"['Программист, разработчик']",270000.0,330000.0,RUR,False
1299,105220721,Java Core разработчик (middle),https://api.hh.ru/vacancies/105220721?host=hh.ru,"['Программист, разработчик']",,,,
1300,113012142,Аналитик данных,https://api.hh.ru/vacancies/113012142?host=hh.ru,"['BI-аналитик, аналитик данных']",80000.0,,RUR,False
1301,114170861,SEO-специалист,https://api.hh.ru/vacancies/114170861?host=hh.ru,"['Менеджер по маркетингу, интернет-маркетолог']",,,,
1302,112527513,Системный аналитик/System analyst,https://api.hh.ru/vacancies/112527513?host=hh.ru,['Системный аналитик'],,260000.0,RUR,False
1303,112544987,IT-рекрутер,https://api.hh.ru/vacancies/112544987?host=hh.ru,['Специалист по подбору персонала'],,,,
1304,113145557,Middle python-разработчик,https://api.hh.ru/vacancies/113145557?host=hh.ru,"['Программист, разработчик']",,200000.0,RUR,True
1305,114087333,Руководитель отдела продаж,https://api.hh.ru/vacancies/114087333?host=hh.ru,['Руководитель отдела продаж'],120000.0,,RUR,True
1306,114187309,Руководитель отдела закупок,https://api.hh.ru/vacancies/114187309?host=hh.ru,['Менеджер по закупкам'],200000.0,,RUR,False
1307,112350944,SMM-менеджер,https://api.hh.ru/vacancies/112350944?host=hh.ru,"['SMM-менеджер, контент-менеджер']",100000.0,120000.0,RUR,True
1308,113443068,Финансовый директор (CFO),https://api.hh.ru/vacancies/113443068?host=hh.ru,['Финансовый директор (CFO)'],400000.0,,RUR,False
1309,113885004,ML-инженер,https://api.hh.ru/vacancies/113885004?host=hh.ru,['Другое'],,,,
1310,114200884,Middle iOS Developer,https://api.hh.ru/vacancies/114200884?host=hh.ru,"['Программист, разработчик']",250000.0,,RUR,False
1311,112884259,Менеджер по работе рекламодателями / CPA-менеджер / Account менеджер в (gambling/betting),https://api.hh.ru/vacancies/112884259?host=hh.ru,['Менеджер по работе с партнерами'],,,,
1312,114523129,BI-аналитик,https://api.hh.ru/vacancies/114523129?host=hh.ru,"['BI-аналитик, аналитик данных']",,,,
1313,113736565,"Аналитик - менеджер маркетплейсов (Лэтуаль, Золотое яблоко)",https://api.hh.ru/vacancies/113736565?host=hh.ru,['Другое'],,,,
1314,113876603,Финансовый аналитик (Middle),https://api.hh.ru/vacancies/113876603?host=hh.ru,"['Финансовый аналитик, инвестиционный аналитик']",,,,
1315,114301314,Бизнес-аналитик по процессам,https://api.hh.ru/vacancies/114301314?host=hh.ru,['Бизнес-аналитик'],240000.0,320000.0,RUR,False
1316,113371461,Менеджер OZON,https://api.hh.ru/vacancies/113371461?host=hh.ru,"['Менеджер по продажам, менеджер по работе с клиентами']",80000.0,,RUR,True
1317,114271794,"Коммерческий представитель, г. Москва",https://api.hh.ru/vacancies/114271794?host=hh.ru,"['Менеджер по продажам, менеджер по работе с клиентами']",,,,
1318,114018474,Менеджер маркетплейс Wildberries (удаленно),https://api.hh.ru/vacancies/114018474?host=hh.ru,"['Менеджер по маркетингу, интернет-маркетолог']",80000.0,,RUR,False
1319,113870333,Менеджер по работе с контекстной рекламой,https://api.hh.ru/vacancies/113870333?host=hh.ru,"['Менеджер по маркетингу, интернет-маркетолог']",,,,
1320,114185242,Тендерный специалист,https://api.hh.ru/vacancies/114185242?host=hh.ru,['Специалист по тендерам'],,120000.0,RUR,False
1321,112603103,Менеджер по работе с ключевыми клиентами / КАМ,https://api.hh.ru/vacancies/112603103?host=hh.ru,"['Менеджер по продажам, менеджер по работе с клиентами']",200000.0,260000.0,RUR,False
1322,114315653,Инвестиционный аналитик,https://api.hh.ru/vacancies/114315653?host=hh.ru,"['Финансовый аналитик, инвестиционный аналитик']",70000.0,80000.0,RUR,False
1323,113711073,Директолог/Специалист по контекстной рекламе в Яндекс.Директ / Контекстолог,https://api.hh.ru/vacancies/113711073?host=hh.ru,"['Менеджер по маркетингу, интернет-маркетолог']",80000.0,120000.0,RUR,False
1324,113718097,Data engineer (Стажер),https://api.hh.ru/vacancies/113718097?host=hh.ru,"['BI-аналитик, аналитик данных']",,,,
1325,110871104,Координатор отдела / специалист по анализу данных (Junior),https://api.hh.ru/vacancies/110871104?host=hh.ru,"['Секретарь, помощник руководителя, ассистент']",,,,
1326,112178966,Тестировщик,https://api.hh.ru/vacancies/112178966?host=hh.ru,['Тестировщик'],,200000.0,RUR,False
1327,112691455,Помощник менеджера маркетплейса ВБ,https://api.hh.ru/vacancies/112691455?host=hh.ru,"['Менеджер по продажам, менеджер по работе с клиентами']",80000.0,,RUR,False
1328,113728500,Менеджер по работе с ключевыми клиентами,https://api.hh.ru/vacancies/113728500?host=hh.ru,"['Менеджер по продажам, менеджер по работе с клиентами']",,,,
1329,114201234,Аналитик отдела разработки,https://api.hh.ru/vacancies/114201234?host=hh.ru,['Аналитик'],90000.0,160000.0,RUR,False
1330,109935369,Ведущий системный аналитик (Senior),https://api.hh.ru/vacancies/109935369?host=hh.ru,['Системный аналитик'],,,,
1331,113791585,Ассистент,https://api.hh.ru/vacancies/113791585?host=hh.ru,['Ассистент врача'],23000.0,150000.0,RUR,False
1332,114174427,Unity/С# разработчик (мобильные казуальные игры),https://api.hh.ru/vacancies/114174427?host=hh.ru,"['Программист, разработчик']",,,,
1333,113139833,Оператор ПК,https://api.hh.ru/vacancies/113139833?host=hh.ru,"['Оператор ПК, оператор базы данных']",50000.0,,RUR,False
1334,113717763,QA engineer/специалист по тестированию,https://api.hh.ru/vacancies/113717763?host=hh.ru,['Тестировщик'],,,,
1335,114344685,Аналитик данных в команду Недвижимости (маркетинг),https://api.hh.ru/vacancies/114344685?host=hh.ru,"['BI-аналитик, аналитик данных']",,,,
1336,112167530,Руководитель отдела маркетинга (IT B2B),https://api.hh.ru/vacancies/112167530?host=hh.ru,['Руководитель группы разработки'],,,,
1337,112307162,Коммерческий директор (CCO),https://api.hh.ru/vacancies/112307162?host=hh.ru,['Коммерческий директор (CCO)'],10000.0,,USD,False
1338,114044788,Аналитик данных,https://api.hh.ru/vacancies/114044788?host=hh.ru,"['BI-аналитик, аналитик данных']",200000.0,,RUR,False
1339,113267675,QA manual / QA engineer,https://api.hh.ru/vacancies/113267675?host=hh.ru,['Тестировщик'],120000.0,160000.0,RUR,True
1340,114158538,Руководитель отдела контента,https://api.hh.ru/vacancies/114158538?host=hh.ru,['Руководитель отдела маркетинга и рекламы'],130000.0,150000.0,RUR,False
1341,113735309,Ассистент бренд продюсера | Продюсерский центр,https://api.hh.ru/vacancies/113735309?host=hh.ru,['Продюсер'],,80000.0,RUR,False
1342,112717656,Junior Media Buyer,https://api.hh.ru/vacancies/112717656?host=hh.ru,"['Менеджер по маркетингу, интернет-маркетолог']",,,,
1343,113740312,Финансовый бизнес-партнер,https://api.hh.ru/vacancies/113740312?host=hh.ru,['Финансовый контролер'],,,,
1344,114064576,"Smm специалист, reels maker",https://api.hh.ru/vacancies/114064576?host=hh.ru,"['SMM-менеджер, контент-менеджер']",30000.0,35000.0,RUR,False
1345,114294372,Руководитель отдела маркетинга и рекламы,https://api.hh.ru/vacancies/114294372?host=hh.ru,['Руководитель отдела маркетинга и рекламы'],130000.0,250000.0,RUR,False
1346,113293794,Java разработчик,https://api.hh.ru/vacancies/113293794?host=hh.ru,"['Программист, разработчик']",,,,
1347,113715646,SMM-менеджер,https://api.hh.ru/vacancies/113715646?host=hh.ru,"['SMM-менеджер, контент-менеджер']",120000.0,,RUR,False
1348,113856418,Программист 1С,https://api.hh.ru/vacancies/113856418?host=hh.ru,"['Программист, разработчик']",350000.0,450000.0,RUR,False
1349,114192967,Аналитик данных ритейл,https://api.hh.ru/vacancies/114192967?host=hh.ru,"['BI-аналитик, аналитик данных']",300000.0,,RUR,False
1350,114289341,Senior Product manager,https://api.hh.ru/vacancies/114289341?host=hh.ru,['Менеджер продукта'],,,,
1351,114293259,Middle+ UX/UI дизайнер,https://api.hh.ru/vacancies/114293259?host=hh.ru,"['Дизайнер, художник']",150000.0,,RUR,False
1352,112959938,Менеджер по работе с маркетплейсами,https://api.hh.ru/vacancies/112959938?host=hh.ru,"['Менеджер по маркетингу, интернет-маркетолог']",120000.0,,RUR,False
1353,113777567,Аналитик IT,https://api.hh.ru/vacancies/113777567?host=hh.ru,['Системный аналитик'],345000.0,,RUR,True
1354,111258580,Fullstack-аналитик,https://api.hh.ru/vacancies/111258580?host=hh.ru,['Бизнес-аналитик'],,,,
1355,113741472,Управляющий фитнес-клубом,https://api.hh.ru/vacancies/113741472?host=hh.ru,['Другое'],150000.0,,RUR,False
1356,113893099,Таргетолог,https://api.hh.ru/vacancies/113893099?host=hh.ru,"['Менеджер по маркетингу, интернет-маркетолог']",,100000.0,RUR,False
1357,113908767,СММ-менеджер на личный бренд / Маркетолог для создания контента,https://api.hh.ru/vacancies/113908767?host=hh.ru,"['Менеджер по маркетингу, интернет-маркетолог']",,250000.0,RUR,True
1358,114181418,Закупщик/Менеджер по закупкам,https://api.hh.ru/vacancies/114181418?host=hh.ru,['Менеджер по закупкам'],80000.0,,RUR,True
1359,114182901,Директор по стратегии / Strategy Lead,https://api.hh.ru/vacancies/114182901?host=hh.ru,['Директор по маркетингу и PR (CMO)'],,,,
1360,112714515,Менеджер по закупкам и снабжению,https://api.hh.ru/vacancies/112714515?host=hh.ru,['Менеджер по закупкам'],200000.0,500000.0,RUR,False
1361,113147300,Бизнес-аналитик,https://api.hh.ru/vacancies/113147300?host=hh.ru,['Бизнес-аналитик'],300000.0,350000.0,RUR,False
1362,113715122,Финансовый аналитик,https://api.hh.ru/vacancies/113715122?host=hh.ru,"['Финансовый аналитик, инвестиционный аналитик']",250000.0,300000.0,RUR,False
1363,114070085,SMM-специалист,https://api.hh.ru/vacancies/114070085?host=hh.ru,"['SMM-менеджер, контент-менеджер']",70000.0,,RUR,False
1364,114028597,Контекстолог,https://api.hh.ru/vacancies/114028597?host=hh.ru,"['Менеджер по маркетингу, интернет-маркетолог']",120000.0,,RUR,True
1365,112468088,Администратор в медицинскую клинику,https://api.hh.ru/vacancies/112468088?host=hh.ru,['Администратор'],80000.0,,RUR,False
1366,113861734,Дизайнер в отдел маркетинга ИТ компании (вендор BI),https://api.hh.ru/vacancies/113861734?host=hh.ru,"['Дизайнер, художник']",,,,
1367,112440882,Администратор сайта,https://api.hh.ru/vacancies/112440882?host=hh.ru,['Администратор'],,,,
1368,112595065,Бизнес-аналитик (автоматизация визового процесса),https://api.hh.ru/vacancies/112595065?host=hh.ru,['Бизнес-аналитик'],300000.0,350000.0,RUR,False
1369,113140145,Оценщик - аналитик,https://api.hh.ru/vacancies/113140145?host=hh.ru,['Другое'],130000.0,,RUR,True
1370,113108367,Асессор,https://api.hh.ru/vacancies/113108367?host=hh.ru,['Другое'],,,,
1371,114063224,Менеджер маркетплейсов Wildberries OZON,https://api.hh.ru/vacancies/114063224?host=hh.ru,"['Менеджер по маркетингу, интернет-маркетолог']",20000.0,100000.0,RUR,False
1372,112716870,Главный редактор,https://api.hh.ru/vacancies/112716870?host=hh.ru,"['Копирайтер, редактор, корректор']",,,,
1373,111073551,Старший менеджер по работе с Маркетплейсами (e-commerce)/SKAM e-com,https://api.hh.ru/vacancies/111073551?host=hh.ru,"['Менеджер по продажам, менеджер по работе с клиентами']",,,,
1374,112056254,Тестировщик (middle),https://api.hh.ru/vacancies/112056254?host=hh.ru,['Тестировщик'],,,,
1375,113704669,SMM-менеджер,https://api.hh.ru/vacancies/113704669?host=hh.ru,"['SMM-менеджер, контент-менеджер']",70000.0,90000.0,RUR,False
1376,113765745,Менеджер проектов,https://api.hh.ru/vacancies/113765745?host=hh.ru,['Руководитель проектов'],,,,
1377,114178849,Аналитик данных,https://api.hh.ru/vacancies/114178849?host=hh.ru,"['BI-аналитик, аналитик данных']",120000.0,,RUR,True
1378,112626465,Junior Affiliate Manager (стажер),https://api.hh.ru/vacancies/112626465?host=hh.ru,['Менеджер по работе с партнерами'],,,,
1379,113107514,Бизнес-аналитик,https://api.hh.ru/vacancies/113107514?host=hh.ru,['Бизнес-аналитик'],,,,
1380,113127400,Системный аналитик в продуктовую IT-компанию,https://api.hh.ru/vacancies/113127400?host=hh.ru,['Системный аналитик'],150000.0,250000.0,RUR,False
1381,113158056,Fullstack аналитик,https://api.hh.ru/vacancies/113158056?host=hh.ru,['Аналитик'],,3500.0,USD,False
1382,113767775,Политолог-аналитик,https://api.hh.ru/vacancies/113767775?host=hh.ru,['Менеджер/консультант по стратегии'],120000.0,,RUR,False
1383,114020385,Маркетолог,https://api.hh.ru/vacancies/114020385?host=hh.ru,"['Менеджер по маркетингу, интернет-маркетолог']",300000.0,,RUR,False
1384,112062811,Специалист по таргетированной рекламе (+контекст),https://api.hh.ru/vacancies/112062811?host=hh.ru,"['Менеджер по маркетингу, интернет-маркетолог']",,,,
1385,113258586,Стажер (IT и аналитика),https://api.hh.ru/vacancies/113258586?host=hh.ru,"['Оператор ПК, оператор базы данных']",90000.0,,RUR,True
1386,113896714,Директор по закупкам (автозапчасти),https://api.hh.ru/vacancies/113896714?host=hh.ru,['Другое'],,,,
1387,114305021,Директолог / Контекстолог / Специалист по контекстной рекламе,https://api.hh.ru/vacancies/114305021?host=hh.ru,"['Менеджер по маркетингу, интернет-маркетолог']",80000.0,200000.0,RUR,False
1388,111055202,Функциональный аналитик,https://api.hh.ru/vacancies/111055202?host=hh.ru,['Аналитик'],180000.0,,RUR,False
1389,111524245,Junior media planner/Младший менеджер по медиапланированию,https://api.hh.ru/vacancies/111524245?host=hh.ru,"['Менеджер по маркетингу, интернет-маркетолог']",,,,
1390,111608633,Контент-менеджер (маркетплейсы),https://api.hh.ru/vacancies/111608633?host=hh.ru,"['SMM-менеджер, контент-менеджер']",,,,
1391,112716712,Junior QA Engineer / Младший инженер по обеспечению качества (Python),https://api.hh.ru/vacancies/112716712?host=hh.ru,['Тестировщик'],,,,
1392,113915067,Маркетолог,https://api.hh.ru/vacancies/113915067?host=hh.ru,"['Менеджер по маркетингу, интернет-маркетолог']",100000.0,150000.0,RUR,True
1393,112581662,Менеджер по коммуникационному сопровождению,https://api.hh.ru/vacancies/112581662?host=hh.ru,['PR-менеджер'],,,,
1394,113854563,Менеджер по маркетплейсам OZON,https://api.hh.ru/vacancies/113854563?host=hh.ru,"['Менеджер по продажам, менеджер по работе с клиентами']",130000.0,,RUR,False
1395,112501014,Директор по развитию (удаленный формат работы),https://api.hh.ru/vacancies/112501014?host=hh.ru,['Операционный директор (COO)'],,,,
1396,113252164,Project manager IT (удаленно),https://api.hh.ru/vacancies/113252164?host=hh.ru,['Руководитель проектов'],120000.0,180000.0,RUR,False
1397,113852696,Помощник менеджеров на маркетплейсах (Wildberries),https://api.hh.ru/vacancies/113852696?host=hh.ru,"['Менеджер по маркетингу, интернет-маркетолог']",35000.0,45000.0,RUR,False
1398,114304776,Бизнес-аналитик,https://api.hh.ru/vacancies/114304776?host=hh.ru,['Бизнес-аналитик'],60000.0,100000.0,RUR,True
1399,114024500,Бизнес-аналитик,https://api.hh.ru/vacancies/114024500?host=hh.ru,['Бизнес-аналитик'],,,,
1400,114038796,SMM-менеджер,https://api.hh.ru/vacancies/114038796?host=hh.ru,"['SMM-менеджер, контент-менеджер']",50000.0,,RUR,False
1401,100374713,Middle Manual QA,https://api.hh.ru/vacancies/100374713?host=hh.ru,['Тестировщик'],,,,
1402,112131694,Менеджер по маркетплейсам Wildberries / Ozon,https://api.hh.ru/vacancies/112131694?host=hh.ru,"['Менеджер по маркетингу, интернет-маркетолог']",50000.0,80000.0,RUR,False
1403,110429905,Тестировщик (middle),https://api.hh.ru/vacancies/110429905?host=hh.ru,['Тестировщик'],,,,
1404,113732288,Product manager,https://api.hh.ru/vacancies/113732288?host=hh.ru,['Менеджер продукта'],,,,
1405,112573377,Спортивный аналитик (начинающий),https://api.hh.ru/vacancies/112573377?host=hh.ru,"['Артист, актер, аниматор']",45000.0,90000.0,RUR,False
1406,112755086,HR - менеджер,https://api.hh.ru/vacancies/112755086?host=hh.ru,['Менеджер по персоналу'],,90000.0,RUR,True
1407,113755350,Бизнес-аналитик,https://api.hh.ru/vacancies/113755350?host=hh.ru,['Бизнес-аналитик'],,,,
1408,113883310,Директолог,https://api.hh.ru/vacancies/113883310?host=hh.ru,"['Менеджер по маркетингу, интернет-маркетолог']",,60000.0,RUR,False
1409,111811266,Python-разработчик,https://api.hh.ru/vacancies/111811266?host=hh.ru,"['Программист, разработчик']",,,,
1410,112134490,Системный аналитик,https://api.hh.ru/vacancies/112134490?host=hh.ru,['Системный аналитик'],65000.0,120000.0,RUR,True
1411,112743217,Game Designer/Product Manager (junior/middle),https://api.hh.ru/vacancies/112743217?host=hh.ru,['Гейм-дизайнер'],,200000.0,RUR,False
1412,113740277,Системный аналитик,https://api.hh.ru/vacancies/113740277?host=hh.ru,['Системный аналитик'],,,,
1413,113863778,Специалист по тендерам,https://api.hh.ru/vacancies/113863778?host=hh.ru,['Специалист по тендерам'],110000.0,,RUR,False
1414,113909455,Региональный менеджер по работе с ключевыми клиентами,https://api.hh.ru/vacancies/113909455?host=hh.ru,"['Менеджер по продажам, менеджер по работе с клиентами']",,,,
1415,112496451,Старший бизнес-ассистент руководителя,https://api.hh.ru/vacancies/112496451?host=hh.ru,"['Секретарь, помощник руководителя, ассистент']",100000.0,150000.0,RUR,False
1416,113702156,SMM-менеджер,https://api.hh.ru/vacancies/113702156?host=hh.ru,"['SMM-менеджер, контент-менеджер']",70000.0,,RUR,False
1417,113715240,SMM-менеджер (личный бренд),https://api.hh.ru/vacancies/113715240?host=hh.ru,"['SMM-менеджер, контент-менеджер']",,100000.0,RUR,False
1418,113858483,Менеджер по работе с маркетплейсами,https://api.hh.ru/vacancies/113858483?host=hh.ru,['Специалист технической поддержки'],,,,
1419,114200964,IT Project Manager,https://api.hh.ru/vacancies/114200964?host=hh.ru,['Руководитель проектов'],80000.0,120000.0,RUR,False
1420,113742060,Senior React разработчик,https://api.hh.ru/vacancies/113742060?host=hh.ru,"['Программист, разработчик']",,,,
1421,113904610,Продуктовый дизайнер (Mycloud.ru),https://api.hh.ru/vacancies/113904610?host=hh.ru,"['Дизайнер, художник']",,,,
1422,113285714,Менеджер по адаптации и HR-бренду,https://api.hh.ru/vacancies/113285714?host=hh.ru,['Менеджер по персоналу'],80000.0,80000.0,RUR,False
1423,114062344,Data Analyst (IT),https://api.hh.ru/vacancies/114062344?host=hh.ru,['Аналитик'],120000.0,180000.0,RUR,False
1424,108238180,Младший системный аналитик,https://api.hh.ru/vacancies/108238180?host=hh.ru,['Системный аналитик'],,,,
1425,114300516,Руководитель проекта,https://api.hh.ru/vacancies/114300516?host=hh.ru,"['Научный специалист, исследователь']",,,,
1426,112526014,Младший менеджер по медийной рекламе (киберспорт),https://api.hh.ru/vacancies/112526014?host=hh.ru,"['Менеджер по маркетингу, интернет-маркетолог']",,,,
1427,112712486,Младший специалист по кадровому делопроизводству,https://api.hh.ru/vacancies/112712486?host=hh.ru,['Специалист по кадрам'],,70000.0,RUR,False
1428,113326133,Бизнес-ассистент (Family Office),https://api.hh.ru/vacancies/113326133?host=hh.ru,"['Генеральный директор, исполнительный директор (CEO)']",150000.0,200000.0,RUR,False
1429,113924953,Таргетолог (Facebook & Instagram),https://api.hh.ru/vacancies/113924953?host=hh.ru,"['Менеджер по маркетингу, интернет-маркетолог']",500.0,,USD,False
1430,114200147,Менеджер по работе с маркетплейсами,https://api.hh.ru/vacancies/114200147?host=hh.ru,"['Менеджер по продажам, менеджер по работе с клиентами']",,,,
1431,114294653,Директор по интернет-коммерции и работе с маркетплейсами,https://api.hh.ru/vacancies/114294653?host=hh.ru,['Директор по маркетингу и PR (CMO)'],,,,
1432,111528934,Младший аналитик,https://api.hh.ru/vacancies/111528934?host=hh.ru,['Аналитик'],,,,
1433,113002345,Системный аналитик / System analyst,https://api.hh.ru/vacancies/113002345?host=hh.ru,['Системный аналитик'],,400000.0,RUR,True
1434,113032127,Сreative strategist/ Креативный стратег,https://api.hh.ru/vacancies/113032127?host=hh.ru,"['Менеджер по маркетингу, интернет-маркетолог']",100000.0,160000.0,RUR,False
1435,114174625,New Media Manager,https://api.hh.ru/vacancies/114174625?host=hh.ru,"['Менеджер по маркетингу, интернет-маркетолог']",,,,
1436,106342275,Менеджер по работе с маркеплейсами,https://api.hh.ru/vacancies/106342275?host=hh.ru,['Другое'],50000.0,100000.0,RUR,False
1437,112340466,Frontend-разработчик (React),https://api.hh.ru/vacancies/112340466?host=hh.ru,"['Программист, разработчик']",,,,
1438,113743144,Менеджер по работе с маркетплейсами,https://api.hh.ru/vacancies/113743144?host=hh.ru,"['Менеджер по маркетингу, интернет-маркетолог']",92000.0,,RUR,True
1439,97262693,Аналитик геоданных,https://api.hh.ru/vacancies/97262693?host=hh.ru,['Аналитик'],100000.0,,RUR,False
1440,111873039,Руководитель программ в центр развития руководителей,https://api.hh.ru/vacancies/111873039?host=hh.ru,['Бизнес-тренер'],,,,
1441,112180706,Менеджер по продажам спортивных проектов (Матч ТВ),https://api.hh.ru/vacancies/112180706?host=hh.ru,"['Менеджер по продажам, менеджер по работе с клиентами']",,,,
1442,113723126,Продюсер,https://api.hh.ru/vacancies/113723126?host=hh.ru,['Продюсер'],150000.0,150000.0,RUR,False
1443,112307888,Системный аналитик,https://api.hh.ru/vacancies/112307888?host=hh.ru,['Системный аналитик'],,,,
1444,114120785,Ведущий финансовый аналитик/Заместитель финансового директора в ресторанный холдинг,https://api.hh.ru/vacancies/114120785?host=hh.ru,"['Финансовый аналитик, инвестиционный аналитик']",230000.0,260000.0,RUR,True
1445,113336702,Руководитель отдела продаж,https://api.hh.ru/vacancies/113336702?host=hh.ru,['Руководитель отдела продаж'],,300000.0,RUR,False
1446,113291864,Системный аналитик,https://api.hh.ru/vacancies/113291864?host=hh.ru,['Аналитик'],,,,
1447,111263909,Project manager (со знанием английского языка),https://api.hh.ru/vacancies/111263909?host=hh.ru,['Руководитель проектов'],,3000.0,USD,False
1448,112333281,Инженер-математик / Математик-разработчик,https://api.hh.ru/vacancies/112333281?host=hh.ru,"['Научный специалист, исследователь']",,,,
1449,114044522,Интернет-маркетолог,https://api.hh.ru/vacancies/114044522?host=hh.ru,"['Менеджер по маркетингу, интернет-маркетолог']",,100000.0,RUR,False
1450,114073398,Маркетолог,https://api.hh.ru/vacancies/114073398?host=hh.ru,"['Менеджер по маркетингу, интернет-маркетолог']",,,,
1451,114171043,Директор по маркетингу в GIS Mining,https://api.hh.ru/vacancies/114171043?host=hh.ru,['Руководитель отдела маркетинга и рекламы'],250000.0,500000.0,RUR,True
1452,114300787,Маркетолог/Руководитель отдела маркетинга IT/AI,https://api.hh.ru/vacancies/114300787?host=hh.ru,"['Менеджер по маркетингу, интернет-маркетолог']",200000.0,250000.0,RUR,False
1453,113320147,Контент-менеджер,https://api.hh.ru/vacancies/113320147?host=hh.ru,"['SMM-менеджер, контент-менеджер']",100000.0,,RUR,False
1454,113853717,Маркетолог,https://api.hh.ru/vacancies/113853717?host=hh.ru,"['Менеджер по маркетингу, интернет-маркетолог']",120000.0,,RUR,False
1455,113861425,Менеджер по работе с маркетплейсами,https://api.hh.ru/vacancies/113861425?host=hh.ru,"['Менеджер по продажам, менеджер по работе с клиентами']",140000.0,140000.0,RUR,False
1456,114187589,Аналитик направления HR,https://api.hh.ru/vacancies/114187589?host=hh.ru,['Аналитик'],,,,
1457,111751339,Младший менеджер по работе с маркетплейсами,https://api.hh.ru/vacancies/111751339?host=hh.ru,"['Менеджер по маркетингу, интернет-маркетолог']",80000.0,,RUR,False
1458,112905962,Руководитель отдела оптовых продаж,https://api.hh.ru/vacancies/112905962?host=hh.ru,['Руководитель отдела продаж'],250000.0,300000.0,RUR,False
1459,114026217,Специалист управления грузовым автопарком,https://api.hh.ru/vacancies/114026217?host=hh.ru,"['Менеджер по логистике, менеджер по ВЭД']",,,,
1460,111894643,Java/Kotlin-разработчик,https://api.hh.ru/vacancies/111894643?host=hh.ru,"['Программист, разработчик']",,,,
1461,113880915,QA-тестировщик 1С КА/УТ/ERP/WMS,https://api.hh.ru/vacancies/113880915?host=hh.ru,['Тестировщик'],,,,
1462,114009454,Интернет-маркетолог (со знаниями нейросетей),https://api.hh.ru/vacancies/114009454?host=hh.ru,"['Менеджер по маркетингу, интернет-маркетолог']",100000.0,,RUR,True
1463,113836509,Младший системный аналитик,https://api.hh.ru/vacancies/113836509?host=hh.ru,['Системный аналитик'],90000.0,130000.0,RUR,False
1464,113998831,"Менеджер интернет-магазина, маркетплейсов",https://api.hh.ru/vacancies/113998831?host=hh.ru,"['Менеджер по продажам, менеджер по работе с клиентами']",70000.0,,RUR,False
1465,114058938,Руководитель отдела аналитиков,https://api.hh.ru/vacancies/114058938?host=hh.ru,['Руководитель отдела аналитики'],,,,
1466,113766490,IT Recruiter / Менеджер по подбору ИТ персонала,https://api.hh.ru/vacancies/113766490?host=hh.ru,['Специалист по подбору персонала'],,,,
1467,114231956,Контент-мейкер,https://api.hh.ru/vacancies/114231956?host=hh.ru,"['SMM-менеджер, контент-менеджер']",70000.0,120000.0,RUR,True
1468,113878891,Операционный менеджер / Проектный менеджер,https://api.hh.ru/vacancies/113878891?host=hh.ru,['Руководитель проектов'],100000.0,,RUR,True
1469,113911253,Руководитель отдела продаж,https://api.hh.ru/vacancies/113911253?host=hh.ru,['Руководитель отдела продаж'],200000.0,,RUR,False
1470,114303505,Project manager,https://api.hh.ru/vacancies/114303505?host=hh.ru,['Руководитель проектов'],,,,
1471,113855851,Продуктовый аналитик,https://api.hh.ru/vacancies/113855851?host=hh.ru,['Продуктовый аналитик'],,,,
1472,113122668,SMM-креатор,https://api.hh.ru/vacancies/113122668?host=hh.ru,"['SMM-менеджер, контент-менеджер']",120000.0,,RUR,False
1473,111753587,Менеджер по бартерным блогерам,https://api.hh.ru/vacancies/111753587?host=hh.ru,['PR-менеджер'],35000.0,,RUR,False
1474,111757080,QA Engineer (Q.Requirements),https://api.hh.ru/vacancies/111757080?host=hh.ru,['Тестировщик'],,,,
1475,114180904,Руководитель команды бухгалтеров МСФО для аутсорс компании в Дубаи,https://api.hh.ru/vacancies/114180904?host=hh.ru,['Бухгалтер'],,,,
1476,112794946,HR Business Partner,https://api.hh.ru/vacancies/112794946?host=hh.ru,['Директор по персоналу (HRD)'],,,,
1477,112834478,Аналитик данных,https://api.hh.ru/vacancies/112834478?host=hh.ru,['Аналитик'],70000.0,,RUR,True
1478,113591254,Заместитель руководителя проектного офиса,https://api.hh.ru/vacancies/113591254?host=hh.ru,['Руководитель проектов'],,,,
1479,114047386,UI/UX дизайнер,https://api.hh.ru/vacancies/114047386?host=hh.ru,"['Дизайнер, художник']",,,,
1480,109062783,Product Designer UX\UI WEB,https://api.hh.ru/vacancies/109062783?host=hh.ru,"['Дизайнер, художник']",,,,
1481,111768641,Менеджер Wildberries / Менеджер маркетплейсов,https://api.hh.ru/vacancies/111768641?host=hh.ru,"['Менеджер по маркетингу, интернет-маркетолог']",120000.0,,RUR,False
1482,112722823,Менеджер по работе с маркетплейсами Ozon и Wildberries,https://api.hh.ru/vacancies/112722823?host=hh.ru,['Другое'],100000.0,,RUR,False
1483,114515429,Менеджер по персоналу,https://api.hh.ru/vacancies/114515429?host=hh.ru,['Менеджер по персоналу'],85000.0,125000.0,RUR,False
1484,113710233,Руководитель digital-маркетинга,https://api.hh.ru/vacancies/113710233?host=hh.ru,['Директор по маркетингу и PR (CMO)'],300000.0,,RUR,False
1485,112843196,Менеджер проектов в команду CRM,https://api.hh.ru/vacancies/112843196?host=hh.ru,['Руководитель проектов'],,,,
1486,113015437,Аналитик-разработчик отчётности,https://api.hh.ru/vacancies/113015437?host=hh.ru,"['BI-аналитик, аналитик данных']",,380000.0,RUR,True
1487,112502995,Разработчик React,https://api.hh.ru/vacancies/112502995?host=hh.ru,"['Программист, разработчик']",,,,
1488,112659740,Менеджер по работе с маркетплейсами,https://api.hh.ru/vacancies/112659740?host=hh.ru,"['Менеджер по маркетингу, интернет-маркетолог']",,,,
1489,112789861,Data Analyst,https://api.hh.ru/vacancies/112789861?host=hh.ru,"['BI-аналитик, аналитик данных']",150000.0,,RUR,False
1490,113861829,Product manager,https://api.hh.ru/vacancies/113861829?host=hh.ru,['Менеджер продукта'],,,,
1491,114042360,Junior BI-аналитик / маркетолог,https://api.hh.ru/vacancies/114042360?host=hh.ru,['Маркетолог-аналитик'],100000.0,120000.0,RUR,False
1492,111782448,Middle Project Manager (Digital),https://api.hh.ru/vacancies/111782448?host=hh.ru,"['Менеджер по маркетингу, интернет-маркетолог']",,,,
1493,114176799,Бизнес-контролер,https://api.hh.ru/vacancies/114176799?host=hh.ru,['Бизнес-аналитик'],172300.0,172300.0,RUR,True
1494,114299578,Руководитель отдела интернет-маркетинга,https://api.hh.ru/vacancies/114299578?host=hh.ru,['Руководитель отдела маркетинга и рекламы'],,,,
1495,114301782,Аналитик по продажам в фармацевтической компании,https://api.hh.ru/vacancies/114301782?host=hh.ru,['Аналитик'],,,,
1496,112545504,Middle QA auto engineer (Видеоплатформа и Сервисы),https://api.hh.ru/vacancies/112545504?host=hh.ru,['Тестировщик'],,,,
1497,113301821,HR Business Partner,https://api.hh.ru/vacancies/113301821?host=hh.ru,['Менеджер по персоналу'],,,,
1498,114176893,Аналитик данных в команду Авито Путешествий,https://api.hh.ru/vacancies/114176893?host=hh.ru,['Продуктовый аналитик'],,,,
1499,113268134,Продуктовый маркетолог,https://api.hh.ru/vacancies/113268134?host=hh.ru,['Маркетолог-аналитик'],150000.0,150000.0,RUR,False
1500,113710974,Главный специалист по планированию и анализу эффективности,https://api.hh.ru/vacancies/113710974?host=hh.ru,['Экономист'],,,,
1501,114027090,Специалист по контролю качества (middle+),https://api.hh.ru/vacancies/114027090?host=hh.ru,['Инженер по качеству'],,,,
1502,108637623,Frontend-разработчик,https://api.hh.ru/vacancies/108637623?host=hh.ru,"['Программист, разработчик']",,150000.0,RUR,False
1503,110265304,Руководитель проекта,https://api.hh.ru/vacancies/110265304?host=hh.ru,['Руководитель проектов'],,,,
1504,111739582,Бренд-менеджер (Beauty),https://api.hh.ru/vacancies/111739582?host=hh.ru,['Другое'],220000.0,,RUR,True
1505,113712973,Руководитель отдела развития интернет продаж,https://api.hh.ru/vacancies/113712973?host=hh.ru,['Руководитель отдела продаж'],158000.0,316000.0,RUR,True
1506,114177589,Куратор обучения на маркетплейсах Wildberries и OZON,https://api.hh.ru/vacancies/114177589?host=hh.ru,"['Менеджер по продажам, менеджер по работе с клиентами']",35000.0,,RUR,False
1507,112518493,Стажер,https://api.hh.ru/vacancies/112518493?host=hh.ru,['Аналитик'],50000.0,,RUR,False
1508,113744205,"Team Lead of Marketing (PR, Influencer, SMM, SEO)",https://api.hh.ru/vacancies/113744205?host=hh.ru,['PR-менеджер'],,,,
1509,114082068,Digital-маркетолог (лидогенератор),https://api.hh.ru/vacancies/114082068?host=hh.ru,"['Менеджер по маркетингу, интернет-маркетолог']",130000.0,,RUR,False
1510,109447708,Бизнес-аналитик,https://api.hh.ru/vacancies/109447708?host=hh.ru,['Бизнес-аналитик'],,,,
1511,112449821,Директор по стратегическому развитию,https://api.hh.ru/vacancies/112449821?host=hh.ru,['Коммерческий директор (CCO)'],,,,
1512,113738233,SMM-менеджер,https://api.hh.ru/vacancies/113738233?host=hh.ru,"['SMM-менеджер, контент-менеджер']",,100000.0,RUR,False
1513,114013283,Старший менеджер по работе с маркетплейсами,https://api.hh.ru/vacancies/114013283?host=hh.ru,"['Менеджер по маркетингу, интернет-маркетолог']",,,,
1514,114302818,Заместитель руководителя Департамента продаж (Крупный бизнес),https://api.hh.ru/vacancies/114302818?host=hh.ru,['Руководитель отдела продаж'],200000.0,,RUR,False
1515,109132628,"Менеджер по работе с маркетплейсами (Wildberries, Ozon / ВБ, ОЗОН)",https://api.hh.ru/vacancies/109132628?host=hh.ru,"['Менеджер по маркетингу, интернет-маркетолог']",80000.0,150000.0,RUR,False
1516,111972325,Менеджер по продажам на переписках,https://api.hh.ru/vacancies/111972325?host=hh.ru,"['Менеджер по продажам, менеджер по работе с клиентами']",70000.0,110000.0,RUR,False
1517,112182619,Аккаунт-менеджер,https://api.hh.ru/vacancies/112182619?host=hh.ru,['Менеджер по работе с партнерами'],,,,
1518,113032672,Интернет-маркетолог (Middle),https://api.hh.ru/vacancies/113032672?host=hh.ru,"['Менеджер по маркетингу, интернет-маркетолог']",,,,
1519,114018011,Помощник менеджера / Младший менеджер маркетплейса WB,https://api.hh.ru/vacancies/114018011?host=hh.ru,['Аналитик'],51000.0,91000.0,RUR,False
1520,114148660,Руководитель отдела продаж РОП,https://api.hh.ru/vacancies/114148660?host=hh.ru,['Руководитель отдела продаж'],80000.0,150000.0,RUR,True
1521,114172152,Специалист по работе с отзывами/репутацией,https://api.hh.ru/vacancies/114172152?host=hh.ru,['Маркетолог-аналитик'],,,,
1522,110786349,Системный аналитик junior,https://api.hh.ru/vacancies/110786349?host=hh.ru,['Системный аналитик'],220000.0,,RUR,True
1523,112446969,Тестировщик ПО,https://api.hh.ru/vacancies/112446969?host=hh.ru,['Тестировщик'],,,,
1524,113710361,Администратор/аналитик проектов,https://api.hh.ru/vacancies/113710361?host=hh.ru,['Аналитик'],,,,
1525,114174141,Аналитик данных (Excel),https://api.hh.ru/vacancies/114174141?host=hh.ru,['Аналитик'],90000.0,,RUR,True
1526,114189454,Ассистент продюсера / Координатор проектов,https://api.hh.ru/vacancies/114189454?host=hh.ru,"['Секретарь, помощник руководителя, ассистент']",40000.0,80000.0,RUR,False
1527,114172450,Инфлюенс-менеджер (американский бренд товаров для красоты),https://api.hh.ru/vacancies/114172450?host=hh.ru,"['SMM-менеджер, контент-менеджер']",70000.0,,RUR,False
1528,112699734,Backend python developer,https://api.hh.ru/vacancies/112699734?host=hh.ru,"['Программист, разработчик']",130000.0,,RUR,False
1529,114303214,SEO специалист Junior,https://api.hh.ru/vacancies/114303214?host=hh.ru,"['Менеджер по маркетингу, интернет-маркетолог']",60000.0,,RUR,False
1530,114304021,Аналитик данных (гибрид/удаленно),https://api.hh.ru/vacancies/114304021?host=hh.ru,"['BI-аналитик, аналитик данных']",,,,
1531,100897477,Менеджер по продажам,https://api.hh.ru/vacancies/100897477?host=hh.ru,"['Менеджер по продажам, менеджер по работе с клиентами']",,450000.0,RUR,False
1532,114300712,HR менеджер/руководитель отдела кадров,https://api.hh.ru/vacancies/114300712?host=hh.ru,['Специалист по кадрам'],,,,
1533,114315322,Integrations Project Manager,https://api.hh.ru/vacancies/114315322?host=hh.ru,['Руководитель проектов'],,,,
1534,110954094,Системный аналитик,https://api.hh.ru/vacancies/110954094?host=hh.ru,['Системный аналитик'],,,,
1535,114091179,SMM-менеджер/контент-менеджер,https://api.hh.ru/vacancies/114091179?host=hh.ru,"['SMM-менеджер, контент-менеджер']",60000.0,80000.0,RUR,False
1536,111847596,"Менеджер ресторана ""LEO"" (скоро открытие)",https://api.hh.ru/vacancies/111847596?host=hh.ru,['Менеджер ресторана'],,,,
1537,112457386,Специалист по маркетингу,https://api.hh.ru/vacancies/112457386?host=hh.ru,"['Менеджер по маркетингу, интернет-маркетолог']",,,,
1538,113748113,Инженер-тестировщик middle/ middle+ (заказная разработка ПО),https://api.hh.ru/vacancies/113748113?host=hh.ru,['Тестировщик'],,,,
1539,113702865,HR-менеджер/Менеджер по подбору персонала,https://api.hh.ru/vacancies/113702865?host=hh.ru,['Менеджер по персоналу'],60000.0,,RUR,False
1540,114280465,Личный помощник (Бизнес-ассистент),https://api.hh.ru/vacancies/114280465?host=hh.ru,"['Секретарь, помощник руководителя, ассистент']",,,,
1541,109545134,Дежурный аналитик,https://api.hh.ru/vacancies/109545134?host=hh.ru,"['BI-аналитик, аналитик данных']",80000.0,,RUR,False
1542,113736518,Менеджер по продажам в г.Москве,https://api.hh.ru/vacancies/113736518?host=hh.ru,"['Менеджер по продажам, менеджер по работе с клиентами']",150000.0,,RUR,False
1543,113878961,Маркетолог,https://api.hh.ru/vacancies/113878961?host=hh.ru,"['Менеджер по маркетингу, интернет-маркетолог']",70000.0,200000.0,RUR,True
1544,114188198,Frontend-разработчик в команду Offer,https://api.hh.ru/vacancies/114188198?host=hh.ru,"['Программист, разработчик']",,450000.0,RUR,True
1545,114212210,Менеджер Ozon,https://api.hh.ru/vacancies/114212210?host=hh.ru,"['Менеджер по продажам, менеджер по работе с клиентами']",50000.0,,RUR,False
1546,113711444,Middle/Senior Python Developer,https://api.hh.ru/vacancies/113711444?host=hh.ru,"['Программист, разработчик']",,,,
1547,113715177,Специалист Битрикс24,https://api.hh.ru/vacancies/113715177?host=hh.ru,"['Программист, разработчик']",100000.0,150000.0,RUR,False
1548,113721874,HRBP / HR Business Partner (Digital),https://api.hh.ru/vacancies/113721874?host=hh.ru,['Руководитель отдела персонала'],,,,
1549,114304668,Менеджера маркетплейсов (Wildberries),https://api.hh.ru/vacancies/114304668?host=hh.ru,"['Менеджер по маркетингу, интернет-маркетолог']",50000.0,80000.0,RUR,True
1550,107306076,Автор документальных фильмов / Сценарист,https://api.hh.ru/vacancies/107306076?host=hh.ru,"['Режиссер, сценарист']",,,,
1551,111973727,SMM специалист,https://api.hh.ru/vacancies/111973727?host=hh.ru,['Другое'],35000.0,,RUR,False
1552,112551291,Стажер в Отдел Управления Продуктом GUESS/Product-Management Intern,https://api.hh.ru/vacancies/112551291?host=hh.ru,['Другое'],,,,
1553,113736826,Менеджер по работе с маркетплейс,https://api.hh.ru/vacancies/113736826?host=hh.ru,"['Менеджер по маркетингу, интернет-маркетолог']",100000.0,,RUR,False
1554,113898196,Директор по маркетингу в косметическую компанию,https://api.hh.ru/vacancies/113898196?host=hh.ru,['Директор по маркетингу и PR (CMO)'],250000.0,,RUR,False
1555,110809544,Менеджер по работе с маркетплейсами (в офис),https://api.hh.ru/vacancies/110809544?host=hh.ru,['Офис-менеджер'],120000.0,150000.0,RUR,False
1556,112651789,Арбитражник / Медиабайер (Google Ads),https://api.hh.ru/vacancies/112651789?host=hh.ru,"['Менеджер по маркетингу, интернет-маркетолог']",400.0,1500.0,USD,False
1557,112696349,Senior Product Manager,https://api.hh.ru/vacancies/112696349?host=hh.ru,['Менеджер продукта'],,,,
1558,114168828,Системный аналитик,https://api.hh.ru/vacancies/114168828?host=hh.ru,['Системный аналитик'],,,,
1559,114186122,Младший финансовый аналитик,https://api.hh.ru/vacancies/114186122?host=hh.ru,"['Финансовый аналитик, инвестиционный аналитик']",,,,
1560,112147642,Менеджер-стажер по работе с маркетплейсами Ozon/Wildberries,https://api.hh.ru/vacancies/112147642?host=hh.ru,"['Менеджер по маркетингу, интернет-маркетолог']",,,,
1561,110862216,Бизнес-аналитик в команду HR-автоматизации,https://api.hh.ru/vacancies/110862216?host=hh.ru,['Бизнес-аналитик'],,,,
1562,111218067,Аналитик данных (маркетинг),https://api.hh.ru/vacancies/111218067?host=hh.ru,['Маркетолог-аналитик'],,,,
1563,113722385,Интернет-маркетолог,https://api.hh.ru/vacancies/113722385?host=hh.ru,"['Менеджер по маркетингу, интернет-маркетолог']",,,,
1564,113850504,Интернет-маркетолог,https://api.hh.ru/vacancies/113850504?host=hh.ru,"['Менеджер по маркетингу, интернет-маркетолог']",100000.0,,RUR,False
1565,112621712,Frontend Developer/Vue.js (Middle),https://api.hh.ru/vacancies/112621712?host=hh.ru,"['Программист, разработчик']",175800.0,,RUR,False
1566,114012972,Делопроизводитель,https://api.hh.ru/vacancies/114012972?host=hh.ru,"['Делопроизводитель, архивариус']",,100000.0,RUR,False
1567,111860044,Финансовый специалист в ИЖС (малоэтажное строительство),https://api.hh.ru/vacancies/111860044?host=hh.ru,['Бухгалтер'],100000.0,,RUR,True
1568,112878256,СММ-менеджер под ключ,https://api.hh.ru/vacancies/112878256?host=hh.ru,"['SMM-менеджер, контент-менеджер']",50000.0,,RUR,True
1569,113274868,Менеджер по закупкам,https://api.hh.ru/vacancies/113274868?host=hh.ru,['Менеджер по закупкам'],92000.0,,RUR,True
1570,114273187,Финансовый директор (e-commerce),https://api.hh.ru/vacancies/114273187?host=hh.ru,['Финансовый директор (CFO)'],150000.0,500000.0,RUR,True
1571,112439745,Управляющий розничной сетью,https://api.hh.ru/vacancies/112439745?host=hh.ru,['Руководитель отдела клиентского обслуживания'],,180000.0,RUR,False
1572,114286235,Начинающий руководитель отдела продаж,https://api.hh.ru/vacancies/114286235?host=hh.ru,['Руководитель отдела продаж'],200000.0,300000.0,RUR,False
1573,114184285,Начальник планово-экономического отдела,https://api.hh.ru/vacancies/114184285?host=hh.ru,['Экономист'],,,,
1574,112610885,Аналитик Excel,https://api.hh.ru/vacancies/112610885?host=hh.ru,['Другое'],70000.0,80000.0,RUR,False
1575,114066603,HRBP/HR business partner/C&B эксперт,https://api.hh.ru/vacancies/114066603?host=hh.ru,['Другое'],,,,
1576,112342909,Senior Account/Project manager,https://api.hh.ru/vacancies/112342909?host=hh.ru,['Руководитель проектов'],,,,
1577,112424253,Аналитик данных,https://api.hh.ru/vacancies/112424253?host=hh.ru,"['BI-аналитик, аналитик данных']",200000.0,350000.0,RUR,True
1578,113728115,Chief Marketing Officer (CMO) / Директор по маркетингу,https://api.hh.ru/vacancies/113728115?host=hh.ru,['Директор по маркетингу и PR (CMO)'],,,,
1579,114063947,Mediabuyer/Mediaplanner (iGaming),https://api.hh.ru/vacancies/114063947?host=hh.ru,"['Менеджер по маркетингу, интернет-маркетолог']",800.0,1400.0,USD,False
1580,109465431,Оператор ЭВМ,https://api.hh.ru/vacancies/109465431?host=hh.ru,"['Оператор ПК, оператор базы данных']",80000.0,,RUR,True
1581,114186862,Специалист по ручному тестированию,https://api.hh.ru/vacancies/114186862?host=hh.ru,['Тестировщик'],,,,
1582,113913042,Ведущий frontend / react разработчик,https://api.hh.ru/vacancies/113913042?host=hh.ru,"['Программист, разработчик']",,,,
1583,113706449,Аналитик данных,https://api.hh.ru/vacancies/113706449?host=hh.ru,['Аналитик'],,,,
1584,114014048,Менеджер по работе с маркетплейсами (Wildberries),https://api.hh.ru/vacancies/114014048?host=hh.ru,['Другое'],,,,
1585,112169103,Менеджер по работе с маркетплейсами,https://api.hh.ru/vacancies/112169103?host=hh.ru,"['Менеджер по маркетингу, интернет-маркетолог']",100000.0,200000.0,RUR,False
1586,112795631,Младший аналитик данных,https://api.hh.ru/vacancies/112795631?host=hh.ru,"['BI-аналитик, аналитик данных']",90000.0,110000.0,RUR,False
1587,113043027,Младший аналитик,https://api.hh.ru/vacancies/113043027?host=hh.ru,['Другое'],70000.0,,RUR,False
1588,114074188,Региональный менеджер по продажам,https://api.hh.ru/vacancies/114074188?host=hh.ru,"['Менеджер по продажам, менеджер по работе с клиентами']",150000.0,300000.0,RUR,True
1589,114183534,.NET developer,https://api.hh.ru/vacancies/114183534?host=hh.ru,"['Программист, разработчик']",,,,
1590,114292033,Head of CRM,https://api.hh.ru/vacancies/114292033?host=hh.ru,['Руководитель отдела маркетинга и рекламы'],,250000.0,RUR,False
1591,103233776,Аккаунт-менеджер/Менеджер по работе с клиентами,https://api.hh.ru/vacancies/103233776?host=hh.ru,"['Менеджер по продажам, менеджер по работе с клиентами']",150000.0,,RUR,False
1592,112701361,Менеджер маркетплейса (удаленно),https://api.hh.ru/vacancies/112701361?host=hh.ru,['Специалист по подбору персонала'],30000.0,35000.0,RUR,False
1593,113304002,Руководитель отдела закупок,https://api.hh.ru/vacancies/113304002?host=hh.ru,['Менеджер по закупкам'],250000.0,,RUR,False
1594,113958277,Интернет-маркетолог,https://api.hh.ru/vacancies/113958277?host=hh.ru,"['Менеджер по маркетингу, интернет-маркетолог']",,,,
1595,114019557,Руководитель системного и бизнес анализа,https://api.hh.ru/vacancies/114019557?host=hh.ru,['Руководитель отдела аналитики'],,,,
1596,111973108,Специалист отдела претензий (гибридный формат),https://api.hh.ru/vacancies/111973108?host=hh.ru,"['Оператор ПК, оператор базы данных']",70000.0,,RUR,False
1597,112740844,Менеджер по работе с партнерами,https://api.hh.ru/vacancies/112740844?host=hh.ru,['Менеджер по работе с партнерами'],,,,
1598,113300846,Продуктовый дизайнер/Product designer UX/UI,https://api.hh.ru/vacancies/113300846?host=hh.ru,['Другое'],80000.0,120000.0,RUR,False
1599,113850094,Менеджер по работе с маркетплейсами (Wildberries),https://api.hh.ru/vacancies/113850094?host=hh.ru,['Другое'],80000.0,130000.0,RUR,False
1600,114121228,Менеджер по продвижению на маркетплейсах (WB и/или OZON),https://api.hh.ru/vacancies/114121228?host=hh.ru,"['Менеджер по маркетингу, интернет-маркетолог']",60000.0,120000.0,RUR,False
1601,113696323,Системный аналитик,https://api.hh.ru/vacancies/113696323?host=hh.ru,['Системный аналитик'],250000.0,400000.0,RUR,False
1602,113708894,Проектный менеджер,https://api.hh.ru/vacancies/113708894?host=hh.ru,['Руководитель проектов'],100000.0,150000.0,RUR,True
1603,114169190,Бренд менеджер/Маркетолог,https://api.hh.ru/vacancies/114169190?host=hh.ru,"['Менеджер по маркетингу, интернет-маркетолог']",,,,
1604,111071321,Аналитик,https://api.hh.ru/vacancies/111071321?host=hh.ru,['Аналитик'],,,,
1605,112338260,Системный аналитик,https://api.hh.ru/vacancies/112338260?host=hh.ru,['Системный аналитик'],,,,
1606,112784445,Тестировщик ПО,https://api.hh.ru/vacancies/112784445?host=hh.ru,['Тестировщик'],90000.0,140000.0,RUR,False
1607,114012215,Junior Analyst / Младший аналитик (web3),https://api.hh.ru/vacancies/114012215?host=hh.ru,['Аналитик'],,,,
1608,113447811,"Контент-мейкер/рилсмейкер (Люкс, Fashion)",https://api.hh.ru/vacancies/113447811?host=hh.ru,"['SMM-менеджер, контент-менеджер']",,110000.0,RUR,False
1609,113914789,Менеджер по работе с маркетплейсом Wildberries,https://api.hh.ru/vacancies/113914789?host=hh.ru,['Другое'],60000.0,100000.0,RUR,False
1610,114290824,Менеджер по подбору персонала,https://api.hh.ru/vacancies/114290824?host=hh.ru,['Специалист по подбору персонала'],120000.0,150000.0,RUR,True
1611,111723682,Операционный директор правового блока,https://api.hh.ru/vacancies/111723682?host=hh.ru,['Другое'],,1000000.0,RUR,False
1612,111846750,Менеджер маркетплейсов,https://api.hh.ru/vacancies/111846750?host=hh.ru,"['Менеджер по продажам, менеджер по работе с клиентами']",55000.0,85000.0,RUR,False
1613,112741189,Администратор сайта,https://api.hh.ru/vacancies/112741189?host=hh.ru,"['Режиссер, сценарист']",100000.0,,RUR,False
1614,112996180,Системный аналитик,https://api.hh.ru/vacancies/112996180?host=hh.ru,['Системный аналитик'],2000.0,2500.0,USD,False
1615,113861656,IT Project Manager,https://api.hh.ru/vacancies/113861656?host=hh.ru,['Руководитель проектов'],100000.0,,RUR,False
1616,110215252,Байер,https://api.hh.ru/vacancies/110215252?host=hh.ru,['Другое'],,,,
1617,113147335,IT-директор NLMK India (релокация в Индию),https://api.hh.ru/vacancies/113147335?host=hh.ru,['Директор по информационным технологиям (CIO)'],,,,
1618,109534230,Analyst,https://api.hh.ru/vacancies/109534230?host=hh.ru,['Аналитик'],,120000.0,RUR,False
1619,112699251,Аналитик,https://api.hh.ru/vacancies/112699251?host=hh.ru,['Аналитик'],,,,
1620,112795264,Junior QA Инженер,https://api.hh.ru/vacancies/112795264?host=hh.ru,['Тестировщик'],75000.0,75000.0,RUR,False
1621,113322581,Тестировщик/QA(Проектно/по ИП),https://api.hh.ru/vacancies/113322581?host=hh.ru,['Тестировщик'],70000.0,82000.0,RUR,False
1622,113717337,Директор по персоналу (HRD),https://api.hh.ru/vacancies/113717337?host=hh.ru,['Директор по персоналу (HRD)'],250000.0,,RUR,False
1623,113744409,Личный помощник руководителя в дизайн студию,https://api.hh.ru/vacancies/113744409?host=hh.ru,"['Секретарь, помощник руководителя, ассистент']",60000.0,,RUR,False
1624,111532560,Веб Дизайнер,https://api.hh.ru/vacancies/111532560?host=hh.ru,"['Дизайнер, художник']",,,,
1625,114034423,SMM-менеджер,https://api.hh.ru/vacancies/114034423?host=hh.ru,"['SMM-менеджер, контент-менеджер']",100000.0,,RUR,False
1626,109298815,Тимлид команды продукта,https://api.hh.ru/vacancies/109298815?host=hh.ru,['Руководитель проектов'],,,,
1627,114182292,Digital маркетинг менеджер,https://api.hh.ru/vacancies/114182292?host=hh.ru,"['Менеджер по маркетингу, интернет-маркетолог']",,,,
1628,111977988,Младший маркетолог,https://api.hh.ru/vacancies/111977988?host=hh.ru,"['Менеджер по маркетингу, интернет-маркетолог']",100000.0,,RUR,False
1629,113688180,Business Development Manager [IT],https://api.hh.ru/vacancies/113688180?host=hh.ru,['Другое'],,,,
1630,112053712,Ассистент менеджера по работе с маркетплейсами,https://api.hh.ru/vacancies/112053712?host=hh.ru,['Другое'],,,,
1631,113144726,Ведущий клубного ТВ / SMM специалист,https://api.hh.ru/vacancies/113144726?host=hh.ru,"['SMM-менеджер, контент-менеджер']",15000.0,300000.0,RUR,False
1632,111439130,Специалист по визуальной аналитике,https://api.hh.ru/vacancies/111439130?host=hh.ru,['Другое'],120000.0,,RUR,True
1633,112397517,Графический дизайнер (маркетплейсы),https://api.hh.ru/vacancies/112397517?host=hh.ru,"['Дизайнер, художник']",50000.0,,RUR,True
1634,112754547,Ведущий бизнес-аналитик (Yappy),https://api.hh.ru/vacancies/112754547?host=hh.ru,['Бизнес-аналитик'],,,,
1635,112525616,Системный аналитик (Мексика),https://api.hh.ru/vacancies/112525616?host=hh.ru,['Системный аналитик'],,,,
1636,113742165,Senior Frontend (Astra Monitoring),https://api.hh.ru/vacancies/113742165?host=hh.ru,"['Программист, разработчик']",,,,
1637,114039543,Младший аналитик (рыночные риски и анализ финансовых институтов),https://api.hh.ru/vacancies/114039543?host=hh.ru,['Кредитный специалист'],,,,
1638,114294213,Digital маркетолог,https://api.hh.ru/vacancies/114294213?host=hh.ru,"['Менеджер по маркетингу, интернет-маркетолог']",,,,
1639,99579827,Системный аналитик,https://api.hh.ru/vacancies/99579827?host=hh.ru,['Системный аналитик'],,,,
1640,114201975,Специалист по контролю защищенности,https://api.hh.ru/vacancies/114201975?host=hh.ru,['Специалист по информационной безопасности'],,,,
1641,110444980,Data Analyst / Аналитик данных,https://api.hh.ru/vacancies/110444980?host=hh.ru,['Другое'],200000.0,,RUR,True
1642,112787379,Юрист в игровую компанию (middle),https://api.hh.ru/vacancies/112787379?host=hh.ru,['Юрист'],,,,
1643,113706560,Аналитик данных,https://api.hh.ru/vacancies/113706560?host=hh.ru,['Аналитик'],,,,
1644,111557410,"QA mobile, Приложение Курьер и Работа",https://api.hh.ru/vacancies/111557410?host=hh.ru,['Тестировщик'],,,,
1645,112432620,CTO/Руководитель отдела разработки,https://api.hh.ru/vacancies/112432620?host=hh.ru,['Технический директор (CTO)'],400000.0,600000.0,RUR,False
1646,112704327,Системный аналитик,https://api.hh.ru/vacancies/112704327?host=hh.ru,['Системный аналитик'],,,,
1647,112957112,Ведущий дизайнер одежды (женская),https://api.hh.ru/vacancies/112957112?host=hh.ru,"['Дизайнер, художник']",150000.0,200000.0,RUR,False
1648,113010237,Системный аналитик (Middle),https://api.hh.ru/vacancies/113010237?host=hh.ru,['Системный аналитик'],,200000.0,RUR,False
1649,113588525,Журналист,https://api.hh.ru/vacancies/113588525?host=hh.ru,"['Журналист, корреспондент']",,,,
1650,113848446,Аналитик данных,https://api.hh.ru/vacancies/113848446?host=hh.ru,"['BI-аналитик, аналитик данных']",,,,
1651,113873904,Финансовый аналитик в Московское представительство Корпорации,https://api.hh.ru/vacancies/113873904?host=hh.ru,"['Финансовый аналитик, инвестиционный аналитик']",,,,
1652,112837164,Ассистент аккаунт менеджера,https://api.hh.ru/vacancies/112837164?host=hh.ru,['Менеджер по работе с партнерами'],,80000.0,RUR,False
1653,114297240,Координатор проектов,https://api.hh.ru/vacancies/114297240?host=hh.ru,['Другое'],,,,
1654,112059127,Fullstack аналитик (Интерактивные руководства),https://api.hh.ru/vacancies/112059127?host=hh.ru,['Аналитик'],,,,
1655,113701854,Младший системный аналитик,https://api.hh.ru/vacancies/113701854?host=hh.ru,['Системный аналитик'],70000.0,,RUR,False
1656,114300635,Руководитель отдела продаж,https://api.hh.ru/vacancies/114300635?host=hh.ru,['Руководитель отдела продаж'],,250000.0,RUR,False
1657,114058438,Бухгалтер-калькулятор,https://api.hh.ru/vacancies/114058438?host=hh.ru,['Бухгалтер'],85000.0,,RUR,False
1658,112537126,Аналитик данных,https://api.hh.ru/vacancies/112537126?host=hh.ru,['Аналитик'],140000.0,,RUR,False
1659,111780266,Java-разработчик,https://api.hh.ru/vacancies/111780266?host=hh.ru,"['Программист, разработчик']",180000.0,,RUR,False
1660,112505198,Бизнес ассистент,https://api.hh.ru/vacancies/112505198?host=hh.ru,"['Секретарь, помощник руководителя, ассистент']",180000.0,250000.0,RUR,True
1661,113886790,Маркетолог,https://api.hh.ru/vacancies/113886790?host=hh.ru,"['Менеджер по маркетингу, интернет-маркетолог']",150000.0,200000.0,RUR,False
1662,114094619,Digital-маркетолог,https://api.hh.ru/vacancies/114094619?host=hh.ru,['Маркетолог-аналитик'],80000.0,120000.0,RUR,False
1663,114160940,Менеджер по работе с маркетплейсами,https://api.hh.ru/vacancies/114160940?host=hh.ru,['Другое'],80000.0,100000.0,RUR,False
1664,114477148,Системный аналитик,https://api.hh.ru/vacancies/114477148?host=hh.ru,['Системный аналитик'],,,,
1665,98113351,Специалист казначейства (Банки и ДДС),https://api.hh.ru/vacancies/98113351?host=hh.ru,['Казначей'],,170000.0,RUR,False
1666,112320383,Системный аналитик (Middle/Senior),https://api.hh.ru/vacancies/112320383?host=hh.ru,['Аналитик'],250000.0,350000.0,RUR,False
1667,110250154,Специалист по подбору персонала,https://api.hh.ru/vacancies/110250154?host=hh.ru,['Специалист по подбору персонала'],,,,
1668,113861775,Аккаунт директор,https://api.hh.ru/vacancies/113861775?host=hh.ru,['Руководитель проектов'],,,,
1669,110867088,Ассистент руководителя / бизнес - ассистент,https://api.hh.ru/vacancies/110867088?host=hh.ru,"['Секретарь, помощник руководителя, ассистент']",100000.0,200000.0,RUR,False
1670,114295752,Project manager (junior),https://api.hh.ru/vacancies/114295752?host=hh.ru,['Руководитель проектов'],100000.0,100000.0,RUR,True
1671,112769594,Java developer (Senior),https://api.hh.ru/vacancies/112769594?host=hh.ru,"['Программист, разработчик']",,,,
1672,112691496,Project/Product -менеджер,https://api.hh.ru/vacancies/112691496?host=hh.ru,['Менеджер продукта'],2000.0,,USD,False
1673,112877467,Вебмастер / Специалист по WordPress,https://api.hh.ru/vacancies/112877467?host=hh.ru,['Другое'],50000.0,,RUR,False
1674,112977893,Системный аналитик (стажер),https://api.hh.ru/vacancies/112977893?host=hh.ru,['Системный аналитик'],,,,
1675,114188709,Аналитик M&A,https://api.hh.ru/vacancies/114188709?host=hh.ru,['Аналитик'],,,,
1676,112121705,Тестировщик,https://api.hh.ru/vacancies/112121705?host=hh.ru,['Тестировщик'],80000.0,,RUR,False
1677,113117948,Математик-разработчик / Mathematician Developer,https://api.hh.ru/vacancies/113117948?host=hh.ru,"['Программист, разработчик']",,,,
1678,114290113,Продуктовый маркетолог,https://api.hh.ru/vacancies/114290113?host=hh.ru,"['Менеджер по маркетингу, интернет-маркетолог']",100000.0,150000.0,RUR,False
1679,112074216,SMM-специалист в медицинскую клинику,https://api.hh.ru/vacancies/112074216?host=hh.ru,"['SMM-менеджер, контент-менеджер']",50000.0,,RUR,False
1680,112701650,Бизнес-аналитик,https://api.hh.ru/vacancies/112701650?host=hh.ru,['Бизнес-аналитик'],305000.0,,RUR,True
1681,114407340,SMM-специалист в офис (SEO-специалист),https://api.hh.ru/vacancies/114407340?host=hh.ru,"['SMM-менеджер, контент-менеджер']",80000.0,120000.0,RUR,False
1682,80935165,Системный аналитик,https://api.hh.ru/vacancies/80935165?host=hh.ru,['Системный аналитик'],,,,
1683,112694575,Account manager (iGaming),https://api.hh.ru/vacancies/112694575?host=hh.ru,['Менеджер по работе с партнерами'],1500.0,2000.0,USD,False
1684,112982094,Системный аналитик,https://api.hh.ru/vacancies/112982094?host=hh.ru,['Системный аналитик'],,,,
1685,113871551,Support manager,https://api.hh.ru/vacancies/113871551?host=hh.ru,['Специалист технической поддержки'],,,,
1686,112732187,Стажер BI,https://api.hh.ru/vacancies/112732187?host=hh.ru,"['BI-аналитик, аналитик данных']",,,,
1687,113847604,Менеджер по продажам,https://api.hh.ru/vacancies/113847604?host=hh.ru,"['Менеджер по продажам, менеджер по работе с клиентами']",125000.0,230000.0,RUR,False
1688,114292810,Социолог/маркетолог,https://api.hh.ru/vacancies/114292810?host=hh.ru,['Маркетолог-аналитик'],120000.0,,RUR,False
1689,112604297,Ассистент в направление контент маркетинга,https://api.hh.ru/vacancies/112604297?host=hh.ru,['Другое'],,,,
1690,113876318,Маркетолог-аналитик,https://api.hh.ru/vacancies/113876318?host=hh.ru,['Маркетолог-аналитик'],,,,
1691,114285436,Руководитель отдела продаж,https://api.hh.ru/vacancies/114285436?host=hh.ru,['Руководитель отдела продаж'],,,,
1692,114303957,SEO-специалист,https://api.hh.ru/vacancies/114303957?host=hh.ru,"['Менеджер по маркетингу, интернет-маркетолог']",,150000.0,RUR,True
1693,112542581,UX/UI-дизайнер,https://api.hh.ru/vacancies/112542581?host=hh.ru,"['Дизайнер, художник']",,,,
1694,113855948,Ученик HR менеджера,https://api.hh.ru/vacancies/113855948?host=hh.ru,['Менеджер по персоналу'],,90000.0,RUR,True
1695,114179838,Бизнес-ассистент,https://api.hh.ru/vacancies/114179838?host=hh.ru,"['Секретарь, помощник руководителя, ассистент']",,150000.0,RUR,False
1696,112387539,Маркетинговый аналитик,https://api.hh.ru/vacancies/112387539?host=hh.ru,['Маркетолог-аналитик'],150000.0,,RUR,False
1697,112567318,Data-аналитик в области временных рядов (Junior),https://api.hh.ru/vacancies/112567318?host=hh.ru,"['BI-аналитик, аналитик данных']",190000.0,,RUR,True
1698,113729698,Менеджер (middle office),https://api.hh.ru/vacancies/113729698?host=hh.ru,['Финансовый менеджер'],170000.0,,RUR,False
1699,110153959,Персональный Ассистент,https://api.hh.ru/vacancies/110153959?host=hh.ru,"['Секретарь, помощник руководителя, ассистент']",150000.0,250000.0,RUR,False
1700,113742081,Бухгалтер на участок банк-клиент,https://api.hh.ru/vacancies/113742081?host=hh.ru,['Бухгалтер'],120000.0,,RUR,True
1701,114180050,Маркетолог маркетплейсов,https://api.hh.ru/vacancies/114180050?host=hh.ru,"['Менеджер по маркетингу, интернет-маркетолог']",,,,
1702,114482259,Проджект-менеджер,https://api.hh.ru/vacancies/114482259?host=hh.ru,['Руководитель отдела маркетинга и рекламы'],50000.0,100000.0,RUR,False
1703,111959894,Ведущий специалист по работе с ключевыми клиентами (Key Account Executive),https://api.hh.ru/vacancies/111959894?host=hh.ru,"['Менеджер по продажам, менеджер по работе с клиентами']",,,,
1704,113706002,Руководитель отдела маркетинга со знанием CRM,https://api.hh.ru/vacancies/113706002?host=hh.ru,['Руководитель отдела маркетинга и рекламы'],200000.0,400000.0,RUR,False
1705,113847802,Менеджер по продажам оборудования,https://api.hh.ru/vacancies/113847802?host=hh.ru,"['Менеджер по продажам, менеджер по работе с клиентами']",120000.0,,RUR,False
1706,114042301,Аналитик данных,https://api.hh.ru/vacancies/114042301?host=hh.ru,"['BI-аналитик, аналитик данных']",,,,
1707,114175350,Руководитель отдела маркетинга,https://api.hh.ru/vacancies/114175350?host=hh.ru,['Руководитель отдела маркетинга и рекламы'],150000.0,,RUR,False
1708,111341772,"Специалист по работе с маркетплейсами / E - Commerce Manager (Lamoda, AliExpress, Kaspi, Авито)",https://api.hh.ru/vacancies/111341772?host=hh.ru,"['Менеджер по продажам, менеджер по работе с клиентами']",,,,
1709,112693369,Менеджер маркетплейса (beauty),https://api.hh.ru/vacancies/112693369?host=hh.ru,['Товаровед'],120000.0,,RUR,True
1710,113713654,Руководитель группы аналитики,https://api.hh.ru/vacancies/113713654?host=hh.ru,['Руководитель отдела аналитики'],,,,
1711,114089116,Java-разработчик - (Специалист по микросервисам),https://api.hh.ru/vacancies/114089116?host=hh.ru,"['Программист, разработчик']",,200000.0,RUR,False
1712,110137339,Младший финансовый менеджер,https://api.hh.ru/vacancies/110137339?host=hh.ru,['Финансовый менеджер'],80000.0,,RUR,True
1713,110972973,Операционный менеджер,https://api.hh.ru/vacancies/110972973?host=hh.ru,['Операционный директор (COO)'],200000.0,250000.0,RUR,False
1714,112855482,Управляющий мотосалоном,https://api.hh.ru/vacancies/112855482?host=hh.ru,"['Директор магазина, директор сети магазинов']",100000.0,160000.0,RUR,False
1715,113860996,Продуктовый аналитик,https://api.hh.ru/vacancies/113860996?host=hh.ru,['Продуктовый аналитик'],,,,
1716,114300027,Директор по продажам и маркетингу,https://api.hh.ru/vacancies/114300027?host=hh.ru,['Другое'],,,,
1717,113323110,Менеджер по продажам оборудования,https://api.hh.ru/vacancies/113323110?host=hh.ru,"['Менеджер по продажам, менеджер по работе с клиентами']",130000.0,,RUR,False
1718,106460128,Project Manager,https://api.hh.ru/vacancies/106460128?host=hh.ru,"['Менеджер по продажам, менеджер по работе с клиентами']",,,,
1719,111871367,Руководитель отдела маркетинга и рекламы,https://api.hh.ru/vacancies/111871367?host=hh.ru,['Руководитель отдела маркетинга и рекламы'],200000.0,350000.0,RUR,False
1720,112844829,Помощник маркетолога в маркетинговое агентство,https://api.hh.ru/vacancies/112844829?host=hh.ru,"['Менеджер по маркетингу, интернет-маркетолог']",20000.0,30000.0,RUR,False
1721,114298741,Менеджер по исследованиям,https://api.hh.ru/vacancies/114298741?host=hh.ru,['Руководитель проектов'],,,,
1722,109727816,Senior buyer (fashion retail),https://api.hh.ru/vacancies/109727816?host=hh.ru,['Менеджер по закупкам'],,,,
1723,112348338,SMM-менеджер,https://api.hh.ru/vacancies/112348338?host=hh.ru,"['SMM-менеджер, контент-менеджер']",70000.0,,RUR,False
1724,112765864,Delivery manager,https://api.hh.ru/vacancies/112765864?host=hh.ru,['Менеджер продукта'],180000.0,,RUR,False
1725,113712712,Data Engineer,https://api.hh.ru/vacancies/113712712?host=hh.ru,['Дата-сайентист'],,,,
1726,113852272,SMM-менеджер,https://api.hh.ru/vacancies/113852272?host=hh.ru,"['SMM-менеджер, контент-менеджер']",,,,
1727,114172366,Руководитель отдела продаж (посуда),https://api.hh.ru/vacancies/114172366?host=hh.ru,['Руководитель отдела продаж'],250000.0,500000.0,RUR,False
1728,112510001,Заместитель начальника отдела экспертного сопровождения и специальных проектов,https://api.hh.ru/vacancies/112510001?host=hh.ru,['Руководитель группы разработки'],,150000.0,RUR,False
1729,113010784,Руководитель отдела контроля качества (call-центр),https://api.hh.ru/vacancies/113010784?host=hh.ru,['Руководитель отдела аналитики'],100000.0,160000.0,RUR,False
1730,114078630,Аналитик коммерческого департамента,https://api.hh.ru/vacancies/114078630?host=hh.ru,['Аналитик'],,,,
1731,112978025,Оператор Excel (сложные формулы),https://api.hh.ru/vacancies/112978025?host=hh.ru,"['Оператор ПК, оператор базы данных']",50000.0,,RUR,False
1732,113114870,Стажер (финансовый аналитик),https://api.hh.ru/vacancies/113114870?host=hh.ru,"['Финансовый аналитик, инвестиционный аналитик']",,,,
1733,113731942,"Менеджер маркетплейса ( Wildberries, OZON )",https://api.hh.ru/vacancies/113731942?host=hh.ru,"['Менеджер по продажам, менеджер по работе с клиентами']",100000.0,,RUR,True
1734,114161566,Разработчик C++/Qt,https://api.hh.ru/vacancies/114161566?host=hh.ru,"['Программист, разработчик']",180000.0,300000.0,RUR,False
1735,111865346,Медиа аналитик,https://api.hh.ru/vacancies/111865346?host=hh.ru,['Маркетолог-аналитик'],,,,
1736,112451321,HR - менеджер,https://api.hh.ru/vacancies/112451321?host=hh.ru,['Специалист по подбору персонала'],70000.0,,RUR,False
1737,113878818,Бизнес-аналитик,https://api.hh.ru/vacancies/113878818?host=hh.ru,['Бизнес-аналитик'],,,,
1738,114319683,"Senior Financial Analyst (Payroll, FP&A)",https://api.hh.ru/vacancies/114319683?host=hh.ru,['Другое'],,,,
1739,112356032,Менеджер по продажам,https://api.hh.ru/vacancies/112356032?host=hh.ru,"['Менеджер по продажам, менеджер по работе с клиентами']",740000.0,,RUR,True
1740,114028637,SEO-специалист,https://api.hh.ru/vacancies/114028637?host=hh.ru,"['SMM-менеджер, контент-менеджер']",120000.0,,RUR,True
1741,114180884,Маркетолог,https://api.hh.ru/vacancies/114180884?host=hh.ru,"['Менеджер по маркетингу, интернет-маркетолог']",60000.0,70000.0,RUR,True
1742,109157729,Руководитель е-com (маркетплейсы),https://api.hh.ru/vacancies/109157729?host=hh.ru,['Руководитель отдела продаж'],,,,
1743,111605363,Аналитик (розничная сеть),https://api.hh.ru/vacancies/111605363?host=hh.ru,['Продуктовый аналитик'],,150000.0,RUR,False
1744,107657310,Координатор подразделения/администратор проектов/делопроизводитель,https://api.hh.ru/vacancies/107657310?host=hh.ru,"['Секретарь, помощник руководителя, ассистент']",,,,
1745,113730785,Специалист по сопровождению документации,https://api.hh.ru/vacancies/113730785?host=hh.ru,['Курьер'],,,,
1746,112716803,Директор по персоналу (HRD),https://api.hh.ru/vacancies/112716803?host=hh.ru,['Директор по персоналу (HRD)'],,,,
1747,114016035,Директолог / Яндекс Директ,https://api.hh.ru/vacancies/114016035?host=hh.ru,"['Менеджер по маркетингу, интернет-маркетолог']",30000.0,100000.0,RUR,False
1748,108475505,Стажер в департамент маркетинга и PR,https://api.hh.ru/vacancies/108475505?host=hh.ru,['Другое'],,,,
1749,113144603,Рекрутер / HR (iGaming),https://api.hh.ru/vacancies/113144603?host=hh.ru,['Специалист по подбору персонала'],150000.0,,RUR,False
1750,113269938,Бренд-менеджер,https://api.hh.ru/vacancies/113269938?host=hh.ru,['PR-менеджер'],,,,
1751,111868546,Бизнес аналитик,https://api.hh.ru/vacancies/111868546?host=hh.ru,['Системный аналитик'],300000.0,,RUR,True
1752,111967808,Маркетолог,https://api.hh.ru/vacancies/111967808?host=hh.ru,"['Менеджер по маркетингу, интернет-маркетолог']",150000.0,,RUR,False
1753,112837534,"Начальник Управления аналитики промышленности, энергетики и экологии",https://api.hh.ru/vacancies/112837534?host=hh.ru,['Руководитель отдела аналитики'],,,,
1754,112962848,Системный аналитик,https://api.hh.ru/vacancies/112962848?host=hh.ru,"['Программист, разработчик']",,,,
1755,113857205,Экономист-аналитик,https://api.hh.ru/vacancies/113857205?host=hh.ru,['Экономист'],150000.0,,RUR,False
1756,114041120,Аналитик НСИ,https://api.hh.ru/vacancies/114041120?host=hh.ru,['Аналитик'],,,,
1757,112647700,Junior Аналитик данных,https://api.hh.ru/vacancies/112647700?host=hh.ru,['Аналитик'],30000.0,50000.0,RUR,False
1758,108810668,"SMM специалист дистанционных образовательных проектов (Мастерская управления ""Сенеж"")",https://api.hh.ru/vacancies/108810668?host=hh.ru,"['SMM-менеджер, контент-менеджер']",,,,
1759,110244510,SMM-менеджер,https://api.hh.ru/vacancies/110244510?host=hh.ru,"['SMM-менеджер, контент-менеджер']",70000.0,90000.0,RUR,True
1760,112624207,"Data Analyst в ОАЭ, Дубай",https://api.hh.ru/vacancies/112624207?host=hh.ru,"['BI-аналитик, аналитик данных']",4000.0,7000.0,USD,False
1761,114188268,Разработчик 1C-Bitrix,https://api.hh.ru/vacancies/114188268?host=hh.ru,"['Программист, разработчик']",,,,
1762,112512785,CTO/Chief Technical Officer,https://api.hh.ru/vacancies/112512785?host=hh.ru,['Технический директор (CTO)'],,,,
1763,113153225,СММ-специалист /SMM-менеджер,https://api.hh.ru/vacancies/113153225?host=hh.ru,"['SMM-менеджер, контент-менеджер']",60000.0,80000.0,RUR,True
1764,114285612,Middle Android Developer,https://api.hh.ru/vacancies/114285612?host=hh.ru,"['Программист, разработчик']",250000.0,,RUR,False
1765,106825731,Аналитик (Правительство Москвы),https://api.hh.ru/vacancies/106825731?host=hh.ru,['Аналитик'],60000.0,80000.0,RUR,False
1766,111727971,Стажер бизнес-аналитик,https://api.hh.ru/vacancies/111727971?host=hh.ru,['Бизнес-аналитик'],,,,
1767,112805696,Бизнес-ассистент руководителя,https://api.hh.ru/vacancies/112805696?host=hh.ru,['Другое'],200000.0,400000.0,RUR,False
1768,113000378,Младший менеджер по работе с партнерами США/Junior US Affiliate manager,https://api.hh.ru/vacancies/113000378?host=hh.ru,['Менеджер по работе с партнерами'],100000.0,,RUR,False
1769,113854495,Специалист планово-экономического отдела/Финансовый аналитик/менеджер,https://api.hh.ru/vacancies/113854495?host=hh.ru,['Экономист'],150000.0,230000.0,RUR,False
1770,114175414,Финансовый менеджер (управленческий учет и отчетность),https://api.hh.ru/vacancies/114175414?host=hh.ru,['Финансовый менеджер'],,,,
1771,112182772,Руководитель программы лояльности и управления клиентским опытом,https://api.hh.ru/vacancies/112182772?host=hh.ru,['Руководитель отдела маркетинга и рекламы'],,,,
1772,112325788,Golang разработчик (Team Lead/Middle+),https://api.hh.ru/vacancies/112325788?host=hh.ru,['Руководитель группы разработки'],,480000.0,RUR,True
1773,113157397,Менеджер по развитию дистрибьюторского и экспортного каналов,https://api.hh.ru/vacancies/113157397?host=hh.ru,"['Менеджер по продажам, менеджер по работе с клиентами']",,,,
1774,113565344,Аналитик-программист,https://api.hh.ru/vacancies/113565344?host=hh.ru,['Аналитик'],45000.0,150000.0,RUR,False
1775,113875121,Менеджер маркетплейсов (бытовая химия),https://api.hh.ru/vacancies/113875121?host=hh.ru,"['Менеджер по маркетингу, интернет-маркетолог']",,,,
1776,113891747,Аналитик по продажам,https://api.hh.ru/vacancies/113891747?host=hh.ru,['Аналитик'],,,,
1777,114298213,Аналитик данных (маркетинговые показатели),https://api.hh.ru/vacancies/114298213?host=hh.ru,['Маркетолог-аналитик'],,,,
1778,113648275,Unity-разработчик (Mid-Senior) Hyper Casual игр,https://api.hh.ru/vacancies/113648275?host=hh.ru,['Гейм-дизайнер'],,,,
1779,113756197,Генеральный директор косметической компании,https://api.hh.ru/vacancies/113756197?host=hh.ru,['Коммерческий директор (CCO)'],,,,
1780,97655002,Data Analyst,https://api.hh.ru/vacancies/97655002?host=hh.ru,"['BI-аналитик, аналитик данных']",,,,
1781,112320971,Помощник менеджера по работе с маркетплейсом Wildberries,https://api.hh.ru/vacancies/112320971?host=hh.ru,"['Менеджер по продажам, менеджер по работе с клиентами']",60000.0,,RUR,False
1782,113323306,SMM-менеджер / инфлюенс (магазин косметики и косметологии),https://api.hh.ru/vacancies/113323306?host=hh.ru,"['SMM-менеджер, контент-менеджер']",80000.0,,RUR,True
1783,111781481,Руководитель направления,https://api.hh.ru/vacancies/111781481?host=hh.ru,['Менеджер продукта'],,,,
1784,112342816,Авитолог,https://api.hh.ru/vacancies/112342816?host=hh.ru,"['Менеджер по маркетингу, интернет-маркетолог']",120000.0,,RUR,False
1785,112794697,Финансовый аналитик,https://api.hh.ru/vacancies/112794697?host=hh.ru,"['Финансовый аналитик, инвестиционный аналитик']",250000.0,300000.0,RUR,True
1786,113322313,Директора по электронной коммерции / Head of e-commerce,https://api.hh.ru/vacancies/113322313?host=hh.ru,['Другое'],,,,
1787,113679681,Бренд-менеджер,https://api.hh.ru/vacancies/113679681?host=hh.ru,['PR-менеджер'],200000.0,,RUR,False
1788,114013928,Контекстолог,https://api.hh.ru/vacancies/114013928?host=hh.ru,"['Менеджер по маркетингу, интернет-маркетолог']",15000.0,,RUR,False
1789,111780701,Стажер отдела продаж воздушных судов (бизнес-джеты),https://api.hh.ru/vacancies/111780701?host=hh.ru,"['Менеджер по продажам, менеджер по работе с клиентами']",100000.0,,RUR,False
1790,113013450,Senior brand manager / Бренд-директор,https://api.hh.ru/vacancies/113013450?host=hh.ru,['Директор по маркетингу и PR (CMO)'],300000.0,350000.0,RUR,False
1791,113301169,Стажер в отдел маркетинга (brand marketing),https://api.hh.ru/vacancies/113301169?host=hh.ru,"['Менеджер по продажам, менеджер по работе с клиентами']",,,,
1792,114069757,Категорийный менеджер (маркетплейсы),https://api.hh.ru/vacancies/114069757?host=hh.ru,['Товаровед'],60000.0,,RUR,True
1793,114409138,Менеджер по продажам B2B (IT-оборудование),https://api.hh.ru/vacancies/114409138?host=hh.ru,"['Менеджер по продажам, менеджер по работе с клиентами']",200000.0,300000.0,RUR,False
1794,112398073,Интернет-маркетолог,https://api.hh.ru/vacancies/112398073?host=hh.ru,"['Менеджер по маркетингу, интернет-маркетолог']",100000.0,150000.0,RUR,False
1795,113323124,Senior iOS Developer,https://api.hh.ru/vacancies/113323124?host=hh.ru,"['Программист, разработчик']",,,,
1796,112411771,QA Engineer (Middle),https://api.hh.ru/vacancies/112411771?host=hh.ru,['Тестировщик'],150000.0,,RUR,False
1797,112520831,Младший аналитик-консультант 1С (Стажер),https://api.hh.ru/vacancies/112520831?host=hh.ru,['Аналитик'],50000.0,100000.0,RUR,True
1798,112778302,Менеджер digital – проектов,https://api.hh.ru/vacancies/112778302?host=hh.ru,['Руководитель проектов'],,,,
1799,112872304,Комьюнити-менеджер,https://api.hh.ru/vacancies/112872304?host=hh.ru,"['Менеджер по продажам, менеджер по работе с клиентами']",130000.0,,RUR,True
1800,113145752,Системный аналитик,https://api.hh.ru/vacancies/113145752?host=hh.ru,['Системный аналитик'],120000.0,160000.0,RUR,False
1801,113735161,Руководитель отдела продаж (аутстаффинг),https://api.hh.ru/vacancies/113735161?host=hh.ru,['Руководитель отдела продаж'],350000.0,,RUR,False
1802,113005471,Аналитик ценообразования (запасные части для спецтехники),https://api.hh.ru/vacancies/113005471?host=hh.ru,['Аналитик'],,,,
1803,113736885,Директолог,https://api.hh.ru/vacancies/113736885?host=hh.ru,"['Менеджер по маркетингу, интернет-маркетолог']",150000.0,200000.0,RUR,False
1804,113740812,Middle Node.js Developer,https://api.hh.ru/vacancies/113740812?host=hh.ru,"['Программист, разработчик']",150000.0,220000.0,RUR,True
1805,114161590,Fullstack QA (middle/senior),https://api.hh.ru/vacancies/114161590?host=hh.ru,['Тестировщик'],200000.0,,RUR,False
1806,112163920,Bitrix-разработчик,https://api.hh.ru/vacancies/112163920?host=hh.ru,"['Программист, разработчик']",,250000.0,RUR,False
1807,113800294,"Старший менеджер маркетплейсов Wildberries, OZON",https://api.hh.ru/vacancies/113800294?host=hh.ru,"['Менеджер по маркетингу, интернет-маркетолог']",110000.0,160000.0,RUR,False
1808,113856391,Менеджер по персоналу,https://api.hh.ru/vacancies/113856391?host=hh.ru,['Менеджер по персоналу'],,,,
1809,113858759,Менеджер по продукту,https://api.hh.ru/vacancies/113858759?host=hh.ru,['Менеджер продукта'],,,,
1810,114023583,"Ведущий аналитик (SQL, MS Excel)",https://api.hh.ru/vacancies/114023583?host=hh.ru,['Аналитик'],,,,
1811,114054123,HR-менеджер / Менеджер по персоналу,https://api.hh.ru/vacancies/114054123?host=hh.ru,['Менеджер по персоналу'],120000.0,,RUR,True
1812,112060557,Бизнес-аналитик,https://api.hh.ru/vacancies/112060557?host=hh.ru,['Бизнес-аналитик'],,150000.0,RUR,True
1813,112618760,Системный аналитик (удаленно),https://api.hh.ru/vacancies/112618760?host=hh.ru,['Системный аналитик'],100000.0,140000.0,RUR,False
1814,112173642,Директор департамента управления проектами и коммерческой деятельности (коммерческий директор),https://api.hh.ru/vacancies/112173642?host=hh.ru,['Коммерческий директор (CCO)'],,,,
1815,112545196,Коммерческий директор (CCO),https://api.hh.ru/vacancies/112545196?host=hh.ru,['Коммерческий директор (CCO)'],,,,
1816,112578493,Стажер Product Manager,https://api.hh.ru/vacancies/112578493?host=hh.ru,['Менеджер продукта'],,,,
1817,114174294,Unity-разработчик,https://api.hh.ru/vacancies/114174294?host=hh.ru,"['Программист, разработчик']",100000.0,,RUR,False
1818,112310540,"Менеджер по работе с маркетплейсами Wildberries, Вайлдберриз, ВБ",https://api.hh.ru/vacancies/112310540?host=hh.ru,['Другое'],60000.0,150000.0,RUR,False
1819,112450772,Специалист по контекстной рекламе,https://api.hh.ru/vacancies/112450772?host=hh.ru,"['Менеджер по маркетингу, интернет-маркетолог']",,,,
1820,113007037,Личный бизнес-ассистент,https://api.hh.ru/vacancies/113007037?host=hh.ru,"['Секретарь, помощник руководителя, ассистент']",,,,
1821,113321861,Full-stack аналитик (платежные системы),https://api.hh.ru/vacancies/113321861?host=hh.ru,['Системный аналитик'],4500.0,,EUR,False
1822,113874467,Помощник менеджера МП ВБ (гибридный график работы),https://api.hh.ru/vacancies/113874467?host=hh.ru,"['Менеджер по продажам, менеджер по работе с клиентами']",100000.0,,RUR,True
1823,114079070,Аналитик-разработчик,https://api.hh.ru/vacancies/114079070?host=hh.ru,"['BI-аналитик, аналитик данных']",350000.0,460000.0,RUR,False
1824,112590428,Графический дизайнер / Веб дизайнер / Дизайнер для мероприятий,https://api.hh.ru/vacancies/112590428?host=hh.ru,"['Дизайнер, художник']",150000.0,180000.0,RUR,False
1825,112700114,Продавец-консультант/промоутер,https://api.hh.ru/vacancies/112700114?host=hh.ru,['Промоутер'],70000.0,90000.0,RUR,False
1826,113010550,Директор по маркетингу,https://api.hh.ru/vacancies/113010550?host=hh.ru,['Директор по маркетингу и PR (CMO)'],300000.0,,RUR,False
1827,113708324,Java-разработчик,https://api.hh.ru/vacancies/113708324?host=hh.ru,"['Программист, разработчик']",,,,
1828,114035921,Трафик-менеджер,https://api.hh.ru/vacancies/114035921?host=hh.ru,"['Менеджер по маркетингу, интернет-маркетолог']",300000.0,,RUR,False
1829,111898417,Frontend-разработчик (Junior frontend developer),https://api.hh.ru/vacancies/111898417?host=hh.ru,"['Программист, разработчик']",,50000.0,RUR,False
1830,113898284,Performance-маркетолог в ИТ-компанию,https://api.hh.ru/vacancies/113898284?host=hh.ru,"['Менеджер по маркетингу, интернет-маркетолог']",230000.0,,RUR,True
1831,114082827,Младший аналитик данных,https://api.hh.ru/vacancies/114082827?host=hh.ru,['Аналитик'],,,,
1832,112353090,Системный аналитик (junior/middle),https://api.hh.ru/vacancies/112353090?host=hh.ru,['Системный аналитик'],,,,
1833,113859891,Системный аналитик,https://api.hh.ru/vacancies/113859891?host=hh.ru,['Аналитик'],,,,
1834,113998875,Контент-менеджер сайта и маркетплейсов,https://api.hh.ru/vacancies/113998875?host=hh.ru,"['SMM-менеджер, контент-менеджер']",80000.0,100000.0,RUR,False
1835,114020088,IT recruiter/ ИТ рекрутер,https://api.hh.ru/vacancies/114020088?host=hh.ru,['Специалист по подбору персонала'],,,,
1836,114055543,SMM-менеджер,https://api.hh.ru/vacancies/114055543?host=hh.ru,"['SMM-менеджер, контент-менеджер']",80000.0,,RUR,False
1837,114063483,Ассистента,https://api.hh.ru/vacancies/114063483?host=hh.ru,['Другое'],20000.0,60000.0,RUR,False
1838,114180682,Smm-менеджер / Head of SMM,https://api.hh.ru/vacancies/114180682?host=hh.ru,"['SMM-менеджер, контент-менеджер']",80000.0,150000.0,RUR,False
1839,113763174,Product owner,https://api.hh.ru/vacancies/113763174?host=hh.ru,['Менеджер продукта'],,,,
1840,113866688,Golang developer (Видеоплатформа и сервисы),https://api.hh.ru/vacancies/113866688?host=hh.ru,"['Программист, разработчик']",,,,
1841,110458606,Системный аналитик,https://api.hh.ru/vacancies/110458606?host=hh.ru,['Системный аналитик'],,,,
1842,110947595,Аналитик-исследователь,https://api.hh.ru/vacancies/110947595?host=hh.ru,['Другое'],,,,
1843,112449946,Контент-мерчандайзер,https://api.hh.ru/vacancies/112449946?host=hh.ru,"['SMM-менеджер, контент-менеджер']",,,,
1844,113265938,Бизнес-ассистент,https://api.hh.ru/vacancies/113265938?host=hh.ru,"['Секретарь, помощник руководителя, ассистент']",180000.0,250000.0,RUR,False
1845,113705987,Контент-редактор/копирайтер в онлайн-школу,https://api.hh.ru/vacancies/113705987?host=hh.ru,"['Копирайтер, редактор, корректор']",100000.0,,RUR,False
1846,113924784,SMM-менеджер,https://api.hh.ru/vacancies/113924784?host=hh.ru,"['SMM-менеджер, контент-менеджер']",70000.0,,RUR,True
1847,110253684,Ведущий/старший аналитик,https://api.hh.ru/vacancies/110253684?host=hh.ru,['Бизнес-аналитик'],,,,
1848,111793976,Customer Care Manager/менеджер по сопровождению,https://api.hh.ru/vacancies/111793976?host=hh.ru,"['Менеджер по продажам, менеджер по работе с клиентами']",90000.0,,RUR,False
1849,113737155,Специалист по сертификации (Меркурий ХС / Честный знак),https://api.hh.ru/vacancies/113737155?host=hh.ru,['Специалист по сертификации'],90000.0,,RUR,False
1850,112728780,Продуктовый аналитик,https://api.hh.ru/vacancies/112728780?host=hh.ru,['Продуктовый аналитик'],,,,
1851,109586054,Старший консультант ЗУП,https://api.hh.ru/vacancies/109586054?host=hh.ru,['Аналитик'],,,,
1852,112882416,Менеджер продукта / Product Manager,https://api.hh.ru/vacancies/112882416?host=hh.ru,['Менеджер продукта'],220000.0,270000.0,RUR,False
1853,112329315,Менеджер по работе с регионами,https://api.hh.ru/vacancies/112329315?host=hh.ru,"['Менеджер по продажам, менеджер по работе с клиентами']",200000.0,,RUR,False
1854,113705070,Менеджер по маркетплейсам WB . Ozon,https://api.hh.ru/vacancies/113705070?host=hh.ru,"['Менеджер по маркетингу, интернет-маркетолог']",90000.0,100000.0,RUR,False
1855,114016648,Системный аналитик (возможна удаленка),https://api.hh.ru/vacancies/114016648?host=hh.ru,['Системный аналитик'],,,,
1856,109235614,Финансовый аналитик/бизнес-аналитик,https://api.hh.ru/vacancies/109235614?host=hh.ru,['Бизнес-аналитик'],170000.0,,RUR,False
1857,111572142,Линейный продюсер (офис),https://api.hh.ru/vacancies/111572142?host=hh.ru,"['Делопроизводитель, архивариус']",,,,
1858,112051210,"Тестировщик (бэк, ручное тестирование)",https://api.hh.ru/vacancies/112051210?host=hh.ru,['Тестировщик'],80000.0,90000.0,RUR,False
1859,112142652,Андеррайтер/Верификатор,https://api.hh.ru/vacancies/112142652?host=hh.ru,['Андеррайтер'],,80000.0,RUR,False
1860,112318364,Junior digital manager/стажер,https://api.hh.ru/vacancies/112318364?host=hh.ru,"['Менеджер по маркетингу, интернет-маркетолог']",,,,
1861,112382044,Менеджер по продажам оборудования,https://api.hh.ru/vacancies/112382044?host=hh.ru,"['Менеджер по продажам, менеджер по работе с клиентами']",200000.0,400000.0,RUR,False
1862,113138955,Начинающий бизнес-аналитик,https://api.hh.ru/vacancies/113138955?host=hh.ru,['Бизнес-аналитик'],70000.0,,RUR,False
1863,113756892,Руководитель отдела продаж в офис компании “РАУМЕД”,https://api.hh.ru/vacancies/113756892?host=hh.ru,['Руководитель отдела продаж'],250000.0,300000.0,RUR,False
1864,114182434,Интернет-маркетолог,https://api.hh.ru/vacancies/114182434?host=hh.ru,"['Менеджер по маркетингу, интернет-маркетолог']",130000.0,,RUR,False
1865,114192860,Маркетинг менеджер (SMM + таргет),https://api.hh.ru/vacancies/114192860?host=hh.ru,"['SMM-менеджер, контент-менеджер']",,,,
1866,114169427,Медиа Байер / Media buyer / Арбитражник,https://api.hh.ru/vacancies/114169427?host=hh.ru,"['Менеджер по маркетингу, интернет-маркетолог']",200000.0,,RUR,False
1867,114511735,Бизнес-ассистент Генерального Директора,https://api.hh.ru/vacancies/114511735?host=hh.ru,"['Секретарь, помощник руководителя, ассистент']",1200.0,2000.0,USD,True
1868,86600681,Стажер бизнес-аналитик,https://api.hh.ru/vacancies/86600681?host=hh.ru,['Аналитик'],,,,
1869,113765746,Менеджер проектов,https://api.hh.ru/vacancies/113765746?host=hh.ru,['Руководитель проектов'],,,,
1870,113870345,Менеджер по персоналу/рекрутер,https://api.hh.ru/vacancies/113870345?host=hh.ru,['Специалист по подбору персонала'],50000.0,,RUR,False
1871,113898079,Менеджер PR-проектов,https://api.hh.ru/vacancies/113898079?host=hh.ru,['PR-менеджер'],120000.0,,RUR,False
1872,114175144,Специалист по парсингу данных,https://api.hh.ru/vacancies/114175144?host=hh.ru,['Дата-сайентист'],,,,
1873,111251846,Аналитик данных,https://api.hh.ru/vacancies/111251846?host=hh.ru,"['BI-аналитик, аналитик данных']",,,,
1874,112350649,Начальник отдела развития ТПУ,https://api.hh.ru/vacancies/112350649?host=hh.ru,['Начальник производства'],,,,
1875,112996733,Бизнес-аналитик,https://api.hh.ru/vacancies/112996733?host=hh.ru,['Бизнес-аналитик'],,,,
1876,113136398,Специалист по контекстной рекламе (Удаленно),https://api.hh.ru/vacancies/113136398?host=hh.ru,['Руководитель отдела маркетинга и рекламы'],,,,
1877,112846973,Аналитик отдела финансово-экономического анализа,https://api.hh.ru/vacancies/112846973?host=hh.ru,"['Финансовый аналитик, инвестиционный аналитик']",,,,
1878,113150950,SMM-менеджер / Копирайтер / Email-маркетолог / Контент-менеджер (удаленно),https://api.hh.ru/vacancies/113150950?host=hh.ru,"['SMM-менеджер, контент-менеджер']",100000.0,110000.0,RUR,False
1879,114277896,Менеджер по оптовым продажам,https://api.hh.ru/vacancies/114277896?host=hh.ru,"['Менеджер по продажам, менеджер по работе с клиентами']",175000.0,,RUR,True
1880,114298841,Бухгалтер (учет реализаций),https://api.hh.ru/vacancies/114298841?host=hh.ru,['Бухгалтер'],110000.0,,RUR,False
1881,110168915,Системный аналитик,https://api.hh.ru/vacancies/110168915?host=hh.ru,['Системный аналитик'],,,,
1882,112075456,"QA Engineer, manual (web, mobile, SmartTV)",https://api.hh.ru/vacancies/112075456?host=hh.ru,['Тестировщик'],,,,
1883,113157820,Ассистент менеджера WB,https://api.hh.ru/vacancies/113157820?host=hh.ru,['Другое'],40000.0,40000.0,RUR,False
1884,105309198,Тестировщик,https://api.hh.ru/vacancies/105309198?host=hh.ru,['Тестировщик'],,,,
1885,110328104,Менеджер по работе с маркетплейсами (Ozon),https://api.hh.ru/vacancies/110328104?host=hh.ru,"['Менеджер по маркетингу, интернет-маркетолог']",90000.0,,RUR,False
1886,112624960,Аналитик/специалист,https://api.hh.ru/vacancies/112624960?host=hh.ru,['Другое'],106000.0,115000.0,RUR,True
1887,113549467,Директор по маркетингу в Дача Групп,https://api.hh.ru/vacancies/113549467?host=hh.ru,"['Менеджер по маркетингу, интернет-маркетолог']",200000.0,,RUR,True
1888,114186245,IOS-разработчик,https://api.hh.ru/vacancies/114186245?host=hh.ru,"['Программист, разработчик']",,,,
1889,113017693,Руководитель юридического отдела,https://api.hh.ru/vacancies/113017693?host=hh.ru,['Директор юридического департамента (CLO)'],,,,
1890,114062020,Руководитель проекта / Руководитель товарного направления (Home),https://api.hh.ru/vacancies/114062020?host=hh.ru,['Менеджер по закупкам'],,,,
1891,114200970,Инженер по оборудованию,https://api.hh.ru/vacancies/114200970?host=hh.ru,"['Сервисный инженер, инженер-механик']",,200000.0,RUR,False
1892,106398694,Младший специалист по маркетингу,https://api.hh.ru/vacancies/106398694?host=hh.ru,"['Менеджер по маркетингу, интернет-маркетолог']",,,,
1893,112113357,Операционный менеджер по концепциям отдыха Организатор туров по России,https://api.hh.ru/vacancies/112113357?host=hh.ru,['Менеджер по туризму'],70000.0,140000.0,RUR,False
1894,112795258,Ассистент финансового аналитика,https://api.hh.ru/vacancies/112795258?host=hh.ru,"['Финансовый аналитик, инвестиционный аналитик']",20000.0,50000.0,RUR,True
1895,113440734,Менеджер маркетплейсов,https://api.hh.ru/vacancies/113440734?host=hh.ru,"['Менеджер по маркетингу, интернет-маркетолог']",25000.0,,RUR,True
1896,111851284,Бизнес-аналитик (системы управления запасами),https://api.hh.ru/vacancies/111851284?host=hh.ru,['Бизнес-аналитик'],,,,
1897,112586127,Менеджер интернет магазина бутика Raschini,https://api.hh.ru/vacancies/112586127?host=hh.ru,"['Менеджер по маркетингу, интернет-маркетолог']",75000.0,90000.0,RUR,False
1898,113855648,Рекрутер/HR-менеджер,https://api.hh.ru/vacancies/113855648?host=hh.ru,['Специалист по подбору персонала'],50000.0,90000.0,RUR,False
1899,108700887,Product Owner,https://api.hh.ru/vacancies/108700887?host=hh.ru,['Менеджер продукта'],,,,
1900,112055262,Менеджер по работе с комьюнити авторов / менеджер проектов,https://api.hh.ru/vacancies/112055262?host=hh.ru,['PR-менеджер'],,,,
1901,112987396,Ведущий системный аналитик (ИТ архитектор),https://api.hh.ru/vacancies/112987396?host=hh.ru,['Системный аналитик'],,,,
1902,113735452,Java разработчик (Middle/Senior),https://api.hh.ru/vacancies/113735452?host=hh.ru,"['Программист, разработчик']",,,,
1903,113743176,Маркетолог-аналитик GetCourse,https://api.hh.ru/vacancies/113743176?host=hh.ru,['Маркетолог-аналитик'],70000.0,,RUR,True
1904,113857535,Интернет-маркетолог,https://api.hh.ru/vacancies/113857535?host=hh.ru,"['Менеджер по маркетингу, интернет-маркетолог']",80000.0,150000.0,RUR,False
1905,114314695,Менеджер по маркетингу/Маркетолог,https://api.hh.ru/vacancies/114314695?host=hh.ru,"['Менеджер по маркетингу, интернет-маркетолог']",,,,
1906,108948659,Финансовый аналитик,https://api.hh.ru/vacancies/108948659?host=hh.ru,"['Финансовый аналитик, инвестиционный аналитик']",,,,
1907,111980287,Middle QA / Инженер по функциональному тестированию,https://api.hh.ru/vacancies/111980287?host=hh.ru,['Тестировщик'],,,,
1908,108614823,"Младший менеджер по работе с Wildberries, удаленно",https://api.hh.ru/vacancies/108614823?host=hh.ru,['Аналитик'],40000.0,40000.0,RUR,False
1909,111869297,Директолог / Контекстолог,https://api.hh.ru/vacancies/111869297?host=hh.ru,"['Менеджер по маркетингу, интернет-маркетолог']",100000.0,250000.0,RUR,False
1910,112168679,Менеджер Telegram,https://api.hh.ru/vacancies/112168679?host=hh.ru,"['SMM-менеджер, контент-менеджер']",,,,
1911,113004166,Менеджер по работе с маркетплейсами,https://api.hh.ru/vacancies/113004166?host=hh.ru,"['Менеджер по маркетингу, интернет-маркетолог']",200000.0,,RUR,False
1912,114131537,Руководитель группы продуктовой аналитики (FMCG),https://api.hh.ru/vacancies/114131537?host=hh.ru,['Руководитель отдела аналитики'],,,,
1913,114186968,Разработчик оптимизационных алгоритмов (Python),https://api.hh.ru/vacancies/114186968?host=hh.ru,"['Программист, разработчик']",,,,
1914,112769796,Бизнес-ассистент руководителя,https://api.hh.ru/vacancies/112769796?host=hh.ru,"['Секретарь, помощник руководителя, ассистент']",160000.0,,RUR,False
1915,108432143,Категорийный менеджер,https://api.hh.ru/vacancies/108432143?host=hh.ru,['Менеджер по закупкам'],,,,
1916,110765588,Менеджер по работе с иностранными поставщиками,https://api.hh.ru/vacancies/110765588?host=hh.ru,['Менеджер по закупкам'],85000.0,,RUR,False
1917,112428818,Менеджер по продажам в сфере туризма,https://api.hh.ru/vacancies/112428818?host=hh.ru,['Менеджер по туризму'],,,,
1918,112550498,Старший Аналитик. (удаленно),https://api.hh.ru/vacancies/112550498?host=hh.ru,"['BI-аналитик, аналитик данных']",4500.0,5200.0,USD,False
1919,113320025,Контекстолог/Директолог (Я. Директ),https://api.hh.ru/vacancies/113320025?host=hh.ru,"['Менеджер по маркетингу, интернет-маркетолог']",110000.0,130000.0,RUR,False
1920,112062844,Начинающий аналитик,https://api.hh.ru/vacancies/112062844?host=hh.ru,['Аналитик'],50000.0,60000.0,RUR,False
1921,112186970,Бизнес-аналитик (консалтинговый проект для банка),https://api.hh.ru/vacancies/112186970?host=hh.ru,['Бизнес-аналитик'],,,,
1922,112449896,Менеджер по внутренней рекламе/Маркетолог Wildberries,https://api.hh.ru/vacancies/112449896?host=hh.ru,"['Менеджер по маркетингу, интернет-маркетолог']",,,,
1923,114179567,Коммерческий директор (строительные материалы),https://api.hh.ru/vacancies/114179567?host=hh.ru,['Коммерческий директор (CCO)'],,,,
1924,110671654,"Ассистент менеджера маркетплейса WB (косметика, товары для дома)",https://api.hh.ru/vacancies/110671654?host=hh.ru,"['Менеджер по маркетингу, интернет-маркетолог']",30000.0,,RUR,False
1925,112817830,Менеджер по продажам (совмещение),https://api.hh.ru/vacancies/112817830?host=hh.ru,"['Менеджер по продажам, менеджер по работе с клиентами']",60000.0,130000.0,RUR,False
1926,113924724,Специалист казначейства для международной компании,https://api.hh.ru/vacancies/113924724?host=hh.ru,['Казначей'],,,,
1927,114012841,Flutter-разработчик,https://api.hh.ru/vacancies/114012841?host=hh.ru,"['Программист, разработчик']",,,,
1928,112347887,Специалист по контекстной рекламе ( удаленно),https://api.hh.ru/vacancies/112347887?host=hh.ru,"['Менеджер по маркетингу, интернет-маркетолог']",100000.0,100000.0,RUR,False
1929,114206667,Продуктовый аналитик (мобильное приложение сборщика),https://api.hh.ru/vacancies/114206667?host=hh.ru,['Продуктовый аналитик'],,,,
1930,114286737,Руководитель отдела компенсации и льготы (C&B) и payroll,https://api.hh.ru/vacancies/114286737?host=hh.ru,['Менеджер по компенсациям и льготам'],,,,
1931,112538754,Маркетолог-аналитик,https://api.hh.ru/vacancies/112538754?host=hh.ru,['Маркетолог-аналитик'],,,,
1932,112748292,Аналитик,https://api.hh.ru/vacancies/112748292?host=hh.ru,['Аналитик'],,,,
1933,112766676,Аналитик,https://api.hh.ru/vacancies/112766676?host=hh.ru,['Аналитик'],65000.0,,RUR,False
1934,113697460,Аналитик по описанию и оптимизации бизнес-процессов,https://api.hh.ru/vacancies/113697460?host=hh.ru,['Руководитель проектов'],,,,
1935,113721329,Специалист по прогнозированию и планированию,https://api.hh.ru/vacancies/113721329?host=hh.ru,['Аналитик'],,,,
1936,108016765,Менеджер по продажам,https://api.hh.ru/vacancies/108016765?host=hh.ru,"['Менеджер по продажам, менеджер по работе с клиентами']",150000.0,250000.0,RUR,True
1937,112640687,"Менеджер по маркетингу, рекламе и PR",https://api.hh.ru/vacancies/112640687?host=hh.ru,"['Менеджер по маркетингу, интернет-маркетолог']",,,,
1938,113889887,Бизнес-аналитик (Лукоморье),https://api.hh.ru/vacancies/113889887?host=hh.ru,['Бизнес-аналитик'],,,,
1939,114012680,Ведущий менеджер по маркетплейсам (OZON),https://api.hh.ru/vacancies/114012680?host=hh.ru,"['Менеджер по продажам, менеджер по работе с клиентами']",140000.0,,RUR,False
1940,114015932,Финансовый аналитик,https://api.hh.ru/vacancies/114015932?host=hh.ru,"['Финансовый аналитик, инвестиционный аналитик']",200000.0,,RUR,False
1941,114016990,Системный аналитик,https://api.hh.ru/vacancies/114016990?host=hh.ru,['Системный аналитик'],,200000.0,RUR,False
1942,112355047,Руководитель отдела маркетинга,https://api.hh.ru/vacancies/112355047?host=hh.ru,['Директор по маркетингу и PR (CMO)'],,,,
1943,113016795,Java Developer (удаленно),https://api.hh.ru/vacancies/113016795?host=hh.ru,"['Программист, разработчик']",,,,
1944,113858808,Маркетолог в социальных сетях (SMM),https://api.hh.ru/vacancies/113858808?host=hh.ru,"['SMM-менеджер, контент-менеджер']",100000.0,100000.0,RUR,False
1945,113896315,Руководитель отдела закупок (HoReCa),https://api.hh.ru/vacancies/113896315?host=hh.ru,['Менеджер по закупкам'],,,,
1946,114022720,"Email-маркетолог (Интернет-маркетолог, CRM-маркетолог)",https://api.hh.ru/vacancies/114022720?host=hh.ru,"['Менеджер по маркетингу, интернет-маркетолог']",,,,
1947,108259376,Инженер по тестированию,https://api.hh.ru/vacancies/108259376?host=hh.ru,['Тестировщик'],,,,
1948,113725639,Product designer,https://api.hh.ru/vacancies/113725639?host=hh.ru,"['Дизайнер, художник']",,230000.0,RUR,False
1949,114289208,Авитолог (по работе с классифайдами),https://api.hh.ru/vacancies/114289208?host=hh.ru,['Маркетолог-аналитик'],,,,
1950,111754600,Руководитель проектов / Project Manager,https://api.hh.ru/vacancies/111754600?host=hh.ru,['Руководитель проектов'],,,,
1951,112785109,Аналитик данных,https://api.hh.ru/vacancies/112785109?host=hh.ru,"['BI-аналитик, аналитик данных']",280000.0,350000.0,RUR,True
1952,113705572,Аналитик SOC,https://api.hh.ru/vacancies/113705572?host=hh.ru,['Специалист по информационной безопасности'],,,,
1953,113736550,Менеджер по маркетингу,https://api.hh.ru/vacancies/113736550?host=hh.ru,"['Менеджер по маркетингу, интернет-маркетолог']",70000.0,100000.0,RUR,False
1954,114037201,Аналитик,https://api.hh.ru/vacancies/114037201?host=hh.ru,['Другое'],,,,
1955,114038637,Главный бухгалтер в офис,https://api.hh.ru/vacancies/114038637?host=hh.ru,['Бухгалтер'],150000.0,170000.0,RUR,True
1956,111880976,Product Manager,https://api.hh.ru/vacancies/111880976?host=hh.ru,['Менеджер продукта'],,230000.0,RUR,False
1957,112512453,Системный аналитик/Технический писатель (рост в Аналитика данных),https://api.hh.ru/vacancies/112512453?host=hh.ru,['Системный аналитик'],160000.0,,RUR,False
1958,113415035,Менеджер по маркетплейсам (SEO специалист),https://api.hh.ru/vacancies/113415035?host=hh.ru,"['Менеджер по маркетингу, интернет-маркетолог']",,40000.0,RUR,False
1959,114188209,Аналитик данных в тендерный отдел,https://api.hh.ru/vacancies/114188209?host=hh.ru,"['BI-аналитик, аналитик данных']",150000.0,170000.0,RUR,False
1960,111746243,Специалист отдела сервиса,https://api.hh.ru/vacancies/111746243?host=hh.ru,"['Оператор call-центра, специалист контактного центра']",40000.0,,RUR,False
1961,112759988,Python-разработчик,https://api.hh.ru/vacancies/112759988?host=hh.ru,"['Программист, разработчик']",,,,
1962,112962954,Стажёр-разработчик SQL,https://api.hh.ru/vacancies/112962954?host=hh.ru,"['BI-аналитик, аналитик данных']",,,,
1963,112999283,Middle/Senior Backend (Golang) developer,https://api.hh.ru/vacancies/112999283?host=hh.ru,"['Программист, разработчик']",250000.0,,RUR,True
1964,114309105,Менеджер по работе с маркетплейсом Ozon,https://api.hh.ru/vacancies/114309105?host=hh.ru,"['Менеджер по маркетингу, интернет-маркетолог']",100000.0,,RUR,True
1965,110672599,Ведущий инженер по тестированию (QA/SDET),https://api.hh.ru/vacancies/110672599?host=hh.ru,['Тестировщик'],,,,
1966,112146938,Project Manager,https://api.hh.ru/vacancies/112146938?host=hh.ru,['Руководитель проектов'],,,,
1967,112778582,Стажер Аккаунт-менеджер / Project Manager,https://api.hh.ru/vacancies/112778582?host=hh.ru,"['Менеджер по продажам, менеджер по работе с клиентами']",,,,
1968,113322154,Личный помощник,https://api.hh.ru/vacancies/113322154?host=hh.ru,"['Секретарь, помощник руководителя, ассистент']",,15000.0,RUR,False
1969,113875275,"Системный/Бизнес аналитик (middle, senior)",https://api.hh.ru/vacancies/113875275?host=hh.ru,['Системный аналитик'],,330000.0,RUR,True
1970,114201008,PR/SMM менеджер,https://api.hh.ru/vacancies/114201008?host=hh.ru,['PR-менеджер'],45000.0,110000.0,RUR,True
1971,107695112,Специалист по тестированию банковского ПО,https://api.hh.ru/vacancies/107695112?host=hh.ru,['Тестировщик'],,,,
1972,114169432,Product Owner \ Ведущий бизнес-аналитик,https://api.hh.ru/vacancies/114169432?host=hh.ru,['Бизнес-аналитик'],,,,
1973,112353542,Руководитель IT проектов,https://api.hh.ru/vacancies/112353542?host=hh.ru,['Руководитель проектов'],,250000.0,RUR,False
1974,112545610,Руководитель отдела рекламы и PR,https://api.hh.ru/vacancies/112545610?host=hh.ru,['PR-менеджер'],,,,
1975,113150389,Стажер - Бизнес Аналитик,https://api.hh.ru/vacancies/113150389?host=hh.ru,['Бизнес-аналитик'],,,,
1976,113157398,Руководитель департамента аналитики бизнес-процессов,https://api.hh.ru/vacancies/113157398?host=hh.ru,['Руководитель отдела аналитики'],,,,
1977,114303998,Менеджер по работе с отзывами,https://api.hh.ru/vacancies/114303998?host=hh.ru,"['Копирайтер, редактор, корректор']",52000.0,59000.0,RUR,True
1978,112494644,Marketing Researcher / Специалист по качественным исследованиям,https://api.hh.ru/vacancies/112494644?host=hh.ru,['Маркетолог-аналитик'],,,,
1979,112704903,Менеджер проекта,https://api.hh.ru/vacancies/112704903?host=hh.ru,['Аналитик'],,,,
1980,113160350,Бизнес-аналитик,https://api.hh.ru/vacancies/113160350?host=hh.ru,['Бизнес-аналитик'],200000.0,,RUR,True
1981,113874315,Директор по маркетингу,https://api.hh.ru/vacancies/113874315?host=hh.ru,"['Повар, пекарь, кондитер']",,,,
1982,113912323,Head of Product (Offer Walls),https://api.hh.ru/vacancies/113912323?host=hh.ru,['Менеджер продукта'],,,,
1983,114048393,Инвестиционный аналитик,https://api.hh.ru/vacancies/114048393?host=hh.ru,"['Финансовый аналитик, инвестиционный аналитик']",,,,
1984,113018285,Системный аналитик,https://api.hh.ru/vacancies/113018285?host=hh.ru,['Системный аналитик'],,,,
1985,113858088,Продуктовый маркетолог/ Product Marketing Manager,https://api.hh.ru/vacancies/113858088?host=hh.ru,"['Менеджер по маркетингу, интернет-маркетолог']",,,,
1986,114033427,Аналитик в команду транспортной логистики,https://api.hh.ru/vacancies/114033427?host=hh.ru,"['Менеджер по логистике, менеджер по ВЭД']",,,,
1987,114057173,Продуктовый менеджер веб-проектов,https://api.hh.ru/vacancies/114057173?host=hh.ru,['Менеджер продукта'],,,,
1988,114057173,Продуктовый менеджер веб-проектов,https://api.hh.ru/vacancies/114057173?host=hh.ru,['Менеджер продукта'],,,,
1989,111741164,Product Manager,https://api.hh.ru/vacancies/111741164?host=hh.ru,['Менеджер продукта'],,,,
1990,111800281,Chief Product Officer (CPO),https://api.hh.ru/vacancies/111800281?host=hh.ru,['Менеджер продукта'],,,,
1991,112405901,Middle Frontend разработчик,https://api.hh.ru/vacancies/112405901?host=hh.ru,"['Программист, разработчик']",,,,
1992,114020250,Технический менеджер продуктов. Архитектор,https://api.hh.ru/vacancies/114020250?host=hh.ru,['Менеджер продукта'],,,,
1993,114024745,SMM-специалист в онлайн-школу,https://api.hh.ru/vacancies/114024745?host=hh.ru,"['SMM-менеджер, контент-менеджер']",70000.0,,RUR,True
1994,114191301,Senior Product Manager (стрим оплат),https://api.hh.ru/vacancies/114191301?host=hh.ru,['Менеджер продукта'],,,,
1995,114293736,Бизнес-аналитик / Системный аналитик,https://api.hh.ru/vacancies/114293736?host=hh.ru,['Бизнес-аналитик'],,,,
1996,103906865,Аналитик (Федеральные проекты),https://api.hh.ru/vacancies/103906865?host=hh.ru,['Аналитик'],,,,
1997,109784425,Программист,https://api.hh.ru/vacancies/109784425?host=hh.ru,"['Программист, разработчик']",,230000.0,RUR,False
1998,112168851,Разработчик Delphi,https://api.hh.ru/vacancies/112168851?host=hh.ru,"['Программист, разработчик']",300000.0,340000.0,RUR,True
1999,113016740,Аналитик данных,https://api.hh.ru/vacancies/113016740?host=hh.ru,['Аналитик'],,,,
2000,113317119,Клиентский менеджер в салон красоты / Старший администратор,https://api.hh.ru/vacancies/113317119?host=hh.ru,['Администратор'],70000.0,200000.0,RUR,False
2001,113709889,Системный аналитик (senior/middle+/middle),https://api.hh.ru/vacancies/113709889?host=hh.ru,['Системный аналитик'],,320000.0,RUR,False
2002,114298381,Маркетолог / Интернет-маркетолог,https://api.hh.ru/vacancies/114298381?host=hh.ru,"['Менеджер по маркетингу, интернет-маркетолог']",100000.0,150000.0,RUR,False
2003,111261895,Заместитель директора по персоналу,https://api.hh.ru/vacancies/111261895?host=hh.ru,['Директор по персоналу (HRD)'],,,,
2004,111633867,Помощник руководителя/Project manager (Дубай),https://api.hh.ru/vacancies/111633867?host=hh.ru,"['Секретарь, помощник руководителя, ассистент']",2700.0,4100.0,USD,False
2005,113326420,Аналитик данных Power BI,https://api.hh.ru/vacancies/113326420?host=hh.ru,"['BI-аналитик, аналитик данных']",700.0,1500.0,EUR,False
2006,113747394,Системный аналитик,https://api.hh.ru/vacancies/113747394?host=hh.ru,['Системный аналитик'],,,,
2007,112366680,Руководитель сопровождения студентов,https://api.hh.ru/vacancies/112366680?host=hh.ru,['Методолог'],100000.0,120000.0,RUR,False
2008,113144076,Frontend Developer (React),https://api.hh.ru/vacancies/113144076?host=hh.ru,"['Программист, разработчик']",,,,
2009,114018803,Аналитик /Системный аналитик,https://api.hh.ru/vacancies/114018803?host=hh.ru,['Системный аналитик'],,,,
2010,114193236,Инженер технической поддержки (HelpDesk),https://api.hh.ru/vacancies/114193236?host=hh.ru,['Специалист технической поддержки'],,,,
2011,113016190,Senior QA-инженер,https://api.hh.ru/vacancies/113016190?host=hh.ru,['Специалист технической поддержки'],,,,
2012,113741753,Администратор ИТ проектов,https://api.hh.ru/vacancies/113741753?host=hh.ru,['Администратор'],,,,
2013,114013958,Junior Аналитик отчетности операционных рисков,https://api.hh.ru/vacancies/114013958?host=hh.ru,['Аналитик'],,,,
2014,111335663,Менеджер по персоналу (beauty сфера),https://api.hh.ru/vacancies/111335663?host=hh.ru,['Менеджер по персоналу'],100000.0,,RUR,True
2015,113848863,Руководитель отдела контента,https://api.hh.ru/vacancies/113848863?host=hh.ru,['Руководитель отдела маркетинга и рекламы'],90000.0,,RUR,False
2016,114004895,Главный бухгалтер на ОУР,https://api.hh.ru/vacancies/114004895?host=hh.ru,['Бухгалтер'],,,,
2017,114015083,SMM-специалист,https://api.hh.ru/vacancies/114015083?host=hh.ru,"['SMM-менеджер, контент-менеджер']",50000.0,,RUR,True
2018,114076092,IT-рекрутер (Executive search),https://api.hh.ru/vacancies/114076092?host=hh.ru,['Специалист по подбору персонала'],,,,
2019,112430782,Менеджер образовательных проектов,https://api.hh.ru/vacancies/112430782?host=hh.ru,['Руководитель проектов'],,,,
2020,114498791,"Помощник/ассистент менеджера маркетплейсов (Озон, Вайлдбериез, Ozon, Wildberries)",https://api.hh.ru/vacancies/114498791?host=hh.ru,"['Менеджер по маркетингу, интернет-маркетолог']",40000.0,130000.0,RUR,False
2021,109955448,Account Manager [Junior],https://api.hh.ru/vacancies/109955448?host=hh.ru,"['Менеджер по маркетингу, интернет-маркетолог']",,,,
2022,113867512,Менеджер по логистике ВЭД,https://api.hh.ru/vacancies/113867512?host=hh.ru,"['Менеджер по логистике, менеджер по ВЭД']",80000.0,,RUR,False
2023,112532989,"Frontend-разработчик (React, TypeScript)",https://api.hh.ru/vacancies/112532989?host=hh.ru,"['Программист, разработчик']",,,,
2024,114300964,Маркетинговый аналитик,https://api.hh.ru/vacancies/114300964?host=hh.ru,['Маркетолог-аналитик'],,,,
2025,109686949,Помощник аудитора,https://api.hh.ru/vacancies/109686949?host=hh.ru,['Бухгалтер'],120000.0,140000.0,RUR,False
2026,112536906,Руководитель отдела маркетинга и рекламы,https://api.hh.ru/vacancies/112536906?host=hh.ru,['Руководитель отдела маркетинга и рекламы'],150000.0,,RUR,False
2027,113251722,Юрист-аналитик,https://api.hh.ru/vacancies/113251722?host=hh.ru,['Юрист'],30000.0,110000.0,RUR,False
2028,113859898,Ведущий менеджер по маркетингу и рекламе,https://api.hh.ru/vacancies/113859898?host=hh.ru,"['Менеджер по маркетингу, интернет-маркетолог']",130000.0,180000.0,RUR,False
2029,91190779,Помощник Интернет-маркетолога (удаленно),https://api.hh.ru/vacancies/91190779?host=hh.ru,"['Менеджер по маркетингу, интернет-маркетолог']",30000.0,60000.0,RUR,False
2030,111978982,Стажер в отдел бизнес-аналитики и управления данными,https://api.hh.ru/vacancies/111978982?host=hh.ru,['Другое'],,,,
2031,112658424,Специалист отдела контроля качества звонков (ОКК),https://api.hh.ru/vacancies/112658424?host=hh.ru,['Другое'],80000.0,,RUR,False
2032,113031243,Старший менеджер по работе с маркетплейсами (Wildberries),https://api.hh.ru/vacancies/113031243?host=hh.ru,"['Менеджер по маркетингу, интернет-маркетолог']",,150000.0,RUR,False
2033,113736736,"Финансовый аналитик в сервис путешествий, Middle+",https://api.hh.ru/vacancies/113736736?host=hh.ru,['Другое'],,,,
2034,109240975,Ведущий инженер технической поддержки,https://api.hh.ru/vacancies/109240975?host=hh.ru,['Специалист технической поддержки'],120000.0,,RUR,False
2035,111805676,Менеджер по работе с маркетплейсом,https://api.hh.ru/vacancies/111805676?host=hh.ru,"['Менеджер по маркетингу, интернет-маркетолог']",50000.0,120000.0,RUR,False
2036,111994926,Junior Project Manager,https://api.hh.ru/vacancies/111994926?host=hh.ru,['Руководитель проектов'],,,,
2037,112401710,Ведущий менеджер по маркетингу и PR,https://api.hh.ru/vacancies/112401710?host=hh.ru,"['Менеджер по маркетингу, интернет-маркетолог']",250000.0,,RUR,True
2038,112514318,Младший аналитик-разработчик (SQL),https://api.hh.ru/vacancies/112514318?host=hh.ru,['Аналитик'],,,,
2039,113281707,Perfomance-маркетолог / Менеджер по интернет продвижению,https://api.hh.ru/vacancies/113281707?host=hh.ru,"['Менеджер по маркетингу, интернет-маркетолог']",,350000.0,RUR,False
2040,113740792,Руководитель розничной сети,https://api.hh.ru/vacancies/113740792?host=hh.ru,"['Директор магазина, директор сети магазинов']",,,,
2041,114286307,Аналитик 1С,https://api.hh.ru/vacancies/114286307?host=hh.ru,['Аналитик'],265000.0,,RUR,True
2042,112701417,Руководитель контактного центра,https://api.hh.ru/vacancies/112701417?host=hh.ru,['Руководитель отдела клиентского обслуживания'],200000.0,,RUR,False
2043,113020416,Data Engineer,https://api.hh.ru/vacancies/113020416?host=hh.ru,"['Программист, разработчик']",,,,
2044,113739120,Системный аналитик (junior+/middle),https://api.hh.ru/vacancies/113739120?host=hh.ru,['Системный аналитик'],,,,
2045,114048853,UX/UI-дизайнер,https://api.hh.ru/vacancies/114048853?host=hh.ru,"['Дизайнер, художник']",,,,
2046,114186363,Бизнес-аналитик,https://api.hh.ru/vacancies/114186363?host=hh.ru,['Бизнес-аналитик'],,,,
2047,108631914,Директор по работе с ключевыми клиентами,https://api.hh.ru/vacancies/108631914?host=hh.ru,"['Менеджер по продажам, менеджер по работе с клиентами']",280000.0,,RUR,False
2048,111892494,Финансовый аналитик/финансовый менеджер (удаленно),https://api.hh.ru/vacancies/111892494?host=hh.ru,['Другое'],100000.0,200000.0,RUR,False
2049,112842671,Python-разработчик,https://api.hh.ru/vacancies/112842671?host=hh.ru,"['Программист, разработчик']",,350000.0,RUR,False
2050,112992804,Менеджер по работе с маркетплейсами,https://api.hh.ru/vacancies/112992804?host=hh.ru,"['Менеджер по маркетингу, интернет-маркетолог']",,,,
2051,113878526,HR BP / Talent acquisition manager,https://api.hh.ru/vacancies/113878526?host=hh.ru,['Менеджер по персоналу'],145000.0,300000.0,RUR,False
2052,114054766,Руководитель отдела продаж (В2В сегмент),https://api.hh.ru/vacancies/114054766?host=hh.ru,['Руководитель отдела продаж'],200000.0,350000.0,RUR,False
2053,114059661,Бизнес-аналитик,https://api.hh.ru/vacancies/114059661?host=hh.ru,['Бизнес-аналитик'],,200000.0,RUR,False
2054,114076167,Информационный аналитик,https://api.hh.ru/vacancies/114076167?host=hh.ru,['Системный аналитик'],,,,
2055,114088857,Специалист по контекстной рекламе в Яндекс.Директ / Контекстолог / Директолог,https://api.hh.ru/vacancies/114088857?host=hh.ru,"['Менеджер по маркетингу, интернет-маркетолог']",100000.0,,RUR,True
2056,114287003,Трафик-менеджер,https://api.hh.ru/vacancies/114287003?host=hh.ru,"['Менеджер по маркетингу, интернет-маркетолог']",,,,
2057,105785580,Стажер SMM,https://api.hh.ru/vacancies/105785580?host=hh.ru,"['SMM-менеджер, контент-менеджер']",,,,
2058,109680075,Системный аналитик,https://api.hh.ru/vacancies/109680075?host=hh.ru,['Системный аналитик'],,,,
2059,112066400,Менеджер по обучению и коучингу (КСЖ),https://api.hh.ru/vacancies/112066400?host=hh.ru,['Кредитный специалист'],,,,
2060,114082397,Marketing Manager,https://api.hh.ru/vacancies/114082397?host=hh.ru,"['Менеджер по маркетингу, интернет-маркетолог']",,,,
2061,112448996,Коммерческий директор/Руководитель подразделения,https://api.hh.ru/vacancies/112448996?host=hh.ru,['Коммерческий директор (CCO)'],400000.0,450000.0,RUR,False
2062,113703370,Digital маркетолог,https://api.hh.ru/vacancies/113703370?host=hh.ru,"['Менеджер по маркетингу, интернет-маркетолог']",130000.0,,RUR,False
2063,113924958,Помощник/ассистент руководителя,https://api.hh.ru/vacancies/113924958?host=hh.ru,"['Секретарь, помощник руководителя, ассистент']",10000.0,50000.0,RUR,False
2064,114183187,Руководитель продуктового B2C маркетинга вертикали Услуги,https://api.hh.ru/vacancies/114183187?host=hh.ru,"['Менеджер по маркетингу, интернет-маркетолог']",,,,
2065,114183302,Аналитик данных,https://api.hh.ru/vacancies/114183302?host=hh.ru,"['BI-аналитик, аналитик данных']",,,,
2066,109208803,Аналитик (начинающий специалист),https://api.hh.ru/vacancies/109208803?host=hh.ru,['Другое'],105000.0,130000.0,RUR,False
2067,112600962,SMM-менеджер,https://api.hh.ru/vacancies/112600962?host=hh.ru,"['SMM-менеджер, контент-менеджер']",100000.0,,RUR,False
2068,113271130,Директолог/Специалист по контекстной рекламе,https://api.hh.ru/vacancies/113271130?host=hh.ru,"['Менеджер по маркетингу, интернет-маркетолог']",50000.0,120000.0,RUR,False
2069,113274432,Системный аналитик (Fintech),https://api.hh.ru/vacancies/113274432?host=hh.ru,['Системный аналитик'],,,,
2070,113291165,Менеджер по продажам В2В,https://api.hh.ru/vacancies/113291165?host=hh.ru,"['Менеджер по продажам, менеджер по работе с клиентами']",80000.0,130000.0,RUR,False
2071,113740765,Бухгалтер на первичную документацию,https://api.hh.ru/vacancies/113740765?host=hh.ru,['Бухгалтер'],85000.0,110000.0,RUR,False
2072,113765689,Младший консультант-аналитик (направление Microsoft Dynamics CRM),https://api.hh.ru/vacancies/113765689?host=hh.ru,['Системный аналитик'],60000.0,85000.0,RUR,True
2073,114009925,Руководитель направления «Индивидуальное сопровождение»,https://api.hh.ru/vacancies/114009925?host=hh.ru,['Другое'],100000.0,120000.0,RUR,False
2074,109478146,Начинающий специалист в департамент PR,https://api.hh.ru/vacancies/109478146?host=hh.ru,['PR-менеджер'],,,,
2075,111914236,Кризисный управляющий,https://api.hh.ru/vacancies/111914236?host=hh.ru,['Другое'],300000.0,,RUR,False
2076,112879651,Маркетолог,https://api.hh.ru/vacancies/112879651?host=hh.ru,"['Менеджер по маркетингу, интернет-маркетолог']",100000.0,,RUR,False
2077,112161813,Аналитик OZON \ Ведущий менеджер OZON,https://api.hh.ru/vacancies/112161813?host=hh.ru,['Другое'],180000.0,,RUR,False
2078,112758087,Аналитик отдела планирования,https://api.hh.ru/vacancies/112758087?host=hh.ru,['Аналитик'],,,,
2079,114189407,Ассистент HR-Департамента,https://api.hh.ru/vacancies/114189407?host=hh.ru,['Другое'],,,,
2080,110100079,Бухгалтер по расчету заработной платы (стажировка на консультанта 1С:ЗУП),https://api.hh.ru/vacancies/110100079?host=hh.ru,['Бухгалтер'],81600.0,130700.0,RUR,True
2081,112576055,Специалист тендерного отдела,https://api.hh.ru/vacancies/112576055?host=hh.ru,['Специалист по тендерам'],,,,
2082,113150573,Руководитель отдела маркетинга (ниша - премиум ремонты и строительство частных домов),https://api.hh.ru/vacancies/113150573?host=hh.ru,['Руководитель отдела маркетинга и рекламы'],161000.0,203000.0,RUR,False
2083,113291773,Head of analytics,https://api.hh.ru/vacancies/113291773?host=hh.ru,['Руководитель отдела аналитики'],300000.0,,RUR,False
2084,114283999,Media Buyer,https://api.hh.ru/vacancies/114283999?host=hh.ru,"['Менеджер по маркетингу, интернет-маркетолог']",,,,
2085,108238057,Системный аналитик,https://api.hh.ru/vacancies/108238057?host=hh.ru,['Системный аналитик'],,,,
2086,111448134,Системный аналитик,https://api.hh.ru/vacancies/111448134?host=hh.ru,['Системный аналитик'],150000.0,,RUR,False
2087,112172694,Системный аналитик-стажер,https://api.hh.ru/vacancies/112172694?host=hh.ru,['Аналитик'],,,,
2088,112716026,Аналитик данных (Коммерческий департамент),https://api.hh.ru/vacancies/112716026?host=hh.ru,['Аналитик'],,,,
2089,113780173,Директор по развитию бизнеса / Business Development Director,https://api.hh.ru/vacancies/113780173?host=hh.ru,['Руководитель отдела продаж'],,,,
2090,112349658,Менеджер игрового проекта (монетизатор),https://api.hh.ru/vacancies/112349658?host=hh.ru,['Менеджер продукта'],,,,
2091,113336062,Главный бухгалтер,https://api.hh.ru/vacancies/113336062?host=hh.ru,['Бухгалтер'],150000.0,200000.0,RUR,False
2092,113886339,Контент-менеджер,https://api.hh.ru/vacancies/113886339?host=hh.ru,"['SMM-менеджер, контент-менеджер']",65000.0,,RUR,False
2093,114039366,"Аналитик данных (Power BI, Excel)",https://api.hh.ru/vacancies/114039366?host=hh.ru,"['BI-аналитик, аналитик данных']",,,,
2094,111313894,Специалист контрактного отдела (Москва),https://api.hh.ru/vacancies/111313894?host=hh.ru,['Юрисконсульт'],126000.0,162000.0,RUR,False
2095,113738537,Junior специалист по контекстной рекламе / Junior Paid Search Manager,https://api.hh.ru/vacancies/113738537?host=hh.ru,"['Менеджер по маркетингу, интернет-маркетолог']",60000.0,70000.0,RUR,False
2096,111903334,Проджект-менеджер в Digital-агентство (Fashion сегмент),https://api.hh.ru/vacancies/111903334?host=hh.ru,"['Менеджер по маркетингу, интернет-маркетолог']",100000.0,150000.0,RUR,False
2097,112362175,Дизайнер карточек для Wildberries,https://api.hh.ru/vacancies/112362175?host=hh.ru,"['Дизайнер, художник']",80000.0,,RUR,False
2098,112363628,Директор по маркетингу,https://api.hh.ru/vacancies/112363628?host=hh.ru,['Директор по маркетингу и PR (CMO)'],,,,
2099,112467761,Web-разработчик (верстка),https://api.hh.ru/vacancies/112467761?host=hh.ru,"['Программист, разработчик']",,,,
2100,112696541,Аналитик по работе с ОЗОН (OZON),https://api.hh.ru/vacancies/112696541?host=hh.ru,['Аналитик'],90000.0,,RUR,False
2101,112843565,SMM-менеджер,https://api.hh.ru/vacancies/112843565?host=hh.ru,"['SMM-менеджер, контент-менеджер']",100000.0,100000.0,RUR,True
2102,112846694,Координатор проекта «Сопровождение замещающих семей»,https://api.hh.ru/vacancies/112846694?host=hh.ru,['Руководитель проектов'],63250.0,63250.0,RUR,True
2103,113730722,Менеджер по работе с Wildberries / Специалист по Wildberries,https://api.hh.ru/vacancies/113730722?host=hh.ru,"['Менеджер по продажам, менеджер по работе с клиентами']",40000.0,60000.0,RUR,False
2104,113853034,Middle IT Project Manager,https://api.hh.ru/vacancies/113853034?host=hh.ru,['Руководитель проектов'],100000.0,,RUR,False
2105,113877664,Специалист технической поддержки,https://api.hh.ru/vacancies/113877664?host=hh.ru,['Специалист технической поддержки'],100000.0,100000.0,RUR,False
2106,114095292,Junior IT-recruiter,https://api.hh.ru/vacancies/114095292?host=hh.ru,['Специалист по подбору персонала'],,100000.0,RUR,False
2107,106134667,Project manager IT(e-commerce),https://api.hh.ru/vacancies/106134667?host=hh.ru,['Руководитель проектов'],,,,
2108,112320675,ETL-разработчик,https://api.hh.ru/vacancies/112320675?host=hh.ru,"['BI-аналитик, аналитик данных']",,,,
2109,113716361,Специалист управленческого учета / Экономист,https://api.hh.ru/vacancies/113716361?host=hh.ru,['Экономист'],100000.0,,RUR,False
2110,114015499,Ведущий аналитик планового отдела,https://api.hh.ru/vacancies/114015499?host=hh.ru,"['Менеджер по маркетингу, интернет-маркетолог']",200000.0,,RUR,False
2111,109628436,Инженер по тестированию ПО/QA Engineer,https://api.hh.ru/vacancies/109628436?host=hh.ru,['Тестировщик'],,,,
2112,112847643,SEO - cпециалист,https://api.hh.ru/vacancies/112847643?host=hh.ru,"['Менеджер по маркетингу, интернет-маркетолог']",,200000.0,RUR,True
2113,112869310,Менеджер IT проектов,https://api.hh.ru/vacancies/112869310?host=hh.ru,['Руководитель проектов'],,,,
2114,113688166,Руководитель коммерческих проектов/KAM (BTL),https://api.hh.ru/vacancies/113688166?host=hh.ru,"['Менеджер по продажам, менеджер по работе с клиентами']",250000.0,,RUR,True
2115,113797527,Специалист по маркетингу,https://api.hh.ru/vacancies/113797527?host=hh.ru,"['Менеджер по маркетингу, интернет-маркетолог']",,,,
2116,114016848,Product Manager Partner Experience Lamoda,https://api.hh.ru/vacancies/114016848?host=hh.ru,['Менеджер продукта'],,,,
2117,114034434,Маркетолог/ Менеджер по развитию (розница Fashion),https://api.hh.ru/vacancies/114034434?host=hh.ru,"['Менеджер по маркетингу, интернет-маркетолог']",100000.0,200000.0,RUR,False
2118,114234096,Менеджер маркетплейсов,https://api.hh.ru/vacancies/114234096?host=hh.ru,"['Менеджер по маркетингу, интернет-маркетолог']",40000.0,,RUR,False
2119,111870908,Бизнес-ассистент Генерального директора,https://api.hh.ru/vacancies/111870908?host=hh.ru,"['Секретарь, помощник руководителя, ассистент']",200000.0,300000.0,RUR,False
2120,111891647,Java-разработчик,https://api.hh.ru/vacancies/111891647?host=hh.ru,"['Программист, разработчик']",,,,
2121,112407740,Маркетолог,https://api.hh.ru/vacancies/112407740?host=hh.ru,"['Менеджер по маркетингу, интернет-маркетолог']",70000.0,,RUR,False
2122,113271183,Директор по развитию бизнеса,https://api.hh.ru/vacancies/113271183?host=hh.ru,['Коммерческий директор (CCO)'],,,,
2123,113849745,Младший бизнес-аналитик,https://api.hh.ru/vacancies/113849745?host=hh.ru,['Аналитик'],,,,
2124,114009008,Менеджер по продажам,https://api.hh.ru/vacancies/114009008?host=hh.ru,"['Менеджер по продажам, менеджер по работе с клиентами']",200000.0,,RUR,False
2125,112794304,Менеджер по работе с маркетплейсами (Озон),https://api.hh.ru/vacancies/112794304?host=hh.ru,"['Менеджер по маркетингу, интернет-маркетолог']",140000.0,200000.0,RUR,False
2126,114277550,Ассистент - менеджер маркетплейса Вайлдберис,https://api.hh.ru/vacancies/114277550?host=hh.ru,['Другое'],40000.0,100000.0,RUR,False
2127,109717248,Инженер по тестированию ПО,https://api.hh.ru/vacancies/109717248?host=hh.ru,['Тестировщик'],,,,
2128,114199992,Affiliate manager,https://api.hh.ru/vacancies/114199992?host=hh.ru,['Менеджер по работе с партнерами'],,150000.0,RUR,False
2129,109752975,Frontend Developer (Vue.js),https://api.hh.ru/vacancies/109752975?host=hh.ru,"['Программист, разработчик']",,,,
2130,112776321,Менеджер продукта (Центр Искусственного Интеллекта),https://api.hh.ru/vacancies/112776321?host=hh.ru,['Другое'],,,,
2131,113326044,SMM-менеджер,https://api.hh.ru/vacancies/113326044?host=hh.ru,"['SMM-менеджер, контент-менеджер']",,100000.0,RUR,False
2132,113722260,Support manager,https://api.hh.ru/vacancies/113722260?host=hh.ru,['Специалист технической поддержки'],,,,
2133,114034308,IT Recruiter,https://api.hh.ru/vacancies/114034308?host=hh.ru,['Специалист по подбору персонала'],,,,
2134,114175604,UX/UI дизайнер,https://api.hh.ru/vacancies/114175604?host=hh.ru,['Другое'],,,,
2135,108574916,Руководитель отдела маркетинга,https://api.hh.ru/vacancies/108574916?host=hh.ru,['Руководитель отдела маркетинга и рекламы'],,,,
2136,112879534,Младший финансовый аналитик,https://api.hh.ru/vacancies/112879534?host=hh.ru,"['Финансовый аналитик, инвестиционный аналитик']",,170000.0,RUR,True
2137,113451495,Senior Analyst (Fashion Industry),https://api.hh.ru/vacancies/113451495?host=hh.ru,['Маркетолог-аналитик'],4000.0,5000.0,USD,False
2138,113763334,IT Project manager / Product manager,https://api.hh.ru/vacancies/113763334?host=hh.ru,['Менеджер продукта'],,,,
2139,114182264,SEO-специалист,https://api.hh.ru/vacancies/114182264?host=hh.ru,"['Менеджер по маркетингу, интернет-маркетолог']",50.0,300000.0,RUR,True
2140,108849185,Системный аналитик/Бизнес-аналитик,https://api.hh.ru/vacancies/108849185?host=hh.ru,['Бизнес-аналитик'],150000.0,,RUR,False
2141,111755425,Маркетолог,https://api.hh.ru/vacancies/111755425?host=hh.ru,"['Менеджер по маркетингу, интернет-маркетолог']",300000.0,,RUR,False
2142,112867222,Руководитель отдела маркетинга и рекламы,https://api.hh.ru/vacancies/112867222?host=hh.ru,"['Менеджер по маркетингу, интернет-маркетолог']",100000.0,150000.0,RUR,False
2143,113011512,Head of Brand Marketing / Poison Drop,https://api.hh.ru/vacancies/113011512?host=hh.ru,['Директор по маркетингу и PR (CMO)'],,,,
2144,113148671,Менеджер маркетплейса ОЗОН/ВБ,https://api.hh.ru/vacancies/113148671?host=hh.ru,"['Менеджер по маркетингу, интернет-маркетолог']",80000.0,120000.0,RUR,False
2145,114514445,Виральный маркетолог,https://api.hh.ru/vacancies/114514445?host=hh.ru,"['Менеджер по маркетингу, интернет-маркетолог']",,,,
2146,110113881,Бизнес-аналитик,https://api.hh.ru/vacancies/110113881?host=hh.ru,['Бизнес-аналитик'],120000.0,,RUR,False
2147,112393211,Руководитель направления smm / Head of smm / Social Media Marketing Lead,https://api.hh.ru/vacancies/112393211?host=hh.ru,"['SMM-менеджер, контент-менеджер']",,170000.0,RUR,True
2148,112610802,Помощник менеджера Wildberries,https://api.hh.ru/vacancies/112610802?host=hh.ru,['Другое'],,30000.0,RUR,False
2149,113741829,Аналитик,https://api.hh.ru/vacancies/113741829?host=hh.ru,['Другое'],,,,
2150,114031108,Интернет-маркетолог,https://api.hh.ru/vacancies/114031108?host=hh.ru,"['Менеджер по маркетингу, интернет-маркетолог']",100000.0,150000.0,RUR,False
2151,114181660,Начинающий специалист клиентской поддержки в IT (удаленно),https://api.hh.ru/vacancies/114181660?host=hh.ru,['Другое'],60000.0,,RUR,False
2152,114295989,Corporate Finance Analyst for multinational IT company,https://api.hh.ru/vacancies/114295989?host=hh.ru,"['Финансовый аналитик, инвестиционный аналитик']",,,,
2153,112065465,Авитолог,https://api.hh.ru/vacancies/112065465?host=hh.ru,"['Менеджер по маркетингу, интернет-маркетолог']",,70000.0,RUR,False
2154,112168984,Комьюнити-менеджер (стажер) в Штаб В2С,https://api.hh.ru/vacancies/112168984?host=hh.ru,['Другое'],,,,
2155,112841042,"Middle Frontend-разработчик (React, Typescript)",https://api.hh.ru/vacancies/112841042?host=hh.ru,"['Программист, разработчик']",150000.0,220000.0,RUR,False
2156,112861223,Химик-аналитик аналитической лаборатории Испытательной лаборатории,https://api.hh.ru/vacancies/112861223?host=hh.ru,"['Научный специалист, исследователь']",121000.0,,RUR,True
2157,113854639,Руководитель направления бизнес-анализа,https://api.hh.ru/vacancies/113854639?host=hh.ru,['Руководитель отдела аналитики'],,,,
2158,114152436,Руководитель отдела продаж,https://api.hh.ru/vacancies/114152436?host=hh.ru,['Руководитель отдела продаж'],200000.0,250000.0,RUR,False
2159,114291669,Аналитик данных,https://api.hh.ru/vacancies/114291669?host=hh.ru,"['BI-аналитик, аналитик данных']",,,,
2160,110959763,Руководитель отдела технической поддержки (чаты),https://api.hh.ru/vacancies/110959763?host=hh.ru,['Руководитель отдела клиентского обслуживания'],250000.0,,RUR,False
2161,112761275,Менеджер по работе с партнерами / Account Manager,https://api.hh.ru/vacancies/112761275?host=hh.ru,['Менеджер по работе с партнерами'],,,,
2162,113712826,HR BP (non-IT),https://api.hh.ru/vacancies/113712826?host=hh.ru,['Специалист по подбору персонала'],,,,
2163,113724145,Младший аналитик/Стажер,https://api.hh.ru/vacancies/113724145?host=hh.ru,['Другое'],,,,
2164,114169787,Менеджер по логистике и ВЭД,https://api.hh.ru/vacancies/114169787?host=hh.ru,"['Менеджер по логистике, менеджер по ВЭД']",120000.0,,RUR,False
2165,109884823,Руководитель IT проектов,https://api.hh.ru/vacancies/109884823?host=hh.ru,['Руководитель проектов'],,,,
2166,111887817,Data Engineer,https://api.hh.ru/vacancies/111887817?host=hh.ru,['Дата-сайентист'],,365000.0,RUR,False
2167,113268643,Руководитель отдела контента,https://api.hh.ru/vacancies/113268643?host=hh.ru,"['Журналист, корреспондент']",150000.0,,RUR,False
2168,113287491,Помощник маркетолога,https://api.hh.ru/vacancies/113287491?host=hh.ru,"['Менеджер по маркетингу, интернет-маркетолог']",50000.0,,RUR,False
2169,113715449,Менеджер по работе с партнерами США/Junior US Affiliate manager,https://api.hh.ru/vacancies/113715449?host=hh.ru,['Менеджер по работе с партнерами'],150000.0,,RUR,False
2170,113743046,Бизнес-аналитик IT (Ученик обучающего курса),https://api.hh.ru/vacancies/113743046?host=hh.ru,['Аналитик'],,,,
2171,113914675,HR-специалист,https://api.hh.ru/vacancies/113914675?host=hh.ru,['Менеджер по персоналу'],120000.0,200000.0,RUR,True
2172,114183699,Системный аналитик,https://api.hh.ru/vacancies/114183699?host=hh.ru,['Системный аналитик'],,,,
2173,114185005,Помощник/ассистент руководителя,https://api.hh.ru/vacancies/114185005?host=hh.ru,"['Секретарь, помощник руководителя, ассистент']",100000.0,,RUR,False
2174,110221871,"Бизнес-аналитик (бизнес-процессы, ERP)",https://api.hh.ru/vacancies/110221871?host=hh.ru,['Бизнес-аналитик'],200000.0,300000.0,RUR,False
2175,112601300,Системный аналитик,https://api.hh.ru/vacancies/112601300?host=hh.ru,['Системный аналитик'],,,,
2176,112619820,"Junior менеджер маркетплейсов (Ozon, Wildberries, Яндекс.Маркет, Мегамаркет)",https://api.hh.ru/vacancies/112619820?host=hh.ru,"['Менеджер по маркетингу, интернет-маркетолог']",70000.0,70000.0,RUR,True
2177,113319636,Менеджер отдела по работе с маркетплейсами,https://api.hh.ru/vacancies/113319636?host=hh.ru,"['Менеджер по маркетингу, интернет-маркетолог']",80000.0,,RUR,False
2178,113717760,Менеджер по маркетплейсам,https://api.hh.ru/vacancies/113717760?host=hh.ru,"['Менеджер по маркетингу, интернет-маркетолог']",60000.0,80000.0,RUR,True
2179,112989223,Менеджер по рекламным коммуникациям,https://api.hh.ru/vacancies/112989223?host=hh.ru,"['Менеджер по маркетингу, интернет-маркетолог']",,,,
2180,114040004,Ведущий интернет-маркетолог,https://api.hh.ru/vacancies/114040004?host=hh.ru,"['Менеджер по маркетингу, интернет-маркетолог']",180000.0,,RUR,True
2181,114183057,Маркетолог в отдел Маркетинга,https://api.hh.ru/vacancies/114183057?host=hh.ru,"['Менеджер по маркетингу, интернет-маркетолог']",100000.0,140000.0,RUR,True
2182,111231180,Бизнес Аналитик,https://api.hh.ru/vacancies/111231180?host=hh.ru,['Бизнес-аналитик'],,250000.0,RUR,False
2183,111803496,Бизнес ассистент руководителя,https://api.hh.ru/vacancies/111803496?host=hh.ru,"['Секретарь, помощник руководителя, ассистент']",95000.0,,RUR,True
2184,112770379,Инженер-тестировщик,https://api.hh.ru/vacancies/112770379?host=hh.ru,['Тестировщик'],,,,
2185,113323457,Специалист 1 категории,https://api.hh.ru/vacancies/113323457?host=hh.ru,"['Менеджер по маркетингу, интернет-маркетолог']",146000.0,,RUR,False
2186,113857975,Маркетолог,https://api.hh.ru/vacancies/113857975?host=hh.ru,"['Менеджер по маркетингу, интернет-маркетолог']",60000.0,100000.0,RUR,False
2187,114039890,Стажер в отдел развития бизнеса в Юго-Восточной Азии,https://api.hh.ru/vacancies/114039890?host=hh.ru,['Менеджер по работе с партнерами'],,,,
2188,114281645,Аналитик,https://api.hh.ru/vacancies/114281645?host=hh.ru,['Другое'],90000.0,100000.0,RUR,False
2189,112304980,Аналитик по продажам (офис),https://api.hh.ru/vacancies/112304980?host=hh.ru,['Аналитик'],120000.0,,RUR,True
2190,112743150,Финансовый аналитик,https://api.hh.ru/vacancies/112743150?host=hh.ru,"['Финансовый аналитик, инвестиционный аналитик']",,,,
2191,112777391,Экономист аналитик,https://api.hh.ru/vacancies/112777391?host=hh.ru,['Экономист'],150000.0,180000.0,RUR,False
2192,114178681,SMM/Контент-менеджер,https://api.hh.ru/vacancies/114178681?host=hh.ru,"['SMM-менеджер, контент-менеджер']",100000.0,100000.0,RUR,True
2193,109277467,"Frontend-Developer Junior / Младший Фронтенд-Разработчик (React, TypeScript)",https://api.hh.ru/vacancies/109277467?host=hh.ru,"['Программист, разработчик']",,,,
2194,111980524,Коммерческий директор (CCO),https://api.hh.ru/vacancies/111980524?host=hh.ru,['Коммерческий директор (CCO)'],,,,
2195,113259581,Медицинский регистратор,https://api.hh.ru/vacancies/113259581?host=hh.ru,['Администратор'],81000.0,81000.0,RUR,True
2196,113738696,Финансовый менеджер (гостиницы),https://api.hh.ru/vacancies/113738696?host=hh.ru,['Финансовый контролер'],150000.0,,RUR,False
2197,107342720,"Менеджер по продажам (IT, B2B)",https://api.hh.ru/vacancies/107342720?host=hh.ru,"['Менеджер по продажам, менеджер по работе с клиентами']",200000.0,,RUR,False
2198,107663270,Data Engineer Python + Spark / Инженер по обработке данных,https://api.hh.ru/vacancies/107663270?host=hh.ru,"['Программист, разработчик']",280000.0,400000.0,RUR,True
2199,108510148,Менеджер по продажам(мебель в стиле LOFT),https://api.hh.ru/vacancies/108510148?host=hh.ru,"['Дизайнер, художник']",100000.0,,RUR,False
2200,111892085,Менеджер проектов AI,https://api.hh.ru/vacancies/111892085?host=hh.ru,['Менеджер продукта'],,,,
2201,112464160,SMM маркетолог,https://api.hh.ru/vacancies/112464160?host=hh.ru,"['Менеджер по маркетингу, интернет-маркетолог']",80000.0,,RUR,False
2202,112690278,Product & Project manager / менеджер проектов в IT,https://api.hh.ru/vacancies/112690278?host=hh.ru,['Бизнес-аналитик'],,,,
2203,113320857,Консультант по моделированию бизнес-процессов и оргразвитию,https://api.hh.ru/vacancies/113320857?host=hh.ru,['Менеджер/руководитель АХО'],100000.0,200000.0,RUR,False
2204,113714782,Java-разработчик,https://api.hh.ru/vacancies/113714782?host=hh.ru,"['Программист, разработчик']",,,,
2205,113732313,Аналитик систем планирования,https://api.hh.ru/vacancies/113732313?host=hh.ru,"['BI-аналитик, аналитик данных']",,,,
2206,107235357,Системный аналитик 1С,https://api.hh.ru/vacancies/107235357?host=hh.ru,['Системный аналитик'],,,,
2207,111528011,Game Mathematician / Game Analyst,https://api.hh.ru/vacancies/111528011?host=hh.ru,['Другое'],,,,
2208,112521228,Менеджер по продажам и развитию,https://api.hh.ru/vacancies/112521228?host=hh.ru,"['Менеджер по продажам, менеджер по работе с клиентами']",200000.0,500000.0,RUR,False
2209,113767679,Специалист по контекстной рекламе,https://api.hh.ru/vacancies/113767679?host=hh.ru,"['Менеджер по маркетингу, интернет-маркетолог']",,,,
2210,113324698,Бухгалтер,https://api.hh.ru/vacancies/113324698?host=hh.ru,['Бухгалтер'],,150000.0,RUR,True
2211,114012741,Бизнес-аналитик,https://api.hh.ru/vacancies/114012741?host=hh.ru,['Бизнес-аналитик'],,,,
2212,114314911,Системный аналитик,https://api.hh.ru/vacancies/114314911?host=hh.ru,['Системный аналитик'],,,,
2213,112063241,Финансовый контролер,https://api.hh.ru/vacancies/112063241?host=hh.ru,['Финансовый контролер'],70000.0,80000.0,RUR,False
2214,113315177,Бизнес-аналитик,https://api.hh.ru/vacancies/113315177?host=hh.ru,['Бизнес-аналитик'],,,,
2215,113885605,Руководитель C&B,https://api.hh.ru/vacancies/113885605?host=hh.ru,['Менеджер по компенсациям и льготам'],,,,
2216,104155510,Аналитик данных / Инженер по качеству данных,https://api.hh.ru/vacancies/104155510?host=hh.ru,"['BI-аналитик, аналитик данных']",,,,
2217,108787754,Аналитик данных (BI-Аналитик),https://api.hh.ru/vacancies/108787754?host=hh.ru,"['BI-аналитик, аналитик данных']",155000.0,160000.0,RUR,False
2218,113750150,Специалист по контекстной рекламе / PPC-специалист (удаленка или гибрид),https://api.hh.ru/vacancies/113750150?host=hh.ru,"['Менеджер по маркетингу, интернет-маркетолог']",80000.0,140000.0,RUR,False
2219,114181462,SMM-менеджер,https://api.hh.ru/vacancies/114181462?host=hh.ru,"['SMM-менеджер, контент-менеджер']",,,,
2220,113290016,Разработчик DWH / PostgreSQL,https://api.hh.ru/vacancies/113290016?host=hh.ru,"['BI-аналитик, аналитик данных']",250000.0,300000.0,RUR,False
2221,114180761,Стажер-маркетолог / Стажер по направлению Affiliate маркетинга,https://api.hh.ru/vacancies/114180761?host=hh.ru,"['Менеджер по маркетингу, интернет-маркетолог']",,,,
2222,114297217,"Специалист по маркетинговым исследованиям и моделированию рынка, г. Москва",https://api.hh.ru/vacancies/114297217?host=hh.ru,['Продуктовый аналитик'],,,,
2223,111900024,Управленец,https://api.hh.ru/vacancies/111900024?host=hh.ru,['Менеджер ресторана'],160000.0,,RUR,False
2224,112198025,Специалист технической поддержки,https://api.hh.ru/vacancies/112198025?host=hh.ru,['Специалист технической поддержки'],40000.0,,RUR,False
2225,113100874,Заместитель коммерческого директора,https://api.hh.ru/vacancies/113100874?host=hh.ru,['Коммерческий директор (CCO)'],,,,
2226,113784320,Продакт-менеджер fashion / женская одежда,https://api.hh.ru/vacancies/113784320?host=hh.ru,['Менеджер продукта'],100000.0,200000.0,RUR,False
2227,112308198,Тендерный менеджер,https://api.hh.ru/vacancies/112308198?host=hh.ru,['Специалист по тендерам'],150000.0,,RUR,True
2228,110240816,QA Тестировщик,https://api.hh.ru/vacancies/110240816?host=hh.ru,['Тестировщик'],,,,
2229,111869582,Python разработчик (команда SberWorks),https://api.hh.ru/vacancies/111869582?host=hh.ru,"['Программист, разработчик']",,,,
2230,112076359,Авитолог / Менеджер Авито,https://api.hh.ru/vacancies/112076359?host=hh.ru,['Другое'],70000.0,150000.0,RUR,False
2231,112160562,Finance manager/ Финансовый менеджер,https://api.hh.ru/vacancies/112160562?host=hh.ru,['Финансовый менеджер'],,150000.0,RUR,False
2232,112498528,"Стажер - тестировщик, Ozon Travel",https://api.hh.ru/vacancies/112498528?host=hh.ru,['Тестировщик'],,,,
2233,114312837,Project manager IT,https://api.hh.ru/vacancies/114312837?host=hh.ru,['Руководитель проектов'],170000.0,250000.0,RUR,False
2234,112304365,Аналитик DWH,https://api.hh.ru/vacancies/112304365?host=hh.ru,"['BI-аналитик, аналитик данных']",,,,
2235,113888515,Главный инвестиционный аналитик департамента корпоративных финансов,https://api.hh.ru/vacancies/113888515?host=hh.ru,"['Финансовый аналитик, инвестиционный аналитик']",,,,
2236,114308464,BI-Analyst (iGaming),https://api.hh.ru/vacancies/114308464?host=hh.ru,"['BI-аналитик, аналитик данных']",,,,
2237,112514181,SММ менеджер,https://api.hh.ru/vacancies/112514181?host=hh.ru,"['SMM-менеджер, контент-менеджер']",100000.0,,RUR,False
2238,113322473,Junior / Middle DevOps Engineer,https://api.hh.ru/vacancies/113322473?host=hh.ru,['DevOps-инженер'],,,,
2239,114173582,Специалист технической поддержки и внедрения,https://api.hh.ru/vacancies/114173582?host=hh.ru,['Специалист технической поддержки'],70000.0,100000.0,RUR,False
2240,114179216,Руководитель теплого склада,https://api.hh.ru/vacancies/114179216?host=hh.ru,['Начальник склада'],110000.0,,RUR,False
2241,109856549,Frontend-разработчик (React),https://api.hh.ru/vacancies/109856549?host=hh.ru,"['Программист, разработчик']",,,,
2242,114014018,Системный аналитик,https://api.hh.ru/vacancies/114014018?host=hh.ru,['Системный аналитик'],,,,
2243,114076746,Менеджер по продвижению на маркетплейсах,https://api.hh.ru/vacancies/114076746?host=hh.ru,"['Менеджер по маркетингу, интернет-маркетолог']",,,,
2244,106253229,Аналитик (удаленно),https://api.hh.ru/vacancies/106253229?host=hh.ru,['Аналитик'],,,,
2245,114184936,Специалист по контекстной рекламе (Senior),https://api.hh.ru/vacancies/114184936?host=hh.ru,"['Менеджер по маркетингу, интернет-маркетолог']",,,,
2246,114190774,Операционный менеджер,https://api.hh.ru/vacancies/114190774?host=hh.ru,['Операционный директор (COO)'],60000.0,,RUR,False
2247,114277593,Специалист по контекстной рекламе / Контекстолог / Директолог,https://api.hh.ru/vacancies/114277593?host=hh.ru,"['Менеджер по маркетингу, интернет-маркетолог']",70000.0,120000.0,RUR,True
2248,112115799,Chief Marketing Officer/CMO,https://api.hh.ru/vacancies/112115799?host=hh.ru,['Директор по маркетингу и PR (CMO)'],,350000.0,RUR,False
2249,113694201,Middle/Senior Java Developer,https://api.hh.ru/vacancies/113694201?host=hh.ru,"['Программист, разработчик']",,,,
2250,113857256,Аналитик 1С (1С: КА),https://api.hh.ru/vacancies/113857256?host=hh.ru,['Аналитик'],,,,
2251,114188474,Data analyst,https://api.hh.ru/vacancies/114188474?host=hh.ru,"['BI-аналитик, аналитик данных']",,,,
2252,114287048,Менеджер продукта,https://api.hh.ru/vacancies/114287048?host=hh.ru,['Менеджер продукта'],,,,
2253,111406481,Финансовый директор,https://api.hh.ru/vacancies/111406481?host=hh.ru,['Финансовый директор (CFO)'],,,,
2254,111781568,Технолог / тестировщик,https://api.hh.ru/vacancies/111781568?host=hh.ru,['Тестировщик'],,,,
2255,112499212,Back-End JAVA Developer (Senior),https://api.hh.ru/vacancies/112499212?host=hh.ru,"['Программист, разработчик']",,,,
2256,112877233,Бизнес-аналитик,https://api.hh.ru/vacancies/112877233?host=hh.ru,['Бизнес-аналитик'],,,,
2257,113146974,Аналитик в Московский транспорт (стажер),https://api.hh.ru/vacancies/113146974?host=hh.ru,['Другое'],,54000.0,RUR,True
2258,113878659,Senior media buyer native (crypto),https://api.hh.ru/vacancies/113878659?host=hh.ru,"['Менеджер по маркетингу, интернет-маркетолог']",1500.0,,USD,False
2259,102285027,"Ассистент отдела продаж на неполный рабочий день, совмещение с учебой / начинающий специалист",https://api.hh.ru/vacancies/102285027?host=hh.ru,['Координатор отдела продаж'],30000.0,50000.0,RUR,False
2260,109069816,PHP - программист / разработчик (PHP Middle Developer),https://api.hh.ru/vacancies/109069816?host=hh.ru,"['Программист, разработчик']",200000.0,,RUR,False
2261,112319936,Стажер в HR отдел,https://api.hh.ru/vacancies/112319936?host=hh.ru,['Специалист по подбору персонала'],60000.0,75000.0,RUR,False
2262,112992959,"Менеджер по работе с маркетплейсами (OZON, ЯндексМаркет, WB)",https://api.hh.ru/vacancies/112992959?host=hh.ru,"['Администратор магазина, администратор торгового зала']",45000.0,75000.0,RUR,False
2263,113873549,Менеджер проектов,https://api.hh.ru/vacancies/113873549?host=hh.ru,['Руководитель проектов'],,,,
2264,113948802,Менеджер маркетплейса (в офис),https://api.hh.ru/vacancies/113948802?host=hh.ru,"['Менеджер по продажам, менеджер по работе с клиентами']",70000.0,120000.0,RUR,False
2265,114174007,Финансовый аналитик по управленческому учёту (HQ FP&A),https://api.hh.ru/vacancies/114174007?host=hh.ru,"['Финансовый аналитик, инвестиционный аналитик']",,,,
2266,109236651,Директор по маркетингу,https://api.hh.ru/vacancies/109236651?host=hh.ru,['Директор по маркетингу и PR (CMO)'],,,,
2267,110123512,Аналитик,https://api.hh.ru/vacancies/110123512?host=hh.ru,['Аналитик'],,,,
2268,112033366,Аналитик / Архитектор,https://api.hh.ru/vacancies/112033366?host=hh.ru,"['BI-аналитик, аналитик данных']",,,,
2269,112790802,Руководитель департамента Бизнес анализа IT,https://api.hh.ru/vacancies/112790802?host=hh.ru,['Руководитель отдела аналитики'],,500000.0,RUR,False
2270,112984218,Начинающий маркетолог,https://api.hh.ru/vacancies/112984218?host=hh.ru,"['Менеджер по маркетингу, интернет-маркетолог']",50000.0,,RUR,False
2271,113152720,Менеджер рекламного продукта,https://api.hh.ru/vacancies/113152720?host=hh.ru,['Менеджер продукта'],,,,
2272,113892044,Системный аналитик,https://api.hh.ru/vacancies/113892044?host=hh.ru,['Системный аналитик'],,,,
2273,111435894,Менеджер маркетплейсов,https://api.hh.ru/vacancies/111435894?host=hh.ru,"['Менеджер по маркетингу, интернет-маркетолог']",150000.0,,RUR,True
2274,112391813,Аналитик SQL / Data Analyst,https://api.hh.ru/vacancies/112391813?host=hh.ru,"['BI-аналитик, аналитик данных']",110000.0,,RUR,False
2275,113076975,Писатель / автор художественных книг (копирайтер),https://api.hh.ru/vacancies/113076975?host=hh.ru,['Другое'],,,,
2276,113159759,Руководитель Отдела аналитики и управления данными,https://api.hh.ru/vacancies/113159759?host=hh.ru,['Руководитель отдела аналитики'],,,,
2277,113322623,Manual QA Engineer / Инженер по тестированию (Backend),https://api.hh.ru/vacancies/113322623?host=hh.ru,['Тестировщик'],,,,
2278,114069961,PHP-разработчик (доработка CRM-системы),https://api.hh.ru/vacancies/114069961?host=hh.ru,"['Программист, разработчик']",,,,
2279,114173130,Аналитик сопровождения,https://api.hh.ru/vacancies/114173130?host=hh.ru,['Специалист технической поддержки'],,,,
2280,114203063,Research Analyst,https://api.hh.ru/vacancies/114203063?host=hh.ru,"['Финансовый аналитик, инвестиционный аналитик']",,,,
2281,114252239,Разработчик Power BI,https://api.hh.ru/vacancies/114252239?host=hh.ru,"['BI-аналитик, аналитик данных']",,150000.0,RUR,False
2282,112187471,Junior Digital Manager,https://api.hh.ru/vacancies/112187471?host=hh.ru,"['Менеджер по маркетингу, интернет-маркетолог']",,,,
2283,112516856,Специалист по работе с Google Sheets,https://api.hh.ru/vacancies/112516856?host=hh.ru,['Менеджер по работе с партнерами'],50000.0,,RUR,True
2284,113143440,Аналитик бизнес-процессов,https://api.hh.ru/vacancies/113143440?host=hh.ru,['Бизнес-аналитик'],,,,
2285,114151196,Маркетолог,https://api.hh.ru/vacancies/114151196?host=hh.ru,"['Менеджер по маркетингу, интернет-маркетолог']",100000.0,,RUR,True
2286,111976298,Интернет-маркетолог,https://api.hh.ru/vacancies/111976298?host=hh.ru,"['Менеджер по маркетингу, интернет-маркетолог']",90000.0,120000.0,RUR,False
2287,112062843,Начальник отдела управления недвижимостью,https://api.hh.ru/vacancies/112062843?host=hh.ru,['Другое'],,,,
2288,112300587,Финансовый аналитик,https://api.hh.ru/vacancies/112300587?host=hh.ru,"['Финансовый аналитик, инвестиционный аналитик']",180000.0,270000.0,RUR,True
2289,112431143,Специалист по тендерам,https://api.hh.ru/vacancies/112431143?host=hh.ru,['Специалист по тендерам'],90000.0,120000.0,RUR,False
2290,114305185,Operations Support Manager в ДжумПро,https://api.hh.ru/vacancies/114305185?host=hh.ru,['Event-менеджер'],,,,
2291,112065370,Инженер-тестировщик,https://api.hh.ru/vacancies/112065370?host=hh.ru,['Тестировщик'],,,,
2292,113302216,Маркетолог,https://api.hh.ru/vacancies/113302216?host=hh.ru,"['Менеджер по маркетингу, интернет-маркетолог']",50000.0,90000.0,RUR,True
2293,113714927,Бизнес-аналитик в команду WMS,https://api.hh.ru/vacancies/113714927?host=hh.ru,['Бизнес-аналитик'],,,,
2294,105523073,Аналитик в игровой сфере,https://api.hh.ru/vacancies/105523073?host=hh.ru,['Аналитик'],,,,
2295,111888256,Руководитель отдела трафика в онлайн-академию,https://api.hh.ru/vacancies/111888256?host=hh.ru,['Руководитель отдела маркетинга и рекламы'],120000.0,200000.0,RUR,True
2296,111976164,SMM-менеджер Fashion бренда одежды,https://api.hh.ru/vacancies/111976164?host=hh.ru,"['SMM-менеджер, контент-менеджер']",80000.0,150000.0,RUR,False
2297,113154282,Бизнес-ассистент,https://api.hh.ru/vacancies/113154282?host=hh.ru,"['Секретарь, помощник руководителя, ассистент']",,,,
2298,91644059,Системный аналитик,https://api.hh.ru/vacancies/91644059?host=hh.ru,['Системный аналитик'],,,,
2299,109233608,Аналитик (Excel),https://api.hh.ru/vacancies/109233608?host=hh.ru,['Аналитик'],,,,
2300,111946247,Помощник маркетолога,https://api.hh.ru/vacancies/111946247?host=hh.ru,"['Менеджер по маркетингу, интернет-маркетолог']",32000.0,58000.0,RUR,False
2301,112039769,Аналитик-детектив данных в тревел,https://api.hh.ru/vacancies/112039769?host=hh.ru,"['BI-аналитик, аналитик данных']",,,,
2302,112347751,Контент-маркетолог,https://api.hh.ru/vacancies/112347751?host=hh.ru,['Другое'],60000.0,100000.0,RUR,False
2303,112849566,Разработчик PHP,https://api.hh.ru/vacancies/112849566?host=hh.ru,"['Программист, разработчик']",,,,
2304,113736969,Менеджер по работе с маркетплейсами,https://api.hh.ru/vacancies/113736969?host=hh.ru,"['Менеджер по маркетингу, интернет-маркетолог']",,,,
2305,113738601,Аналитик по ценообразованию,https://api.hh.ru/vacancies/113738601?host=hh.ru,['Бизнес-аналитик'],,,,
2306,113924883,Маркетолог,https://api.hh.ru/vacancies/113924883?host=hh.ru,"['Менеджер по маркетингу, интернет-маркетолог']",120000.0,,RUR,True
2307,114015899,Специалист по снабжению на строительный проект (г. Москва),https://api.hh.ru/vacancies/114015899?host=hh.ru,['Менеджер по закупкам'],,,,
2308,114178878,PHP Senior Backend Developer,https://api.hh.ru/vacancies/114178878?host=hh.ru,"['Программист, разработчик']",,350000.0,RUR,False
2309,111777626,Analyst / Аналитик,https://api.hh.ru/vacancies/111777626?host=hh.ru,['Аналитик'],,,,
2310,112332046,Менеджер Wildberries,https://api.hh.ru/vacancies/112332046?host=hh.ru,['Другое'],70000.0,120000.0,RUR,False
2311,113777620,Руководитель медиа отдела,https://api.hh.ru/vacancies/113777620?host=hh.ru,['PR-менеджер'],100000.0,180000.0,RUR,False
2312,113877964,Бизнес-аналитик,https://api.hh.ru/vacancies/113877964?host=hh.ru,['Бизнес-аналитик'],180000.0,,RUR,True
2313,80675242,Тестировщик ПО,https://api.hh.ru/vacancies/80675242?host=hh.ru,['Тестировщик'],,,,
2314,111861518,Стажер в отделе рекрутмента,https://api.hh.ru/vacancies/111861518?host=hh.ru,['Специалист по подбору персонала'],,54600.0,RUR,True
2315,112776843,Marketing manager (Fashion),https://api.hh.ru/vacancies/112776843?host=hh.ru,"['Менеджер по маркетингу, интернет-маркетолог']",,250000.0,RUR,False
2316,113015466,Аналитик данных (MS Excel),https://api.hh.ru/vacancies/113015466?host=hh.ru,"['BI-аналитик, аналитик данных']",,,,
2317,113725247,Аналитик SQL,https://api.hh.ru/vacancies/113725247?host=hh.ru,"['BI-аналитик, аналитик данных']",,,,
2318,113737360,Аналитик по операционной эффективности,https://api.hh.ru/vacancies/113737360?host=hh.ru,['Бизнес-аналитик'],,,,
2319,104142631,Аналитик коммерческого отдела,https://api.hh.ru/vacancies/104142631?host=hh.ru,['Аналитик'],,,,
2320,110998715,Аналитик данных,https://api.hh.ru/vacancies/110998715?host=hh.ru,"['BI-аналитик, аналитик данных']",200000.0,250000.0,RUR,False
2321,112537635,SMM Team Lead / Head SMM,https://api.hh.ru/vacancies/112537635?host=hh.ru,"['SMM-менеджер, контент-менеджер']",,,,
2322,113708441,"Младший аналитик Threat Intelligence, исследование сложных угроз APT",https://api.hh.ru/vacancies/113708441?host=hh.ru,['Специалист по информационной безопасности'],,,,
2323,112510184,Персональный ассистент фаундера / офис-менеджер в GetTransfer,https://api.hh.ru/vacancies/112510184?host=hh.ru,"['Секретарь, помощник руководителя, ассистент']",100000.0,130000.0,RUR,False
2324,112863044,Специалист по ручному тестированию (Middle manual QA),https://api.hh.ru/vacancies/112863044?host=hh.ru,['Тестировщик'],,,,
2325,112881585,Инженер технической поддержки 2 линии (офис),https://api.hh.ru/vacancies/112881585?host=hh.ru,['Специалист технической поддержки'],,180000.0,RUR,True
2326,113746249,Региональный менеджер по продажам (профессиональная косметология),https://api.hh.ru/vacancies/113746249?host=hh.ru,"['Менеджер по продажам, менеджер по работе с клиентами']",150000.0,,RUR,False
2327,113878323,Специалист по закупкам,https://api.hh.ru/vacancies/113878323?host=hh.ru,['Менеджер по закупкам'],60000.0,70000.0,RUR,False
2328,110140208,Аналитик данных,https://api.hh.ru/vacancies/110140208?host=hh.ru,['Другое'],210000.0,,RUR,True
2329,111077685,Специалист в отдел договорного сопровождения,https://api.hh.ru/vacancies/111077685?host=hh.ru,"['Делопроизводитель, архивариус']",,,,
2330,112781887,Менеджер по промо-активностям в канале modern trade,https://api.hh.ru/vacancies/112781887?host=hh.ru,"['Менеджер по маркетингу, интернет-маркетолог']",,,,
2331,113713511,Главный HR-менеджер,https://api.hh.ru/vacancies/113713511?host=hh.ru,['Менеджер по персоналу'],,,,
2332,113743003,Системный аналитик (удаленно/гибрид),https://api.hh.ru/vacancies/113743003?host=hh.ru,['Продуктовый аналитик'],,,,
2333,113859306,Middle Python Developer,https://api.hh.ru/vacancies/113859306?host=hh.ru,"['Программист, разработчик']",,,,
2334,113873377,Ведущий интернет-маркетолог,https://api.hh.ru/vacancies/113873377?host=hh.ru,"['Менеджер по маркетингу, интернет-маркетолог']",,,,
2335,113921099,Менеджер по работе с маркетплейсами,https://api.hh.ru/vacancies/113921099?host=hh.ru,"['Менеджер по маркетингу, интернет-маркетолог']",60000.0,100000.0,RUR,True
2336,114023817,Аналитик данных,https://api.hh.ru/vacancies/114023817?host=hh.ru,['Другое'],,,,
2337,114158184,Интернет-маркетолог,https://api.hh.ru/vacancies/114158184?host=hh.ru,"['Менеджер по маркетингу, интернет-маркетолог']",,100000.0,RUR,False
2338,114290903,Моушен-дизайнер в команду сторис,https://api.hh.ru/vacancies/114290903?host=hh.ru,"['Дизайнер, художник']",,,,
2339,103240309,Функциональный тестировщик,https://api.hh.ru/vacancies/103240309?host=hh.ru,['Тестировщик'],,,,
2340,109227176,Помощник генерального директора,https://api.hh.ru/vacancies/109227176?host=hh.ru,"['Секретарь, помощник руководителя, ассистент']",,,,
2341,109553284,Директор по развитию,https://api.hh.ru/vacancies/109553284?host=hh.ru,['Операционный директор (COO)'],,,,
2342,109962503,Менеджер по работе с абитуриентами,https://api.hh.ru/vacancies/109962503?host=hh.ru,['Event-менеджер'],,,,
2343,112687539,Менеджер по закупкам,https://api.hh.ru/vacancies/112687539?host=hh.ru,['Менеджер по закупкам'],90000.0,,RUR,False
2344,113648363,Менеджер по разработке промо-акций,https://api.hh.ru/vacancies/113648363?host=hh.ru,"['Менеджер по маркетингу, интернет-маркетолог']",,,,
2345,112497673,Продуктовый аналитик в команду ассортимента,https://api.hh.ru/vacancies/112497673?host=hh.ru,['Продуктовый аналитик'],,,,
2346,112682897,"Младший менеджер проектов, Маркетплейс, Travel",https://api.hh.ru/vacancies/112682897?host=hh.ru,['Руководитель проектов'],,,,
2347,114295322,Менеджер контроля качества продаж в колл-центре (Monitoring),https://api.hh.ru/vacancies/114295322?host=hh.ru,"['Менеджер по продажам, менеджер по работе с клиентами']",50000.0,,RUR,False
2348,109423723,IT Sourcer\Researcher,https://api.hh.ru/vacancies/109423723?host=hh.ru,['Другое'],,,,
2349,112186941,Аналитик (стажер),https://api.hh.ru/vacancies/112186941?host=hh.ru,['Аналитик'],,,,
2350,112731457,Data Analyst,https://api.hh.ru/vacancies/112731457?host=hh.ru,"['BI-аналитик, аналитик данных']",,,,
2351,113333813,Junior+ Data Analyst,https://api.hh.ru/vacancies/113333813?host=hh.ru,"['BI-аналитик, аналитик данных']",,,,
2352,113879903,Дизайнер коммуникаций,https://api.hh.ru/vacancies/113879903?host=hh.ru,"['Дизайнер, художник']",50000.0,,RUR,True
2353,112696431,Инфлюенс менеджер / Influence manager,https://api.hh.ru/vacancies/112696431?host=hh.ru,"['Менеджер по маркетингу, интернет-маркетолог']",100000.0,,RUR,False
2354,112848817,Cyber Security / IT recruiter,https://api.hh.ru/vacancies/112848817?host=hh.ru,['Специалист по подбору персонала'],,,,
2355,113858573,Аналитик данных,https://api.hh.ru/vacancies/113858573?host=hh.ru,"['BI-аналитик, аналитик данных']",150000.0,150000.0,RUR,True
2356,113877406,Influence-менеджер / менеджер по работе с блогерами (Adult),https://api.hh.ru/vacancies/113877406?host=hh.ru,"['Менеджер по маркетингу, интернет-маркетолог']",,,,
2357,114189038,Технический писатель,https://api.hh.ru/vacancies/114189038?host=hh.ru,['Технический писатель'],80000.0,120000.0,RUR,True
2358,110135627,Бизнес-аналитик (джун),https://api.hh.ru/vacancies/110135627?host=hh.ru,['Аналитик'],90000.0,120000.0,RUR,True
2359,112001411,Менеджер по работе с маркетплейсами (WB),https://api.hh.ru/vacancies/112001411?host=hh.ru,"['Менеджер по продажам, менеджер по работе с клиентами']",60000.0,70000.0,RUR,False
2360,112069155,Менеджер по работе с маркетплейсами,https://api.hh.ru/vacancies/112069155?host=hh.ru,"['Менеджер по маркетингу, интернет-маркетолог']",90000.0,150000.0,RUR,False
2361,113744074,Аналитик отдела отчетности,https://api.hh.ru/vacancies/113744074?host=hh.ru,['Аналитик'],,,,
2362,114301301,Бизнес-аналитик в Департамент архитектуры и строительства,https://api.hh.ru/vacancies/114301301?host=hh.ru,['Администратор'],,,,
2363,107755958,Бизнес-аналитик,https://api.hh.ru/vacancies/107755958?host=hh.ru,['Бизнес-аналитик'],,,,
2364,109077437,Финансовый аналитик,https://api.hh.ru/vacancies/109077437?host=hh.ru,"['Финансовый аналитик, инвестиционный аналитик']",,400000.0,RUR,True
2365,112730534,Маркетолог клиники,https://api.hh.ru/vacancies/112730534?host=hh.ru,"['Менеджер по маркетингу, интернет-маркетолог']",100000.0,,RUR,True
2366,113753972,Младший аналитик по поддержке продаж/Junior Sales Analyst,https://api.hh.ru/vacancies/113753972?host=hh.ru,['Аналитик'],,,,
2367,114178417,Senior Kotlin Developer,https://api.hh.ru/vacancies/114178417?host=hh.ru,"['Программист, разработчик']",4500.0,5500.0,USD,False
2368,110320844,Бизнес-аналитик/Системный аналитик,https://api.hh.ru/vacancies/110320844?host=hh.ru,['Аналитик'],,,,
2369,112311882,Младший системный аналитик / Стажер,https://api.hh.ru/vacancies/112311882?host=hh.ru,['Системный аналитик'],,,,
2370,113748666,Руководитель направления по адаптации,https://api.hh.ru/vacancies/113748666?host=hh.ru,['Руководитель отдела персонала'],,,,
2371,114206900,"Менеджер по продвижению на маркетплейсах Wildberries, Ozon",https://api.hh.ru/vacancies/114206900?host=hh.ru,"['Менеджер по маркетингу, интернет-маркетолог']",80000.0,,RUR,False
2372,112407035,Программист Python,https://api.hh.ru/vacancies/112407035?host=hh.ru,"['Программист, разработчик']",,,,
2373,113914983,Middle SEO специалист,https://api.hh.ru/vacancies/113914983?host=hh.ru,['Другое'],80000.0,250000.0,RUR,False
2374,112536358,Системный аналитик,https://api.hh.ru/vacancies/112536358?host=hh.ru,['Аналитик'],,,,
2375,113031685,Контент-менеджер,https://api.hh.ru/vacancies/113031685?host=hh.ru,"['SMM-менеджер, контент-менеджер']",80000.0,150000.0,RUR,False
2376,113112311,Системный аналитик,https://api.hh.ru/vacancies/113112311?host=hh.ru,['Системный аналитик'],200000.0,,RUR,False
2377,113143308,Crypto Analyst,https://api.hh.ru/vacancies/113143308?host=hh.ru,"['Финансовый аналитик, инвестиционный аналитик']",3000.0,4000.0,USD,True
2378,114039763,Business Development Manager,https://api.hh.ru/vacancies/114039763?host=hh.ru,"['Менеджер по продажам, менеджер по работе с клиентами']",,,,
2379,112071492,Менеджер маркетплейса (Ozon),https://api.hh.ru/vacancies/112071492?host=hh.ru,['Другое'],100000.0,,RUR,False
2380,112387952,Токеномист / Tokenomics Specialist,https://api.hh.ru/vacancies/112387952?host=hh.ru,['Другое'],,,,
2381,114028575,Аналитик,https://api.hh.ru/vacancies/114028575?host=hh.ru,['Другое'],100000.0,,RUR,True
2382,114334403,Директор по продукту (CPO EdTech),https://api.hh.ru/vacancies/114334403?host=hh.ru,['Менеджер продукта'],250000.0,,RUR,False
2383,111443546,Менеджер по подбору персонала,https://api.hh.ru/vacancies/111443546?host=hh.ru,['Специалист по подбору персонала'],70000.0,120000.0,RUR,False
2384,112743603,Algorithmic Trader/Алгоритмический Трейдер в Sparkland,https://api.hh.ru/vacancies/112743603?host=hh.ru,['Другое'],,,,
2385,113326119,"Менеджер по продажам B2B (опт, входящие заявки, ПЭТ-пленка)",https://api.hh.ru/vacancies/113326119?host=hh.ru,"['Менеджер по продажам, менеджер по работе с клиентами']",180000.0,300000.0,RUR,False
2386,113700744,Финансовый аналитик / финансовый контролер,https://api.hh.ru/vacancies/113700744?host=hh.ru,['Финансовый контролер'],,,,
2387,113761769,Brand Manager,https://api.hh.ru/vacancies/113761769?host=hh.ru,['PR-менеджер'],,,,
2388,113878077,Менеджер бизнес-проектов (Каналы банка),https://api.hh.ru/vacancies/113878077?host=hh.ru,['Аудитор'],,,,
2389,114015963,Маркетолог в IT-компанию,https://api.hh.ru/vacancies/114015963?host=hh.ru,"['Менеджер по маркетингу, интернет-маркетолог']",100000.0,120000.0,RUR,False
2390,114173036,Менеджер по работе с агентами,https://api.hh.ru/vacancies/114173036?host=hh.ru,"['Менеджер по продажам, менеджер по работе с клиентами']",100000.0,,RUR,True
2391,114184836,Финансовый аналитик,https://api.hh.ru/vacancies/114184836?host=hh.ru,"['Финансовый аналитик, инвестиционный аналитик']",100000.0,150000.0,RUR,True
2392,114407425,Разработчик MS SQL,https://api.hh.ru/vacancies/114407425?host=hh.ru,"['BI-аналитик, аналитик данных']",,,,
2393,110803763,Менеджер проектов,https://api.hh.ru/vacancies/110803763?host=hh.ru,['Руководитель проектов'],,,,
2394,112069786,Менеджер по работе с кабинетами летуаль и золотое яблоко,https://api.hh.ru/vacancies/112069786?host=hh.ru,['Другое'],100000.0,,RUR,False
2395,112570889,Менеджер по работе с маркетплейсами (E-commerce),https://api.hh.ru/vacancies/112570889?host=hh.ru,"['Менеджер по продажам, менеджер по работе с клиентами']",140000.0,,RUR,False
2396,112792465,Аналитик (бизнес/системный),https://api.hh.ru/vacancies/112792465?host=hh.ru,['Системный аналитик'],,,,
2397,112949964,Руководитель отдела продаж ( консалтинг \ b2b ),https://api.hh.ru/vacancies/112949964?host=hh.ru,['Руководитель отдела продаж'],180000.0,,RUR,False
2398,113147374,Блогер по арбитражу,https://api.hh.ru/vacancies/113147374?host=hh.ru,"['Менеджер по маркетингу, интернет-маркетолог']",,700000.0,RUR,False
2399,113161786,Менеджер по работе с маркетплейсом Wildberries / Вайлдберриз (удаленно),https://api.hh.ru/vacancies/113161786?host=hh.ru,"['Менеджер по маркетингу, интернет-маркетолог']",70000.0,120000.0,RUR,False
2400,114176580,Менеджер по работе с маркетплейсами / Менеджер E-com,https://api.hh.ru/vacancies/114176580?host=hh.ru,"['Менеджер по продажам, менеджер по работе с клиентами']",80000.0,130000.0,RUR,False
2401,110194956,Руководитель отдела маркетинга,https://api.hh.ru/vacancies/110194956?host=hh.ru,['Руководитель отдела маркетинга и рекламы'],,,,
2402,113741549,Ассистент в HR-отдел,https://api.hh.ru/vacancies/113741549?host=hh.ru,['Менеджер по персоналу'],40000.0,50000.0,RUR,False
2403,113874706,Менеджер маркетплейсов ВБ (Гибридный график работы),https://api.hh.ru/vacancies/113874706?host=hh.ru,"['Менеджер по продажам, менеджер по работе с клиентами']",120000.0,,RUR,True
2404,114047714,Руководитель бизнес-юнита / CPO / Head of product,https://api.hh.ru/vacancies/114047714?host=hh.ru,['Менеджер продукта'],250000.0,400000.0,RUR,False
2405,114169431,Digital Product Owner,https://api.hh.ru/vacancies/114169431?host=hh.ru,['Менеджер продукта'],250000.0,300000.0,RUR,False
2406,110978013,Помощник бухгалтера,https://api.hh.ru/vacancies/110978013?host=hh.ru,['Бухгалтер'],70000.0,,RUR,False
2407,110978212,Дежурный ИТ мониторинга,https://api.hh.ru/vacancies/110978212?host=hh.ru,['Специалист технической поддержки'],,,,
2408,111783949,Ведущий аналитик,https://api.hh.ru/vacancies/111783949?host=hh.ru,['Аналитик'],150000.0,250000.0,RUR,False
2409,112349284,Senior Frontend-разработчик (React),https://api.hh.ru/vacancies/112349284?host=hh.ru,"['Программист, разработчик']",,,,
2410,112797002,Project Manager (СберРейтинг),https://api.hh.ru/vacancies/112797002?host=hh.ru,['Менеджер продукта'],,,,
2411,113893219,Начальник планово-экономического отдела (Агрокомплекс),https://api.hh.ru/vacancies/113893219?host=hh.ru,['Экономист'],200000.0,250000.0,RUR,True
2412,108336445,Ассистент коммерческого отдела( со знанием Excel),https://api.hh.ru/vacancies/108336445?host=hh.ru,['Координатор отдела продаж'],100000.0,,RUR,False
2413,112337113,Аналитик,https://api.hh.ru/vacancies/112337113?host=hh.ru,['Другое'],85000.0,,RUR,False
2414,112498420,SMM-менеджер,https://api.hh.ru/vacancies/112498420?host=hh.ru,"['SMM-менеджер, контент-менеджер']",,80000.0,RUR,True
2415,112777641,Руководитель по работе с маркетплейсами (Wildberries),https://api.hh.ru/vacancies/112777641?host=hh.ru,"['Менеджер по маркетингу, интернет-маркетолог']",150000.0,250000.0,RUR,False
2416,113291310,Бренд-менеджер FMCG,https://api.hh.ru/vacancies/113291310?host=hh.ru,['PR-менеджер'],,,,
2417,113846784,Директор по продажам (направление федеральные сети),https://api.hh.ru/vacancies/113846784?host=hh.ru,['Руководитель отдела продаж'],,300000.0,RUR,True
2418,114201094,Маркетолог c навыками SMM,https://api.hh.ru/vacancies/114201094?host=hh.ru,"['SMM-менеджер, контент-менеджер']",,150000.0,RUR,True
2419,114297376,Аналитик,https://api.hh.ru/vacancies/114297376?host=hh.ru,['Аналитик'],,,,
2420,112237902,SMM-менеджер,https://api.hh.ru/vacancies/112237902?host=hh.ru,"['SMM-менеджер, контент-менеджер']",,,,
2421,113156793,Системный аналитик,https://api.hh.ru/vacancies/113156793?host=hh.ru,['Системный аналитик'],,,,
2422,113322589,Директор по маркетингу в аутсорсинговую компанию,https://api.hh.ru/vacancies/113322589?host=hh.ru,['Директор по маркетингу и PR (CMO)'],250000.0,,RUR,False
2423,113604271,Системный/бизнес аналитик,https://api.hh.ru/vacancies/113604271?host=hh.ru,['Системный аналитик'],,,,
2424,113720355,IT-рекрутер,https://api.hh.ru/vacancies/113720355?host=hh.ru,['Специалист по подбору персонала'],,,,
2425,114011234,Аналитик продаж,https://api.hh.ru/vacancies/114011234?host=hh.ru,['Аналитик'],,,,
2426,114186194,Аналитик продаж,https://api.hh.ru/vacancies/114186194?host=hh.ru,['Аналитик'],,,,
2427,112514101,Специалист по составлению меню (здоровое питание),https://api.hh.ru/vacancies/112514101?host=hh.ru,['Другое'],100000.0,110000.0,RUR,False
2428,114055420,Супервайзер/управляющий,https://api.hh.ru/vacancies/114055420?host=hh.ru,"['Директор магазина, директор сети магазинов']",100000.0,150000.0,RUR,False
2429,114176718,Бизнес-аналитик,https://api.hh.ru/vacancies/114176718?host=hh.ru,['Бизнес-аналитик'],,,,
2430,108750895,Руководитель пресс-службы,https://api.hh.ru/vacancies/108750895?host=hh.ru,['PR-менеджер'],,,,
2431,112424982,Бизнес аналитик (проект - кадровые сервисы),https://api.hh.ru/vacancies/112424982?host=hh.ru,['Бизнес-аналитик'],,,,
2432,112973115,Project Manager,https://api.hh.ru/vacancies/112973115?host=hh.ru,['Руководитель проектов'],,,,
2433,114016145,Менеджер по продажам,https://api.hh.ru/vacancies/114016145?host=hh.ru,"['Менеджер по продажам, менеджер по работе с клиентами']",,,,
2434,114302152,Продуктовый маркетолог (инвестиционно-банковские продукты),https://api.hh.ru/vacancies/114302152?host=hh.ru,"['Менеджер по маркетингу, интернет-маркетолог']",,,,
2435,111052732,Системный аналитик,https://api.hh.ru/vacancies/111052732?host=hh.ru,['Системный аналитик'],,,,
2436,112058412,Python-разработчик,https://api.hh.ru/vacancies/112058412?host=hh.ru,"['Программист, разработчик']",,,,
2437,113115003,Системный аналитик,https://api.hh.ru/vacancies/113115003?host=hh.ru,['Системный аналитик'],200000.0,,RUR,False
2438,113152217,Старший системный аналитик,https://api.hh.ru/vacancies/113152217?host=hh.ru,['Системный аналитик'],370000.0,,RUR,True
2439,113907036,Менеджер маркетплейсов Wildberries и Ozon,https://api.hh.ru/vacancies/113907036?host=hh.ru,"['Менеджер по маркетингу, интернет-маркетолог']",50000.0,150000.0,RUR,False
2440,108732952,Продуктовый дизайнер (внутренний продукт),https://api.hh.ru/vacancies/108732952?host=hh.ru,"['Дизайнер, художник']",,,,
2441,112762515,Инженер службы технической поддержки,https://api.hh.ru/vacancies/112762515?host=hh.ru,['Специалист технической поддержки'],80000.0,,RUR,True
2442,114035109,Бизнес-аналитик,https://api.hh.ru/vacancies/114035109?host=hh.ru,['Аналитик'],,,,
2443,114178493,Операционный менеджер,https://api.hh.ru/vacancies/114178493?host=hh.ru,['Другое'],,,,
2444,111749397,Аналитик данных,https://api.hh.ru/vacancies/111749397?host=hh.ru,"['BI-аналитик, аналитик данных']",,,,
2445,112841067,Инженер технической поддержки,https://api.hh.ru/vacancies/112841067?host=hh.ru,['Специалист технической поддержки'],,120000.0,RUR,False
2446,114183472,Руководитель направления монетизации,https://api.hh.ru/vacancies/114183472?host=hh.ru,['Другое'],,,,
2447,114290057,Flutter разработчик,https://api.hh.ru/vacancies/114290057?host=hh.ru,"['Программист, разработчик']",,,,
2448,111992786,Финансовый аналитик-стажер,https://api.hh.ru/vacancies/111992786?host=hh.ru,"['Финансовый аналитик, инвестиционный аналитик']",,,,
2449,112133438,Ассистент отдела маркетинга,https://api.hh.ru/vacancies/112133438?host=hh.ru,"['Менеджер по маркетингу, интернет-маркетолог']",86000.0,,RUR,True
2450,112161219,Marketing Manager,https://api.hh.ru/vacancies/112161219?host=hh.ru,"['Менеджер по маркетингу, интернет-маркетолог']",2000.0,3000.0,USD,True
2451,113323263,Преподаватель,https://api.hh.ru/vacancies/113323263?host=hh.ru,['Другое'],30000.0,,RUR,True
2452,113413760,CFO | Финансовый директор автомобильного холдинга (релокация в другую страну),https://api.hh.ru/vacancies/113413760?host=hh.ru,['Финансовый директор (CFO)'],300000.0,,RUR,False
2453,113705547,Senior SMM Manager,https://api.hh.ru/vacancies/113705547?host=hh.ru,"['SMM-менеджер, контент-менеджер']",,,,
2454,112447225,Маркетолог,https://api.hh.ru/vacancies/112447225?host=hh.ru,"['Менеджер по маркетингу, интернет-маркетолог']",200000.0,,RUR,False
2455,112606036,IT Project Manager,https://api.hh.ru/vacancies/112606036?host=hh.ru,['Руководитель проектов'],180000.0,250000.0,RUR,False
2456,113710505,Media buyer (Монетизатор),https://api.hh.ru/vacancies/113710505?host=hh.ru,['Маркетолог-аналитик'],40000.0,100000.0,RUR,False
2457,113719840,Коммерческий директор по маркетплейсам,https://api.hh.ru/vacancies/113719840?host=hh.ru,['Коммерческий директор (CCO)'],250000.0,,RUR,False
2458,112339697,Project Manager / Бизнес-аналитик,https://api.hh.ru/vacancies/112339697?host=hh.ru,['Руководитель проектов'],,,,
2459,112564914,Ведущий методист,https://api.hh.ru/vacancies/112564914?host=hh.ru,['Методист'],120000.0,200000.0,RUR,False
2460,112700130,Менеджер Кабинета OZON,https://api.hh.ru/vacancies/112700130?host=hh.ru,['Менеджер продукта'],70000.0,150000.0,RUR,False
2461,113320066,Системный аналитик,https://api.hh.ru/vacancies/113320066?host=hh.ru,['Системный аналитик'],,,,
2462,113727902,Middle аналитик,https://api.hh.ru/vacancies/113727902?host=hh.ru,['Другое'],180000.0,,RUR,False
2463,114197999,Финансовый менеджер (аналитик),https://api.hh.ru/vacancies/114197999?host=hh.ru,['Финансовый менеджер'],,,,
2464,111884100,Системный аналитик,https://api.hh.ru/vacancies/111884100?host=hh.ru,['Системный аналитик'],,200000.0,RUR,True
2465,112502257,Финансовый директор (CFO),https://api.hh.ru/vacancies/112502257?host=hh.ru,['Финансовый директор (CFO)'],,,,
2466,112637539,Младший Юрист,https://api.hh.ru/vacancies/112637539?host=hh.ru,['Юрист'],70000.0,,RUR,False
2467,113719774,Бренд-менеджер,https://api.hh.ru/vacancies/113719774?host=hh.ru,['Другое'],,150000.0,RUR,False
2468,113842840,Менеджер Ozon,https://api.hh.ru/vacancies/113842840?host=hh.ru,"['Менеджер по продажам, менеджер по работе с клиентами']",70000.0,,RUR,False
2469,111031909,Пресс-секретарь представителя законодательного органа государственной власти,https://api.hh.ru/vacancies/111031909?host=hh.ru,['Другое'],150000.0,250000.0,RUR,False
2470,111317419,Младший тестировщик Десктоп приложений,https://api.hh.ru/vacancies/111317419?host=hh.ru,['Тестировщик'],45000.0,50000.0,RUR,True
2471,111937982,Менеджер ВБ / Wildberries / Вайлдберис,https://api.hh.ru/vacancies/111937982?host=hh.ru,"['Менеджер по маркетингу, интернет-маркетолог']",75000.0,120000.0,RUR,False
2472,112543617,Младший бизнес аналитик (BI),https://api.hh.ru/vacancies/112543617?host=hh.ru,"['BI-аналитик, аналитик данных']",,,,
2473,113914893,Менеджер маркетплейсов,https://api.hh.ru/vacancies/113914893?host=hh.ru,"['Менеджер по маркетингу, интернет-маркетолог']",72000.0,85000.0,RUR,False
2474,114002932,SMM-менеджер,https://api.hh.ru/vacancies/114002932?host=hh.ru,"['SMM-менеджер, контент-менеджер']",,,,
2475,108913604,Дивизиональный менеджер по продажам,https://api.hh.ru/vacancies/108913604?host=hh.ru,"['Менеджер по продажам, менеджер по работе с клиентами']",,,,
2476,109305533,Бизнес-аналитик,https://api.hh.ru/vacancies/109305533?host=hh.ru,['Бизнес-аналитик'],,,,
2477,112140581,Контент-менеджер,https://api.hh.ru/vacancies/112140581?host=hh.ru,"['Режиссер, сценарист']",60000.0,80000.0,RUR,False
2478,112640444,Аналитик Wildberries/Продуктолог,https://api.hh.ru/vacancies/112640444?host=hh.ru,['Аналитик'],70000.0,,RUR,True
2479,112756626,Казначей-операционист,https://api.hh.ru/vacancies/112756626?host=hh.ru,['Казначей'],,,,
2480,114282458,Продакт-менеджер ( со знанием итальянского языка),https://api.hh.ru/vacancies/114282458?host=hh.ru,['Менеджер продукта'],,150000.0,RUR,False
2481,109306382,Менеджер по логистике,https://api.hh.ru/vacancies/109306382?host=hh.ru,"['Менеджер по логистике, менеджер по ВЭД']",,,,
2482,112183820,Frontend-разработчик,https://api.hh.ru/vacancies/112183820?host=hh.ru,"['Программист, разработчик']",,,,
2483,112746920,Руководитель отдела продаж (переписки в соцсетях),https://api.hh.ru/vacancies/112746920?host=hh.ru,['Руководитель отдела продаж'],120000.0,150000.0,RUR,False
2484,113255002,Бизнес-аналитик,https://api.hh.ru/vacancies/113255002?host=hh.ru,['Бизнес-аналитик'],250000.0,300000.0,RUR,False
2485,113701525,Директор по персоналу / HRD,https://api.hh.ru/vacancies/113701525?host=hh.ru,['Директор по персоналу (HRD)'],,,,
2486,110611909,Специалист по информационной безопасности L1/L2 (SOC),https://api.hh.ru/vacancies/110611909?host=hh.ru,['Специалист по информационной безопасности'],270000.0,,RUR,True
2487,112499180,Менеджер по работе с Wildberries,https://api.hh.ru/vacancies/112499180?host=hh.ru,['Другое'],60000.0,150000.0,RUR,False
2488,112571974,Руководитель отдела продаж оборудования,https://api.hh.ru/vacancies/112571974?host=hh.ru,['Руководитель отдела продаж'],160000.0,,RUR,True
2489,111224934,Директор по развитию,https://api.hh.ru/vacancies/111224934?host=hh.ru,"['Менеджер по маркетингу, интернет-маркетолог']",,,,
2490,112716083,Менеджер по подбору персонала,https://api.hh.ru/vacancies/112716083?host=hh.ru,['Специалист по подбору персонала'],70000.0,120000.0,RUR,False
2491,113709927,Корректор,https://api.hh.ru/vacancies/113709927?host=hh.ru,"['Копирайтер, редактор, корректор']",,,,
2492,113733349,Руководитель группы текстовых продаж,https://api.hh.ru/vacancies/113733349?host=hh.ru,['Руководитель отдела продаж'],100000.0,,RUR,True
2493,114300307,Аналитик данных,https://api.hh.ru/vacancies/114300307?host=hh.ru,"['BI-аналитик, аналитик данных']",,,,
2494,111743313,Директор по маркетингу,https://api.hh.ru/vacancies/111743313?host=hh.ru,['Директор по маркетингу и PR (CMO)'],200000.0,,RUR,False
2495,112535036,Бухгалтер по расчету заработной платы,https://api.hh.ru/vacancies/112535036?host=hh.ru,['Бухгалтер'],,40000.0,RUR,False
2496,112752724,Менеджер по противодействию мошенничеству (антифрод),https://api.hh.ru/vacancies/112752724?host=hh.ru,['Специалист службы безопасности'],,,,
2497,112778249,Intern System Architect / Стажер в системную архитектуру,https://api.hh.ru/vacancies/112778249?host=hh.ru,"['BI-аналитик, аналитик данных']",,,,
2498,112957969,"Специалист по работе баз данных PostgreSQL, MySQL, MS SQL",https://api.hh.ru/vacancies/112957969?host=hh.ru,['Системный администратор'],,,,
2499,113272396,Аналитик в области социальной сферы (образование и наука),https://api.hh.ru/vacancies/113272396?host=hh.ru,['Аналитик'],,,,
2500,113859950,Начинающий специалист / Помощник проектного менеджера (HR-проекты),https://api.hh.ru/vacancies/113859950?host=hh.ru,['Специалист по подбору персонала'],,,,
2501,106367646,Ведущий аналитик (отдел трейд-маркетинга),https://api.hh.ru/vacancies/106367646?host=hh.ru,"['Менеджер по маркетингу, интернет-маркетолог']",,,,
2502,109631695,Аналитик данных,https://api.hh.ru/vacancies/109631695?host=hh.ru,"['BI-аналитик, аналитик данных']",350000.0,465000.0,RUR,False
2503,112164825,Продюссер контента,https://api.hh.ru/vacancies/112164825?host=hh.ru,['Продюсер'],,,,
2504,112525029,Начальник спортивной сборной команды (по лыжным видам спорта),https://api.hh.ru/vacancies/112525029?host=hh.ru,['Другое'],,80000.0,RUR,False
2505,112864553,Финансовый директор,https://api.hh.ru/vacancies/112864553?host=hh.ru,['Финансовый директор (CFO)'],,,,
2506,113142479,Руководитель проектов/Event Producer,https://api.hh.ru/vacancies/113142479?host=hh.ru,['Event-менеджер'],150000.0,250000.0,RUR,False
2507,112031324,Менеджер по работе с маркетплейсом OZON/специалист по работе с ОЗОН,https://api.hh.ru/vacancies/112031324?host=hh.ru,"['Менеджер по продажам, менеджер по работе с клиентами']",120000.0,,RUR,False
2508,112164541,Проджект/Project Продукт/Product менеджер,https://api.hh.ru/vacancies/112164541?host=hh.ru,['Менеджер продукта'],100000.0,200000.0,RUR,False
2509,112304363,Руководитель отдела заботы о клиенте,https://api.hh.ru/vacancies/112304363?host=hh.ru,['Руководитель отдела клиентского обслуживания'],,,,
2510,114062927,"Менеджер проектов, Маркетплейс, Локализация",https://api.hh.ru/vacancies/114062927?host=hh.ru,['Руководитель проектов'],,,,
2511,111086046,Финансовый аналитик,https://api.hh.ru/vacancies/111086046?host=hh.ru,"['Финансовый аналитик, инвестиционный аналитик']",100000.0,130000.0,RUR,False
2512,112041258,Начинающий бизнес-аналитик,https://api.hh.ru/vacancies/112041258?host=hh.ru,['Аналитик'],,,,
2513,112744808,Аналитик-маркетолог,https://api.hh.ru/vacancies/112744808?host=hh.ru,['Маркетолог-аналитик'],60000.0,,RUR,True
2514,114077236,Product manager/Product Owner,https://api.hh.ru/vacancies/114077236?host=hh.ru,['Менеджер продукта'],,,,
2515,114212051,Finance Analyst,https://api.hh.ru/vacancies/114212051?host=hh.ru,"['Финансовый аналитик, инвестиционный аналитик']",,,,
2516,110641595,Менеджер по маркетингу и рекламе,https://api.hh.ru/vacancies/110641595?host=hh.ru,"['Менеджер по маркетингу, интернет-маркетолог']",150000.0,170000.0,RUR,False
2517,111764605,Менеджер маркетплейса ВБ,https://api.hh.ru/vacancies/111764605?host=hh.ru,"['Менеджер по маркетингу, интернет-маркетолог']",80000.0,,RUR,False
2518,113322964,Менеджер по продажам со знанием английского языка,https://api.hh.ru/vacancies/113322964?host=hh.ru,"['Менеджер по продажам, менеджер по работе с клиентами']",200000.0,,RUR,False
2519,113858188,Личный ассистент,https://api.hh.ru/vacancies/113858188?host=hh.ru,"['Секретарь, помощник руководителя, ассистент']",10000.0,20000.0,RUR,False
2520,114172550,SEO-специалист EdTech,https://api.hh.ru/vacancies/114172550?host=hh.ru,"['Менеджер по маркетингу, интернет-маркетолог']",120000.0,140000.0,RUR,True
2521,114180013,Менеджер по подбору персонала,https://api.hh.ru/vacancies/114180013?host=hh.ru,['Менеджер по персоналу'],,,,
2522,114202773,Директор по складским операциям,https://api.hh.ru/vacancies/114202773?host=hh.ru,['Руководитель отдела логистики'],,,,
2523,103773263,Финансовый аналитик,https://api.hh.ru/vacancies/103773263?host=hh.ru,['Аналитик'],150000.0,,RUR,False
2524,111903076,Web-разработчик,https://api.hh.ru/vacancies/111903076?host=hh.ru,"['Программист, разработчик']",115000.0,,RUR,True
2525,112317273,Менеджер по маркетплейсам Ozon (Озон),https://api.hh.ru/vacancies/112317273?host=hh.ru,"['Менеджер по маркетингу, интернет-маркетолог']",30000.0,80000.0,RUR,False
2526,113874861,Стажер бизнес-аналитик BI систем,https://api.hh.ru/vacancies/113874861?host=hh.ru,"['BI-аналитик, аналитик данных']",,,,
2527,113914624,Influence manager / Менеджер по работе с блогерами iGaming,https://api.hh.ru/vacancies/113914624?host=hh.ru,"['Менеджер по маркетингу, интернет-маркетолог']",,,,
2528,114023550,Специалист по логистике,https://api.hh.ru/vacancies/114023550?host=hh.ru,"['Менеджер по логистике, менеджер по ВЭД']",,,,
2529,114173846,КАМ (key account manager) по работе с аптечными сетями,https://api.hh.ru/vacancies/114173846?host=hh.ru,"['Менеджер по продажам, менеджер по работе с клиентами']",150000.0,,RUR,False
2530,114302097,Business Development Manager (Influencer Marketing),https://api.hh.ru/vacancies/114302097?host=hh.ru,"['Менеджер по маркетингу, интернет-маркетолог']",,,,
2531,113013488,Помощник специалиста по документообороту,https://api.hh.ru/vacancies/113013488?host=hh.ru,"['Делопроизводитель, архивариус']",,,,
2532,113738756,Руководитель Центра реализации обучения и развития,https://api.hh.ru/vacancies/113738756?host=hh.ru,['Руководитель отдела персонала'],,,,
2533,114310281,Senior Developer C++,https://api.hh.ru/vacancies/114310281?host=hh.ru,"['Программист, разработчик']",,,,
2534,114364309,Email/CRM маркетолог (в туризме),https://api.hh.ru/vacancies/114364309?host=hh.ru,"['Менеджер по маркетингу, интернет-маркетолог']",100000.0,150000.0,RUR,False
2535,111533734,Product manager в IT,https://api.hh.ru/vacancies/111533734?host=hh.ru,['Менеджер продукта'],150000.0,,RUR,False
2536,113336703,Маркетолог (SaaS),https://api.hh.ru/vacancies/113336703?host=hh.ru,"['Менеджер по маркетингу, интернет-маркетолог']",,,,
2537,114212052,Finance Analyst,https://api.hh.ru/vacancies/114212052?host=hh.ru,"['Финансовый аналитик, инвестиционный аналитик']",,,,
2538,109236829,Аналитик,https://api.hh.ru/vacancies/109236829?host=hh.ru,['Аналитик'],100000.0,160000.0,RUR,False
2539,111343200,Системный аналитик,https://api.hh.ru/vacancies/111343200?host=hh.ru,['Системный аналитик'],180000.0,,RUR,False
2540,112069563,Менеджер маркетплейсов / менеджер ozon,https://api.hh.ru/vacancies/112069563?host=hh.ru,"['Менеджер по маркетингу, интернет-маркетолог']",50000.0,100000.0,RUR,False
2541,112752417,Продуктовый аналитик/Специалист по анализу данных,https://api.hh.ru/vacancies/112752417?host=hh.ru,['Продуктовый аналитик'],,,,
2542,112903596,Системный аналитик,https://api.hh.ru/vacancies/112903596?host=hh.ru,['Системный аналитик'],,,,
2543,113142613,Директолог,https://api.hh.ru/vacancies/113142613?host=hh.ru,['Другое'],25000.0,,RUR,False
2544,113273070,Администратор интернет магазина,https://api.hh.ru/vacancies/113273070?host=hh.ru,"['Менеджер по маркетингу, интернет-маркетолог']",80000.0,,RUR,False
2545,114058657,Системный аналитик,https://api.hh.ru/vacancies/114058657?host=hh.ru,['Системный аналитик'],,,,
2546,114170395,Ведущий интернет-маркетолог,https://api.hh.ru/vacancies/114170395?host=hh.ru,"['Менеджер по маркетингу, интернет-маркетолог']",,,,
2547,114302742,Менеджер по продажам информационных продуктов,https://api.hh.ru/vacancies/114302742?host=hh.ru,"['Менеджер по продажам, менеджер по работе с клиентами']",150000.0,250000.0,RUR,False
2548,109234015,Категорийный менеджер,https://api.hh.ru/vacancies/109234015?host=hh.ru,['Товаровед'],,,,
2549,112341461,Менеджер по работе с маркетплейсами,https://api.hh.ru/vacancies/112341461?host=hh.ru,['Другое'],,,,
2550,112783959,Руководитель проектного офиса,https://api.hh.ru/vacancies/112783959?host=hh.ru,['Руководитель проектов'],,,,
2551,113767208,Бизнес-аналитик,https://api.hh.ru/vacancies/113767208?host=hh.ru,['Бизнес-аналитик'],,,,
2552,114186187,Тимлид команды продукта (B2B) / Менеджер продукта,https://api.hh.ru/vacancies/114186187?host=hh.ru,['Менеджер продукта'],,,,
2553,111776579,Media Buyer (Дейтинг),https://api.hh.ru/vacancies/111776579?host=hh.ru,"['Менеджер по маркетингу, интернет-маркетолог']",3000.0,,USD,True
2554,112354559,Специалист по контекстной рекламе/директолог,https://api.hh.ru/vacancies/112354559?host=hh.ru,"['Менеджер по маркетингу, интернет-маркетолог']",100000.0,120000.0,RUR,False
2555,112577298,Перфоманс-маркетолог,https://api.hh.ru/vacancies/112577298?host=hh.ru,"['Менеджер по маркетингу, интернет-маркетолог']",,,,
2556,113017318,Аналитик данных (стажёр),https://api.hh.ru/vacancies/113017318?host=hh.ru,"['BI-аналитик, аналитик данных']",,,,
2557,113707804,Специалист по кадровому делопроизводству,https://api.hh.ru/vacancies/113707804?host=hh.ru,['Специалист по кадрам'],,,,
2558,114201065,Финансовый контролер,https://api.hh.ru/vacancies/114201065?host=hh.ru,['Финансовый контролер'],100000.0,150000.0,RUR,True
2559,114292112,Рекрутер/Менеджер по персоналу/Менеджер по подбору,https://api.hh.ru/vacancies/114292112?host=hh.ru,['Специалист по подбору персонала'],,,,
2560,108450489,Бизнес-аналитик,https://api.hh.ru/vacancies/108450489?host=hh.ru,['Бизнес-аналитик'],,,,
2561,108939455,Главный специалист (переезд компании в г. Санкт - Петербург),https://api.hh.ru/vacancies/108939455?host=hh.ru,['Экономист'],,,,
2562,110201626,Аналитик по прогнозированию,https://api.hh.ru/vacancies/110201626?host=hh.ru,['Аналитик'],,,,
2563,112769705,Таргетолог Facebook,https://api.hh.ru/vacancies/112769705?host=hh.ru,"['Менеджер по маркетингу, интернет-маркетолог']",120000.0,200000.0,RUR,False
2564,112771867,Руководитель отдела проектного управления (Head of Project Management) SEO,https://api.hh.ru/vacancies/112771867?host=hh.ru,['Руководитель проектов'],100000.0,,RUR,False
2565,113013474,Консультант проектов сопровождения Directum RX (младший бизнес-аналитик),https://api.hh.ru/vacancies/113013474?host=hh.ru,['Бизнес-аналитик'],80000.0,140000.0,RUR,True
2566,113154093,Technical Product Analyst (Продуктовый аналитик),https://api.hh.ru/vacancies/113154093?host=hh.ru,['Продуктовый аналитик'],150000.0,,RUR,False
2567,113724662,Аналитик/Старший аналитик (управление корпоративных финансов),https://api.hh.ru/vacancies/113724662?host=hh.ru,"['Финансовый аналитик, инвестиционный аналитик']",,,,
2568,113764081,Team Lead Data Analyst,https://api.hh.ru/vacancies/113764081?host=hh.ru,"['BI-аналитик, аналитик данных']",300000.0,450000.0,RUR,False
2569,111746523,Руководитель отдела маркетинга,https://api.hh.ru/vacancies/111746523?host=hh.ru,['Руководитель отдела маркетинга и рекламы'],150000.0,,RUR,False
2570,112522012,Администратор базы данных (отдел бизнес аналитики и управление данными),https://api.hh.ru/vacancies/112522012?host=hh.ru,"['Оператор ПК, оператор базы данных']",,,,
2571,112844514,Подменный Администратор СПА салона Вай Тай,https://api.hh.ru/vacancies/112844514?host=hh.ru,['Администратор'],60000.0,90000.0,RUR,False
2572,113886457,Python-разработчик (HR-платформа Пульс),https://api.hh.ru/vacancies/113886457?host=hh.ru,"['Программист, разработчик']",,,,
2573,105379390,Бизнес-аналитик,https://api.hh.ru/vacancies/105379390?host=hh.ru,['Бизнес-аналитик'],,,,
2574,109685951,Аналитик данных,https://api.hh.ru/vacancies/109685951?host=hh.ru,"['BI-аналитик, аналитик данных']",,,,
2575,110648018,Системный/бизнес аналитик,https://api.hh.ru/vacancies/110648018?host=hh.ru,['Системный аналитик'],,,,
2576,112963871,Менеджер по работе с маркетплейсами,https://api.hh.ru/vacancies/112963871?host=hh.ru,['Другое'],100000.0,,RUR,False
2577,113760662,Java-разработчик,https://api.hh.ru/vacancies/113760662?host=hh.ru,"['Программист, разработчик']",,270000.0,RUR,True
2578,113879899,Менеджер по внутренним коммуникациям в Яндекс 360,https://api.hh.ru/vacancies/113879899?host=hh.ru,['Другое'],,,,
2579,114187138,Бухгалтер,https://api.hh.ru/vacancies/114187138?host=hh.ru,['Бухгалтер'],70000.0,80000.0,RUR,False
2580,114293464,Бизнес-аналитик,https://api.hh.ru/vacancies/114293464?host=hh.ru,['Аналитик'],,,,
2581,108529107,Руководитель отдела качества в службе поддержки,https://api.hh.ru/vacancies/108529107?host=hh.ru,['Другое'],,,,
2582,112772213,Директор клиентского сервиса,https://api.hh.ru/vacancies/112772213?host=hh.ru,['Коммерческий директор (CCO)'],300000.0,,RUR,False
2583,113697713,Аналитик данных,https://api.hh.ru/vacancies/113697713?host=hh.ru,"['BI-аналитик, аналитик данных']",,,,
2584,113905371,Frontend developer в Видеоаналитику (Trust&Safety),https://api.hh.ru/vacancies/113905371?host=hh.ru,"['Программист, разработчик']",,,,
2585,114185721,Лидер отдела продаж / Ведущий менеджер по продажам,https://api.hh.ru/vacancies/114185721?host=hh.ru,"['Менеджер по продажам, менеджер по работе с клиентами']",100000.0,500000.0,RUR,False
2586,114187380,Бизнес-партнер по персоналу Недвижимость: Операции,https://api.hh.ru/vacancies/114187380?host=hh.ru,['Руководитель отдела персонала'],,,,
2587,106701607,Менеджер продукта,https://api.hh.ru/vacancies/106701607?host=hh.ru,['Менеджер продукта'],300000.0,350000.0,RUR,True
2588,111745690,Операционный директор,https://api.hh.ru/vacancies/111745690?host=hh.ru,['Операционный директор (COO)'],,350000.0,RUR,False
2589,111964532,Менеджер по продажам услуг,https://api.hh.ru/vacancies/111964532?host=hh.ru,"['Менеджер по продажам, менеджер по работе с клиентами']",100000.0,200000.0,RUR,False
2590,112729146,Маркетолог-аналитик,https://api.hh.ru/vacancies/112729146?host=hh.ru,"['Менеджер по маркетингу, интернет-маркетолог']",150000.0,,RUR,False
2591,113861784,Аналитик расходов автопарка,https://api.hh.ru/vacancies/113861784?host=hh.ru,['Аналитик'],,,,
2592,113906686,Главный эксперт-аналитик по направлению ценового анализа,https://api.hh.ru/vacancies/113906686?host=hh.ru,['Другое'],117196.0,185000.0,RUR,True
2593,114188245,Маркетолог в онлайн-школу профессий,https://api.hh.ru/vacancies/114188245?host=hh.ru,"['Менеджер по маркетингу, интернет-маркетолог']",120000.0,,RUR,False
2594,114289880,Маркетолог,https://api.hh.ru/vacancies/114289880?host=hh.ru,['Маркетолог-аналитик'],,100000.0,RUR,False
2595,107410320,Head of Brand / Brand Director,https://api.hh.ru/vacancies/107410320?host=hh.ru,['Руководитель отдела маркетинга и рекламы'],,,,
2596,109047930,Финансовый аналитик (Контролер),https://api.hh.ru/vacancies/109047930?host=hh.ru,['Финансовый менеджер'],,,,
2597,110324691,Менеджер проектов (Аналитик),https://api.hh.ru/vacancies/110324691?host=hh.ru,['Бизнес-аналитик'],,,,
2598,111791736,Senior Project manager,https://api.hh.ru/vacancies/111791736?host=hh.ru,['Руководитель проектов'],,,,
2599,111876287,Менеджер по работе с маркетплейсами,https://api.hh.ru/vacancies/111876287?host=hh.ru,"['Менеджер по продажам, менеджер по работе с клиентами']",130000.0,200000.0,RUR,False
2600,111975655,Менеджер по маркетингу и PR,https://api.hh.ru/vacancies/111975655?host=hh.ru,"['Менеджер по маркетингу, интернет-маркетолог']",150000.0,150000.0,RUR,True
2601,112865905,Junior Product Manager,https://api.hh.ru/vacancies/112865905?host=hh.ru,['Менеджер продукта'],90000.0,100000.0,RUR,False
2602,113270901,Руководитель направления маркетинга,https://api.hh.ru/vacancies/113270901?host=hh.ru,['Руководитель отдела маркетинга и рекламы'],,,,
2603,113856103,Менеджер по продажам/Sales manager,https://api.hh.ru/vacancies/113856103?host=hh.ru,"['Менеджер по продажам, менеджер по работе с клиентами']",,,,
2604,114050649,Менеджер по работе с VIP-клиентами,https://api.hh.ru/vacancies/114050649?host=hh.ru,"['Менеджер по продажам, менеджер по работе с клиентами']",,,,
2605,114293248,Менеджер по стратегии,https://api.hh.ru/vacancies/114293248?host=hh.ru,['Менеджер/консультант по стратегии'],,,,
2606,109231769,Системный аналитик,https://api.hh.ru/vacancies/109231769?host=hh.ru,['Системный аналитик'],,,,
2607,112677162,Менеджер маркетплейса ВБ,https://api.hh.ru/vacancies/112677162?host=hh.ru,"['Менеджер по маркетингу, интернет-маркетолог']",80000.0,200000.0,RUR,False
2608,113878586,Эксперт-аналитик,https://api.hh.ru/vacancies/113878586?host=hh.ru,['Аналитик'],,165000.0,RUR,False
2609,110208014,Data Analyst / Data Scientist (Junior/Junior+),https://api.hh.ru/vacancies/110208014?host=hh.ru,"['Программист, разработчик']",,,,
2610,112074218,Финансовый менеджер,https://api.hh.ru/vacancies/112074218?host=hh.ru,['Финансовый менеджер'],,,,
2611,112338051,Специалист по контекстной рекламе (контекстолог / директолог),https://api.hh.ru/vacancies/112338051?host=hh.ru,"['Менеджер по маркетингу, интернет-маркетолог']",130000.0,150000.0,RUR,True
2612,112514478,Эсперт-аналитик инвестиционных проектов,https://api.hh.ru/vacancies/112514478?host=hh.ru,['Маркетолог-аналитик'],,,,
2613,113324729,HR менеджер,https://api.hh.ru/vacancies/113324729?host=hh.ru,['Менеджер по персоналу'],70000.0,150000.0,RUR,False
2614,113906864,Technical Project Manager (E-commerce),https://api.hh.ru/vacancies/113906864?host=hh.ru,['Руководитель проектов'],,,,
2615,114028666,Технический аналитик,https://api.hh.ru/vacancies/114028666?host=hh.ru,['Другое'],80000.0,,RUR,False
2616,114319047,Программист 1С в Брокерскую компанию,https://api.hh.ru/vacancies/114319047?host=hh.ru,"['Программист, разработчик']",65000.0,120000.0,RUR,True
2617,109481394,CTO / Сhief Technology Officer / Технический директор,https://api.hh.ru/vacancies/109481394?host=hh.ru,['Технический директор (CTO)'],400000.0,,RUR,False
2618,109571962,Менеджер проектов в команду управления проектами,https://api.hh.ru/vacancies/109571962?host=hh.ru,['Другое'],,,,
2619,112185256,SEO-специалист,https://api.hh.ru/vacancies/112185256?host=hh.ru,"['Менеджер по маркетингу, интернет-маркетолог']",80000.0,120000.0,RUR,False
2620,113266386,Специалист отдела снабжения,https://api.hh.ru/vacancies/113266386?host=hh.ru,['Менеджер по закупкам'],,,,
2621,113741516,Младший портфельный аналитик,https://api.hh.ru/vacancies/113741516?host=hh.ru,"['Финансовый аналитик, инвестиционный аналитик']",,,,
2622,114168681,Руководитель отдела продаж,https://api.hh.ru/vacancies/114168681?host=hh.ru,['Руководитель отдела продаж'],60000.0,100000.0,RUR,False
2623,114170667,Тестировщик 1С,https://api.hh.ru/vacancies/114170667?host=hh.ru,['Тестировщик'],,,,
2624,114233850,Менеджер по работе с партнерами (Partner Success Manager),https://api.hh.ru/vacancies/114233850?host=hh.ru,['Менеджер по работе с партнерами'],150000.0,225000.0,RUR,False
2625,114294307,Трафик-менеджер (Programmatic)/Таргетолог,https://api.hh.ru/vacancies/114294307?host=hh.ru,"['Менеджер по маркетингу, интернет-маркетолог']",120000.0,,RUR,False
2626,112065813,"Коммерческий директор (CCO) Криптовалюта, блокчейн",https://api.hh.ru/vacancies/112065813?host=hh.ru,['Операционный директор (COO)'],800000.0,,RUR,False
2627,112142024,Руководитель отдела продаж,https://api.hh.ru/vacancies/112142024?host=hh.ru,['Руководитель отдела продаж'],150000.0,500000.0,RUR,False
2628,112422872,Project manager,https://api.hh.ru/vacancies/112422872?host=hh.ru,['Руководитель проектов'],60000.0,90000.0,RUR,False
2629,113259439,Помощник заведующего отделением (Администратор/Медицинский регистратор),https://api.hh.ru/vacancies/113259439?host=hh.ru,"['Делопроизводитель, архивариус']",81000.0,81000.0,RUR,True
2630,113884899,Рекрутер/Менеджер по подбору персонала,https://api.hh.ru/vacancies/113884899?host=hh.ru,['Специалист по подбору персонала'],90000.0,,RUR,False
2631,114186337,"Специалист по настройке Яндекс Директ, ВК",https://api.hh.ru/vacancies/114186337?host=hh.ru,['Другое'],20000.0,70000.0,RUR,True
2632,111759691,Методолог второй линии поддержки,https://api.hh.ru/vacancies/111759691?host=hh.ru,['Методолог'],4000.0,,EUR,False
2633,112534396,Специалист-аналитик по работе с базой данных,https://api.hh.ru/vacancies/112534396?host=hh.ru,"['BI-аналитик, аналитик данных']",70000.0,,RUR,True
2634,113019415,Директолог,https://api.hh.ru/vacancies/113019415?host=hh.ru,"['Менеджер по маркетингу, интернет-маркетолог']",70000.0,150000.0,RUR,True
2635,113126833,Офис менеджер,https://api.hh.ru/vacancies/113126833?host=hh.ru,['Офис-менеджер'],,,,
2636,113698060,Менеджер по продажам услуг b2b,https://api.hh.ru/vacancies/113698060?host=hh.ru,"['Менеджер по продажам, менеджер по работе с клиентами']",200000.0,,RUR,False
2637,114043509,Ведущий специалист 1С / Руководитель отдела внедрения 1С продуктов,https://api.hh.ru/vacancies/114043509?host=hh.ru,"['Программист, разработчик']",,,,
2638,114205324,Senior Flutter разработчик,https://api.hh.ru/vacancies/114205324?host=hh.ru,"['Программист, разработчик']",280000.0,320000.0,RUR,False
2639,109147105,QA инженер/тестировщик,https://api.hh.ru/vacancies/109147105?host=hh.ru,['Тестировщик'],,,,
2640,112059559,Руководитель направления,https://api.hh.ru/vacancies/112059559?host=hh.ru,['Менеджер продукта'],,,,
2641,112727068,Системный аналитик,https://api.hh.ru/vacancies/112727068?host=hh.ru,['Системный аналитик'],,,,
2642,112974406,SMM-менеджер / Контент-менеджер,https://api.hh.ru/vacancies/112974406?host=hh.ru,"['SMM-менеджер, контент-менеджер']",,90000.0,RUR,False
2643,113324236,Менеджер ВБ / Специалист по работе с маркетплейсом Wildberries,https://api.hh.ru/vacancies/113324236?host=hh.ru,"['Менеджер по продажам, менеджер по работе с клиентами']",80000.0,160000.0,RUR,False
2644,113714569,Финансовый контролер (NKA),https://api.hh.ru/vacancies/113714569?host=hh.ru,['Финансовый контролер'],,,,
2645,114036864,Senior java разработчик,https://api.hh.ru/vacancies/114036864?host=hh.ru,"['Программист, разработчик']",,,,
2646,111849925,Руководитель проектов,https://api.hh.ru/vacancies/111849925?host=hh.ru,['Руководитель проектов'],,,,
2647,112029699,Финансовый менеджер,https://api.hh.ru/vacancies/112029699?host=hh.ru,['Финансовый менеджер'],150000.0,175000.0,RUR,False
2648,112731896,Руководитель в отдел продаж,https://api.hh.ru/vacancies/112731896?host=hh.ru,['Руководитель отдела продаж'],100000.0,,RUR,False
2649,112761354,"Junior NLP, LLM Data Scientist (блок ""Сеть Продаж"")",https://api.hh.ru/vacancies/112761354?host=hh.ru,['Дата-сайентист'],,,,
2650,113272378,HR-бизнес-партнер (HR BP),https://api.hh.ru/vacancies/113272378?host=hh.ru,['Директор по персоналу (HRD)'],180000.0,,RUR,False
2651,114180026,Финансовый аналитик,https://api.hh.ru/vacancies/114180026?host=hh.ru,"['Финансовый аналитик, инвестиционный аналитик']",,,,
2652,111743281,Head of Digital,https://api.hh.ru/vacancies/111743281?host=hh.ru,"['Менеджер по маркетингу, интернет-маркетолог']",,,,
2653,111904769,Менеджер по маркетплейсам ВБ / Вайлдбериз (удаленно),https://api.hh.ru/vacancies/111904769?host=hh.ru,"['Менеджер по маркетингу, интернет-маркетолог']",70000.0,120000.0,RUR,False
2654,113321484,SMM-специалист,https://api.hh.ru/vacancies/113321484?host=hh.ru,"['SMM-менеджер, контент-менеджер']",65000.0,,RUR,True
2655,114299708,Старший аналитик для разработки CRM,https://api.hh.ru/vacancies/114299708?host=hh.ru,['Аналитик'],,,,
2656,112071732,Тестировщик,https://api.hh.ru/vacancies/112071732?host=hh.ru,['Тестировщик'],,,,
2657,112616840,Руководитель направления по работе с ключевыми клиентами (аптечные сети и дистрибуторы)/GROUP KAM,https://api.hh.ru/vacancies/112616840?host=hh.ru,"['Менеджер по продажам, менеджер по работе с клиентами']",250000.0,,RUR,False
2658,112647555,Менеджер по работе с ключевыми клиентами/КАМ/Key Account Manager (алкоголь),https://api.hh.ru/vacancies/112647555?host=hh.ru,"['Менеджер по продажам, менеджер по работе с клиентами']",390000.0,,RUR,False
2659,112725429,Менеджер Wildberries,https://api.hh.ru/vacancies/112725429?host=hh.ru,"['Менеджер по маркетингу, интернет-маркетолог']",50000.0,100000.0,RUR,False
2660,113320350,SMM-специалист,https://api.hh.ru/vacancies/113320350?host=hh.ru,"['SMM-менеджер, контент-менеджер']",70000.0,120000.0,RUR,False
2661,113740609,Аналитик отдела маркетинга (MS Excel),https://api.hh.ru/vacancies/113740609?host=hh.ru,['Аналитик'],85000.0,100000.0,RUR,False
2662,110121976,Руководитель группы digital маркетинга,https://api.hh.ru/vacancies/110121976?host=hh.ru,"['Менеджер по маркетингу, интернет-маркетолог']",,,,
2663,112323120,Project Manager (junior),https://api.hh.ru/vacancies/112323120?host=hh.ru,['Руководитель проектов'],,,,
2664,112749826,Бизнес Аналитик [Junior],https://api.hh.ru/vacancies/112749826?host=hh.ru,['Бизнес-аналитик'],,,,
2665,114291447,Маркетолог / Digital-маркетолог,https://api.hh.ru/vacancies/114291447?host=hh.ru,"['Менеджер по маркетингу, интернет-маркетолог']",,,,
2666,114296165,Финансовый аналитик,https://api.hh.ru/vacancies/114296165?host=hh.ru,"['Финансовый аналитик, инвестиционный аналитик']",150000.0,200000.0,RUR,False
2667,105850290,Начальник отдела анализа требований (СА+БА),https://api.hh.ru/vacancies/105850290?host=hh.ru,['Руководитель отдела аналитики'],,600000.0,RUR,False
2668,109796090,QA Engineer (Senior),https://api.hh.ru/vacancies/109796090?host=hh.ru,['Тестировщик'],,,,
2669,110048496,Middle Data analyst / Аналитик данных,https://api.hh.ru/vacancies/110048496?host=hh.ru,"['BI-аналитик, аналитик данных']",200000.0,300000.0,RUR,True
2670,112609634,Аналитик департамента планирования,https://api.hh.ru/vacancies/112609634?host=hh.ru,['Аналитик'],,,,
2671,113701684,User Acquisition Manager,https://api.hh.ru/vacancies/113701684?host=hh.ru,"['Менеджер по маркетингу, интернет-маркетолог']",,,,
2672,113713956,Системный аналитик - Видеоплатформа и Сервисы,https://api.hh.ru/vacancies/113713956?host=hh.ru,['Системный аналитик'],,,,
2673,114012020,"Директор по маркетингу в маркетинговое агентство (IT, B2B проекты)",https://api.hh.ru/vacancies/114012020?host=hh.ru,['Руководитель отдела маркетинга и рекламы'],140000.0,160000.0,RUR,False
2674,114176344,Продуктовый аналитик,https://api.hh.ru/vacancies/114176344?host=hh.ru,['Продуктовый аналитик'],,,,
2675,111086707,Аналитик DWH/ Analyst DWH,https://api.hh.ru/vacancies/111086707?host=hh.ru,['Аналитик'],,,,
2676,111899294,Начальник отдела аналитики,https://api.hh.ru/vacancies/111899294?host=hh.ru,['Руководитель отдела аналитики'],,,,
2677,112039297,Начинающий бизнес-аналитик,https://api.hh.ru/vacancies/112039297?host=hh.ru,['Бизнес-аналитик'],80000.0,80000.0,RUR,False
2678,112057514,Аналитик СМИ / Специалист по мониторингу СМИ,https://api.hh.ru/vacancies/112057514?host=hh.ru,['Аналитик'],30000.0,,RUR,False
2679,112138468,Junior SEO-специалист,https://api.hh.ru/vacancies/112138468?host=hh.ru,"['Менеджер по маркетингу, интернет-маркетолог']",60000.0,70000.0,RUR,False
2680,112252596,SMM-менеджер,https://api.hh.ru/vacancies/112252596?host=hh.ru,"['SMM-менеджер, контент-менеджер']",40000.0,,RUR,False
2681,112444816,Стажёр копирайтер,https://api.hh.ru/vacancies/112444816?host=hh.ru,"['Менеджер по маркетингу, интернет-маркетолог']",,,,
2682,113007133,Менеджер по маркетингу,https://api.hh.ru/vacancies/113007133?host=hh.ru,"['Менеджер по маркетингу, интернет-маркетолог']",100000.0,150000.0,RUR,False
2683,113701518,Руководитель отдела маркетинга / Digital-маркетолог (в туристическую компанию),https://api.hh.ru/vacancies/113701518?host=hh.ru,['Руководитель отдела маркетинга и рекламы'],150000.0,250000.0,RUR,False
2684,114017457,Трейд-маркетолог,https://api.hh.ru/vacancies/114017457?host=hh.ru,"['Менеджер по маркетингу, интернет-маркетолог']",,,,
2685,114079035,Junior HR-менеджер (в онлайн-школы холдинга),https://api.hh.ru/vacancies/114079035?host=hh.ru,['Менеджер по персоналу'],50000.0,50000.0,RUR,False
2686,114188881,Менеджер проектов (маркетинговые каналы привлечения),https://api.hh.ru/vacancies/114188881?host=hh.ru,['Менеджер по работе с партнерами'],,,,
2687,109485453,Руководитель пресс-службы в сервис путешествий,https://api.hh.ru/vacancies/109485453?host=hh.ru,['PR-менеджер'],,,,
2688,113446518,SMM менеджер Люкс Fashion,https://api.hh.ru/vacancies/113446518?host=hh.ru,"['SMM-менеджер, контент-менеджер']",60000.0,90000.0,RUR,False
2689,113855485,Трейд-маркетолог,https://api.hh.ru/vacancies/113855485?host=hh.ru,"['Менеджер по маркетингу, интернет-маркетолог']",,130000.0,RUR,True
2690,114020574,Аналитик 1С (консультант),https://api.hh.ru/vacancies/114020574?host=hh.ru,['Аналитик'],250000.0,,RUR,False
2691,108463287,Аналитик данных,https://api.hh.ru/vacancies/108463287?host=hh.ru,"['BI-аналитик, аналитик данных']",220000.0,,RUR,False
2692,112781840,Аналитик данных,https://api.hh.ru/vacancies/112781840?host=hh.ru,"['BI-аналитик, аналитик данных']",,,,
2693,112873148,Менеджер по маркетплейсам (реклама),https://api.hh.ru/vacancies/112873148?host=hh.ru,"['Менеджер по маркетингу, интернет-маркетолог']",100000.0,150000.0,RUR,False
2694,113739469,Специалист по ведению аналитики в отдел учета нарушений,https://api.hh.ru/vacancies/113739469?host=hh.ru,['Аналитик'],87000.0,,RUR,True
2695,113884023,Главный менеджер маркетплейса по работе Ozon (Офис),https://api.hh.ru/vacancies/113884023?host=hh.ru,"['Менеджер по маркетингу, интернет-маркетолог']",80000.0,130000.0,RUR,True
2696,114172855,Руководитель отдела финансового контроля,https://api.hh.ru/vacancies/114172855?host=hh.ru,['Финансовый менеджер'],,,,
2697,110815445,Middle Affiliate Manager,https://api.hh.ru/vacancies/110815445?host=hh.ru,"['Менеджер по маркетингу, интернет-маркетолог']",,,,
2698,111873619,Аналитик в команду Mobile Big Data,https://api.hh.ru/vacancies/111873619?host=hh.ru,"['BI-аналитик, аналитик данных']",,,,
2699,112765103,Аналитик эффективности транзитных складов,https://api.hh.ru/vacancies/112765103?host=hh.ru,['Аналитик'],,,,
2700,113143479,Junior Analyst / Младший аналитик,https://api.hh.ru/vacancies/113143479?host=hh.ru,"['BI-аналитик, аналитик данных']",,,,
2701,114027538,Ведущий маркетолог,https://api.hh.ru/vacancies/114027538?host=hh.ru,['Маркетолог-аналитик'],120000.0,,RUR,False
2702,114299921,Sales Manager (Data Tracker),https://api.hh.ru/vacancies/114299921?host=hh.ru,['Менеджер продукта'],,,,
2703,111517866,Аналитик,https://api.hh.ru/vacancies/111517866?host=hh.ru,['Аналитик'],,,,
2704,111725262,Специалист по операционной поддержке продаж в команду Авито Авто,https://api.hh.ru/vacancies/111725262?host=hh.ru,['Другое'],150000.0,,RUR,True
2705,112432095,Менеджер маркетплейса (Яндекс-Маркет)/ в ювелирную компанию,https://api.hh.ru/vacancies/112432095?host=hh.ru,['Другое'],,,,
2706,112854206,Менеджер по продажам ЖК Insider,https://api.hh.ru/vacancies/112854206?host=hh.ru,"['Менеджер по продажам, менеджер по работе с клиентами']",200000.0,350000.0,RUR,False
2707,112882351,Менеджер по продажам,https://api.hh.ru/vacancies/112882351?host=hh.ru,"['Менеджер по продажам, менеджер по работе с клиентами']",150000.0,400000.0,RUR,False
2708,114280607,Программист-аналитик,https://api.hh.ru/vacancies/114280607?host=hh.ru,"['BI-аналитик, аналитик данных']",100000.0,200000.0,RUR,False
2709,111539935,Руководитель Управления Разработки Дистанционного Банковского обслуживания и транзакционных систем,https://api.hh.ru/vacancies/111539935?host=hh.ru,['Кредитный специалист'],500000.0,,RUR,False
2710,111965193,Data Engineer (Дата-инженер),https://api.hh.ru/vacancies/111965193?host=hh.ru,['Дата-сайентист'],,,,
2711,113739649,Менеджер маркетплейса,https://api.hh.ru/vacancies/113739649?host=hh.ru,"['Режиссер, сценарист']",100000.0,150000.0,RUR,False
2712,113849186,Аналитик,https://api.hh.ru/vacancies/113849186?host=hh.ru,['Аналитик'],120000.0,140000.0,RUR,False
2713,114067080,Проджект-менеджер/Аналитик,https://api.hh.ru/vacancies/114067080?host=hh.ru,['Аналитик'],,200000.0,RUR,False
2714,110072739,Аналитик-разработчик (прогнозирование и планирование),https://api.hh.ru/vacancies/110072739?host=hh.ru,"['BI-аналитик, аналитик данных']",150000.0,280000.0,RUR,False
2715,112805363,Cпециалист по контекстной рекламе / Директолог (мебель на заказ),https://api.hh.ru/vacancies/112805363?host=hh.ru,"['Менеджер по маркетингу, интернет-маркетолог']",140000.0,,RUR,False
2716,113313843,Старший менеджер маркетплейсов (Wildberries),https://api.hh.ru/vacancies/113313843?host=hh.ru,"['Менеджер по маркетингу, интернет-маркетолог']",98765.0,148500.0,RUR,False
2717,113767786,Middle+/Senior UX/UI designer,https://api.hh.ru/vacancies/113767786?host=hh.ru,"['Дизайнер, художник']",100000.0,130000.0,RUR,False
2718,113893637,Руководитель проектов по развитию системы быстрых платежей,https://api.hh.ru/vacancies/113893637?host=hh.ru,['Руководитель проектов'],,,,
2719,114020536,BI-аналитик,https://api.hh.ru/vacancies/114020536?host=hh.ru,"['BI-аналитик, аналитик данных']",,,,
2720,114298264,SEO-специалист (стажер),https://api.hh.ru/vacancies/114298264?host=hh.ru,"['Менеджер по маркетингу, интернет-маркетолог']",40000.0,80000.0,RUR,False
2721,108657637,Performance manager,https://api.hh.ru/vacancies/108657637?host=hh.ru,"['Менеджер по маркетингу, интернет-маркетолог']",,,,
2722,110999928,Стажер/консультант в группу стратегического и операционного консалтинга,https://api.hh.ru/vacancies/110999928?host=hh.ru,['Бизнес-аналитик'],,,,
2723,111784241,Маркетолог,https://api.hh.ru/vacancies/111784241?host=hh.ru,"['Менеджер по маркетингу, интернет-маркетолог']",140000.0,,RUR,False
2724,112436603,Младший менеджер по маркетплейсам ОZON и WB,https://api.hh.ru/vacancies/112436603?host=hh.ru,"['Менеджер по маркетингу, интернет-маркетолог']",30000.0,50000.0,RUR,False
2725,112714419,Эксперт по претензионной работе по картам и СБП в Финтех,https://api.hh.ru/vacancies/112714419?host=hh.ru,['Другое'],,,,
2726,113698517,Инженер по системному анализу и тестированию,https://api.hh.ru/vacancies/113698517?host=hh.ru,['Тестировщик'],150000.0,,RUR,False
2727,84980964,Системный аналитик (Middle & Senior),https://api.hh.ru/vacancies/84980964?host=hh.ru,['Аналитик'],,,,
2728,111563221,Системный аналитик (Архитектор),https://api.hh.ru/vacancies/111563221?host=hh.ru,['Системный аналитик'],,,,
2729,111565940,Контент-менеджер маркетплейсов,https://api.hh.ru/vacancies/111565940?host=hh.ru,"['SMM-менеджер, контент-менеджер']",,135000.0,RUR,True
2730,111771730,Системный аналитик,https://api.hh.ru/vacancies/111771730?host=hh.ru,['Системный аналитик'],,,,
2731,111957286,Стажёр-системный аналитик,https://api.hh.ru/vacancies/111957286?host=hh.ru,['Системный аналитик'],,,,
2732,112069331,Разработчик / администратор БД MS SQL,https://api.hh.ru/vacancies/112069331?host=hh.ru,"['Программист, разработчик']",280000.0,350000.0,RUR,False
2733,112537293,Менеджер по работе с маркетплейсом ОZОN,https://api.hh.ru/vacancies/112537293?host=hh.ru,"['Менеджер по маркетингу, интернет-маркетолог']",150000.0,,RUR,False
2734,112715312,Заместитель руководителя E-commerce,https://api.hh.ru/vacancies/112715312?host=hh.ru,['Маркетолог-аналитик'],,,,
2735,112981416,Системный аналитик (маркетплейсы),https://api.hh.ru/vacancies/112981416?host=hh.ru,['Системный аналитик'],,,,
2736,113011595,Интернет-маркетолог,https://api.hh.ru/vacancies/113011595?host=hh.ru,"['Менеджер по маркетингу, интернет-маркетолог']",120000.0,150000.0,RUR,False
2737,112701019,Performance marketing manager,https://api.hh.ru/vacancies/112701019?host=hh.ru,"['Менеджер по маркетингу, интернет-маркетолог']",,,,
2738,113015436,Менеджер по работе с локальными ключевыми клиентами,https://api.hh.ru/vacancies/113015436?host=hh.ru,"['Менеджер по продажам, менеджер по работе с клиентами']",,,,
2739,113859526,Менеджер-маркетолог по работе с маркетплейсами,https://api.hh.ru/vacancies/113859526?host=hh.ru,"['Менеджер по маркетингу, интернет-маркетолог']",100000.0,200000.0,RUR,False
2740,107516910,Python-разработчик Low-code,https://api.hh.ru/vacancies/107516910?host=hh.ru,"['Программист, разработчик']",,,,
2741,112402022,Junior Digital специалист (младший SMM/ORM менеджер),https://api.hh.ru/vacancies/112402022?host=hh.ru,"['SMM-менеджер, контент-менеджер']",,,,
2742,112405382,Аналитик,https://api.hh.ru/vacancies/112405382?host=hh.ru,['Другое'],,,,
2743,112715618,Аналитик (CRM Python),https://api.hh.ru/vacancies/112715618?host=hh.ru,"['BI-аналитик, аналитик данных']",,,,
2744,112756760,Директор Департамента аналитики,https://api.hh.ru/vacancies/112756760?host=hh.ru,['Руководитель отдела аналитики'],,,,
2745,113752731,Менеджер по работе с партнерами,https://api.hh.ru/vacancies/113752731?host=hh.ru,['Менеджер по работе с партнерами'],,,,
2746,112390647,"Менеджер по продажам (B2B, digital)",https://api.hh.ru/vacancies/112390647?host=hh.ru,['Менеджер по работе с партнерами'],200000.0,,RUR,False
2747,112731241,Начинающий менеджер по интернет-рекламе,https://api.hh.ru/vacancies/112731241?host=hh.ru,"['Менеджер по маркетингу, интернет-маркетолог']",60000.0,90000.0,RUR,False
2748,112748950,Младший аналитик данных,https://api.hh.ru/vacancies/112748950?host=hh.ru,"['BI-аналитик, аналитик данных']",100000.0,100000.0,RUR,False
2749,112791246,Продуктовый аналитик (ETL),https://api.hh.ru/vacancies/112791246?host=hh.ru,['Продуктовый аналитик'],5000.0,6000.0,USD,False
2750,113781607,Маркетолог,https://api.hh.ru/vacancies/113781607?host=hh.ru,"['Менеджер по маркетингу, интернет-маркетолог']",,,,
2751,114061717,Аналитик данных / дата аналитик / data analyst (ипотека),https://api.hh.ru/vacancies/114061717?host=hh.ru,['Аналитик'],,,,
2752,109289027,Руководитель отдела производственного планирования,https://api.hh.ru/vacancies/109289027?host=hh.ru,['Экономист'],,,,
2753,112067031,Стажер - разработчик SQL (BI),https://api.hh.ru/vacancies/112067031?host=hh.ru,"['Программист, разработчик']",,,,
2754,112618742,Руководитель направления повышения эффективности процессов,https://api.hh.ru/vacancies/112618742?host=hh.ru,['Руководитель проектов'],,,,
2755,112726473,Авитолог (логистические услуги),https://api.hh.ru/vacancies/112726473?host=hh.ru,['Другое'],50000.0,,RUR,False
2756,112887849,Менеджер по работе с маркетплейсом (Wildberries),https://api.hh.ru/vacancies/112887849?host=hh.ru,"['Менеджер по маркетингу, интернет-маркетолог']",,150000.0,RUR,False
2757,113878706,Контент-менеджер/ Веб-дизайнер в сфере Fashion / Web Designer (офис),https://api.hh.ru/vacancies/113878706?host=hh.ru,"['Дизайнер, художник']",100000.0,,RUR,False
2758,113898661,"Специалист по связям с общественностью, пресс-секретарь",https://api.hh.ru/vacancies/113898661?host=hh.ru,['PR-менеджер'],,,,
2759,111058458,Региональный управляющий,https://api.hh.ru/vacancies/111058458?host=hh.ru,['Другое'],,360000.0,RUR,False
2760,112044512,Бизнес-аналитик в Маркетплейс,https://api.hh.ru/vacancies/112044512?host=hh.ru,['Бизнес-аналитик'],200000.0,240000.0,RUR,True
2761,112771472,Менеджер маркетплейсов / Помощник менеджера маркетплейсов,https://api.hh.ru/vacancies/112771472?host=hh.ru,"['Менеджер по маркетингу, интернет-маркетолог']",50000.0,150000.0,RUR,True
2762,113041911,Ресторанный бизнес-аналитик,https://api.hh.ru/vacancies/113041911?host=hh.ru,['Аналитик'],80000.0,120000.0,RUR,False
2763,113855889,Заместитель начальника склада,https://api.hh.ru/vacancies/113855889?host=hh.ru,['Начальник склада'],90000.0,,RUR,False
2764,114025425,Руководитель отдела по подбору и комплектованию персонала,https://api.hh.ru/vacancies/114025425?host=hh.ru,['Руководитель отдела персонала'],,,,
2765,111046896,Менеджер бонусной программы,https://api.hh.ru/vacancies/111046896?host=hh.ru,['Другое'],,115000.0,RUR,True
2766,112368504,Интернет-маркетолог,https://api.hh.ru/vacancies/112368504?host=hh.ru,"['Менеджер по маркетингу, интернет-маркетолог']",,,,
2767,112721576,Менеджер маркетплейсов,https://api.hh.ru/vacancies/112721576?host=hh.ru,"['Менеджер по маркетингу, интернет-маркетолог']",100000.0,,RUR,False
2768,114048890,"BI аналитик, FMCG",https://api.hh.ru/vacancies/114048890?host=hh.ru,"['BI-аналитик, аналитик данных']",,,,
2769,114201042,Маркетолог,https://api.hh.ru/vacancies/114201042?host=hh.ru,"['Менеджер по маркетингу, интернет-маркетолог']",,130000.0,RUR,False
2770,112413893,Аналитик,https://api.hh.ru/vacancies/112413893?host=hh.ru,['Аналитик'],100000.0,150000.0,RUR,False
2771,113726517,Специалист по обучению,https://api.hh.ru/vacancies/113726517?host=hh.ru,['Менеджер по персоналу'],,,,
2772,113867798,Системный аналитик (WEB/MOB),https://api.hh.ru/vacancies/113867798?host=hh.ru,['Системный аналитик'],,,,
2773,105715210,Менеджер продаж в Romikey B2B,https://api.hh.ru/vacancies/105715210?host=hh.ru,"['Менеджер по продажам, менеджер по работе с клиентами']",150000.0,350000.0,RUR,False
2774,111875103,"Маркетолог (Отель, Москва)",https://api.hh.ru/vacancies/111875103?host=hh.ru,"['Менеджер по маркетингу, интернет-маркетолог']",140000.0,,RUR,True
2775,112431957,Бизнес-аналитик,https://api.hh.ru/vacancies/112431957?host=hh.ru,['Бизнес-аналитик'],,,,
2776,112728984,Key Account Manager|KAM (PSP),https://api.hh.ru/vacancies/112728984?host=hh.ru,"['Менеджер по продажам, менеджер по работе с клиентами']",3000.0,4000.0,EUR,True
2777,112878358,Менеджер по маркетплейсам (Junior - начальный уровень),https://api.hh.ru/vacancies/112878358?host=hh.ru,"['Менеджер по маркетингу, интернет-маркетолог']",85000.0,100000.0,RUR,True
2778,113145987,Руководитель департамента ECOM,https://api.hh.ru/vacancies/113145987?host=hh.ru,['Другое'],300000.0,,RUR,False
2779,113321474,Product Owner,https://api.hh.ru/vacancies/113321474?host=hh.ru,['Менеджер продукта'],,,,
2780,113860767,Продюсер в онлайн-школу,https://api.hh.ru/vacancies/113860767?host=hh.ru,['Продюсер'],,,,
2781,111877762,Руководитель направления спецпроектов,https://api.hh.ru/vacancies/111877762?host=hh.ru,['Продюсер'],,,,
2782,112550246,Руководитель проекта,https://api.hh.ru/vacancies/112550246?host=hh.ru,['Руководитель проектов'],,,,
2783,112955533,Системный аналитик/ System analyst,https://api.hh.ru/vacancies/112955533?host=hh.ru,['Аналитик'],,170000.0,RUR,True
2784,113325792,Chief Marketing Officer / Директор по маркетингу,https://api.hh.ru/vacancies/113325792?host=hh.ru,['Руководитель отдела маркетинга и рекламы'],,,,
2785,113711459,Менеджер по продукту / Product manager,https://api.hh.ru/vacancies/113711459?host=hh.ru,['Маркетолог-аналитик'],140000.0,,RUR,False
2786,113858435,Менеджер продукта/продуктовый аналитик,https://api.hh.ru/vacancies/113858435?host=hh.ru,['Руководитель проектов'],,,,
2787,113859575,IT Business Partner,https://api.hh.ru/vacancies/113859575?host=hh.ru,['Руководитель проектов'],,,,
2788,114304333,Финансовый менеджер,https://api.hh.ru/vacancies/114304333?host=hh.ru,['Финансовый менеджер'],120000.0,180000.0,RUR,False
2789,112045072,Менеджер продукта,https://api.hh.ru/vacancies/112045072?host=hh.ru,['Менеджер продукта'],,,,
2790,112590957,UX/UI дизайнер,https://api.hh.ru/vacancies/112590957?host=hh.ru,"['Дизайнер, художник']",,110000.0,RUR,False
2791,112708363,"Коммерческий директор / CMO (CRO, CCO)",https://api.hh.ru/vacancies/112708363?host=hh.ru,['Коммерческий директор (CCO)'],3000.0,5000.0,USD,True
2792,112764940,Middle C# .Net developer,https://api.hh.ru/vacancies/112764940?host=hh.ru,"['Программист, разработчик']",,,,
2793,112856879,Директор департамента аналитики и исследований,https://api.hh.ru/vacancies/112856879?host=hh.ru,['Руководитель отдела аналитики'],,,,
2794,108349433,Химик-аналитик,https://api.hh.ru/vacancies/108349433?host=hh.ru,"['Научный специалист, исследователь']",160000.0,,RUR,True
2795,112225988,Middle Product Designer,https://api.hh.ru/vacancies/112225988?host=hh.ru,"['Дизайнер, художник']",200000.0,,RUR,False
2796,112321959,Менеджер проектов,https://api.hh.ru/vacancies/112321959?host=hh.ru,"['SMM-менеджер, контент-менеджер']",,,,
2797,112756975,SMM-менеджер/Менеджер по рекламе,https://api.hh.ru/vacancies/112756975?host=hh.ru,"['SMM-менеджер, контент-менеджер']",80000.0,,RUR,False
2798,113008759,Начинающий специалист в чате/ ночь,https://api.hh.ru/vacancies/113008759?host=hh.ru,['Специалист технической поддержки'],60000.0,70000.0,RUR,False
2799,113018384,Менеджер B2B продаж (Romikey),https://api.hh.ru/vacancies/113018384?host=hh.ru,"['Менеджер по продажам, менеджер по работе с клиентами']",150000.0,350000.0,RUR,False
2800,113272830,Продуктовый аналитик (Медиакит) / Product Analyst (Media Kit),https://api.hh.ru/vacancies/113272830?host=hh.ru,['Продуктовый аналитик'],,,,
2801,113313535,Аналитик DWH,https://api.hh.ru/vacancies/113313535?host=hh.ru,['Аналитик'],,,,
2802,108957409,Координатор отдела,https://api.hh.ru/vacancies/108957409?host=hh.ru,['Координатор отдела продаж'],,,,
2803,113016026,Бизнес-аналитик,https://api.hh.ru/vacancies/113016026?host=hh.ru,['Бизнес-аналитик'],250000.0,,RUR,False
2804,113934700,Руководитель отдела продаж,https://api.hh.ru/vacancies/113934700?host=hh.ru,['Руководитель отдела продаж'],200000.0,,RUR,False
2805,114187051,Бизнес-аналитик / Руководитель проектов,https://api.hh.ru/vacancies/114187051?host=hh.ru,['Другое'],,,,
2806,111749181,Менеджер по маркетплейсам,https://api.hh.ru/vacancies/111749181?host=hh.ru,"['Секретарь, помощник руководителя, ассистент']",150000.0,,RUR,False
2807,112068401,Ассистент менеджера по работе с маркетплейсами,https://api.hh.ru/vacancies/112068401?host=hh.ru,"['Менеджер по маркетингу, интернет-маркетолог']",70000.0,80000.0,RUR,False
2808,112767356,Маркетолог,https://api.hh.ru/vacancies/112767356?host=hh.ru,"['Менеджер по маркетингу, интернет-маркетолог']",,,,
2809,112873695,Руководитель сервисно-технического отдела,https://api.hh.ru/vacancies/112873695?host=hh.ru,"['Сервисный инженер, инженер-механик']",,250000.0,RUR,False
2810,113696789,Продуктовый дизайнер Uzum Bank,https://api.hh.ru/vacancies/113696789?host=hh.ru,"['Дизайнер, художник']",,,,
2811,113723572,Аналитик данных,https://api.hh.ru/vacancies/113723572?host=hh.ru,"['BI-аналитик, аналитик данных']",138000.0,,RUR,False
2812,111983866,Менеджер в отдел планирования и развития послепродажного обслуживания,https://api.hh.ru/vacancies/111983866?host=hh.ru,"['Менеджер по продажам, менеджер по работе с клиентами']",,,,
2813,112708871,Аналитик/Ресерчер/Исследователь,https://api.hh.ru/vacancies/112708871?host=hh.ru,['Аналитик'],,,,
2814,112914064,SMM-менеджер,https://api.hh.ru/vacancies/112914064?host=hh.ru,"['SMM-менеджер, контент-менеджер']",80000.0,100000.0,RUR,True
2815,114477198,Интернет-маркетолог,https://api.hh.ru/vacancies/114477198?host=hh.ru,"['Менеджер по маркетингу, интернет-маркетолог']",40000.0,60000.0,RUR,False
2816,111872007,Системный аналитик,https://api.hh.ru/vacancies/111872007?host=hh.ru,['Системный аналитик'],150000.0,,RUR,False
2817,111958218,Директор по персоналу,https://api.hh.ru/vacancies/111958218?host=hh.ru,['Директор по персоналу (HRD)'],250000.0,,RUR,False
2818,111981725,Маркетолог на проект (конкурентная разведка/анализ конкурентов),https://api.hh.ru/vacancies/111981725?host=hh.ru,"['Менеджер по маркетингу, интернет-маркетолог']",40000.0,100000.0,RUR,True
2819,112348182,Контент-менеджер / Редактор сайта / SEO-специалист,https://api.hh.ru/vacancies/112348182?host=hh.ru,"['Менеджер по маркетингу, интернет-маркетолог']",,,,
2820,112417429,SMM на автомобильное сообщество,https://api.hh.ru/vacancies/112417429?host=hh.ru,"['SMM-менеджер, контент-менеджер']",10000.0,,RUR,False
2821,113714013,Продуктовый аналитик,https://api.hh.ru/vacancies/113714013?host=hh.ru,['Продуктовый аналитик'],,,,
2822,114178486,Системный аналитик,https://api.hh.ru/vacancies/114178486?host=hh.ru,['Аналитик'],130000.0,220000.0,RUR,False
2823,114189554,Директолог/специалист по контекстной рекламе,https://api.hh.ru/vacancies/114189554?host=hh.ru,"['Менеджер по маркетингу, интернет-маркетолог']",100000.0,,RUR,False
2824,112689221,Младший маркетолог,https://api.hh.ru/vacancies/112689221?host=hh.ru,"['Менеджер по маркетингу, интернет-маркетолог']",50000.0,90000.0,RUR,True
2825,113312641,Ведущий финансовый аналитик в финансовый департамент,https://api.hh.ru/vacancies/113312641?host=hh.ru,['Финансовый менеджер'],,,,
2826,113325677,Менеджер по маркетплейсам Ozon,https://api.hh.ru/vacancies/113325677?host=hh.ru,"['Менеджер по маркетингу, интернет-маркетолог']",150000.0,250000.0,RUR,False
2827,114300352,Руководитель Интернет-магазина,https://api.hh.ru/vacancies/114300352?host=hh.ru,['Другое'],120000.0,170000.0,RUR,False
2828,108462859,Начинающий специалист в IT компанию в чате (ночь),https://api.hh.ru/vacancies/108462859?host=hh.ru,['Другое'],60000.0,70000.0,RUR,False
2829,111913758,SEO-оптимизатор Middle / Senior,https://api.hh.ru/vacancies/111913758?host=hh.ru,"['Менеджер по маркетингу, интернет-маркетолог']",100000.0,180000.0,RUR,False
2830,112157349,Системный аналитик,https://api.hh.ru/vacancies/112157349?host=hh.ru,['Системный аналитик'],240000.0,,RUR,False
2831,112308179,SMM-менеджер ВК (удаленно),https://api.hh.ru/vacancies/112308179?host=hh.ru,['Другое'],30000.0,60000.0,RUR,False
2832,112456906,Аналитик отдела маркетинга в рестораны PRO.Хинкали by Novikov,https://api.hh.ru/vacancies/112456906?host=hh.ru,['Аналитик'],150000.0,150000.0,RUR,False
2833,112515707,Главный клиентский менеджер,https://api.hh.ru/vacancies/112515707?host=hh.ru,"['Финансовый аналитик, инвестиционный аналитик']",350000.0,,RUR,True
2834,113020255,Стажер-методист,https://api.hh.ru/vacancies/113020255?host=hh.ru,['Методист'],,,,
2835,113322503,Senior Product Manager/Продакт-менеджер/Менеджер продукта,https://api.hh.ru/vacancies/113322503?host=hh.ru,['Менеджер продукта'],,,,
2836,113755343,Аналитик данных,https://api.hh.ru/vacancies/113755343?host=hh.ru,"['BI-аналитик, аналитик данных']",,150000.0,RUR,True
2837,90157663,Системный аналитик (Аврора Центр),https://api.hh.ru/vacancies/90157663?host=hh.ru,['Аналитик'],,,,
2838,112185460,Junior/Junior+php программист (стажёр),https://api.hh.ru/vacancies/112185460?host=hh.ru,"['Программист, разработчик']",30000.0,,RUR,False
2839,112310362,Аналитик отдела управленческой отчетности,https://api.hh.ru/vacancies/112310362?host=hh.ru,['Аналитик'],,120000.0,RUR,False
2840,112770885,Менеджер маркетплейса WB,https://api.hh.ru/vacancies/112770885?host=hh.ru,"['Менеджер по продажам, менеджер по работе с клиентами']",20000.0,40000.0,RUR,False
2841,113771977,Контент-менеджер по маркетплейсам,https://api.hh.ru/vacancies/113771977?host=hh.ru,"['SMM-менеджер, контент-менеджер']",50000.0,,RUR,False
2842,114200542,Специалист департамента логистики,https://api.hh.ru/vacancies/114200542?host=hh.ru,['Руководитель отдела логистики'],,,,
2843,107441587,Бизнес-аналитик в Кредитные продукты,https://api.hh.ru/vacancies/107441587?host=hh.ru,['Бизнес-аналитик'],,,,
2844,111748900,Финансовый аналитик,https://api.hh.ru/vacancies/111748900?host=hh.ru,"['Финансовый аналитик, инвестиционный аналитик']",,,,
2845,112724824,E-mail маркетинг менеджер,https://api.hh.ru/vacancies/112724824?host=hh.ru,"['Менеджер по маркетингу, интернет-маркетолог']",80000.0,120000.0,RUR,True
2846,114182779,Бизнес-аналитик,https://api.hh.ru/vacancies/114182779?host=hh.ru,['Бизнес-аналитик'],,,,
2847,114277619,Маркетинговый аналитик,https://api.hh.ru/vacancies/114277619?host=hh.ru,['Маркетолог-аналитик'],,150000.0,RUR,False
2848,109635626,Middle тестировщик DWH,https://api.hh.ru/vacancies/109635626?host=hh.ru,['Тестировщик'],,,,
2849,112252809,Руководитель удаленого отдела логистики,https://api.hh.ru/vacancies/112252809?host=hh.ru,['Другое'],150000.0,250000.0,RUR,False
2850,112585706,Специалист по работе с договорами (аренда),https://api.hh.ru/vacancies/112585706?host=hh.ru,['Другое'],90000.0,90000.0,RUR,True
2851,113010984,Финансовый менеджер/Финансовый аналитик,https://api.hh.ru/vacancies/113010984?host=hh.ru,['Финансовый менеджер'],200000.0,,RUR,False
2852,113042045,Стажёр HR (Развитие бренда работодателя Ozon Fresh),https://api.hh.ru/vacancies/113042045?host=hh.ru,['Менеджер по персоналу'],,,,
2853,113879601,Интернет-маркетолог,https://api.hh.ru/vacancies/113879601?host=hh.ru,"['Менеджер по маркетингу, интернет-маркетолог']",90000.0,,RUR,False
2854,114023449,Руководитель ПЭС,https://api.hh.ru/vacancies/114023449?host=hh.ru,['Финансовый менеджер'],,,,
2855,110114675,SMM менеджер,https://api.hh.ru/vacancies/110114675?host=hh.ru,"['SMM-менеджер, контент-менеджер']",,,,
2856,111743991,Менеджер отдела контроля качества,https://api.hh.ru/vacancies/111743991?host=hh.ru,['Инженер по качеству'],40000.0,,RUR,False
2857,111875759,Cv-engineer,https://api.hh.ru/vacancies/111875759?host=hh.ru,"['Программист, разработчик']",300000.0,,RUR,False
2858,112056015,"Project manager (Crypto, Blockchain)",https://api.hh.ru/vacancies/112056015?host=hh.ru,['Руководитель проектов'],,200000.0,RUR,False
2859,112575744,Младший аналитик по маркетплейсам,https://api.hh.ru/vacancies/112575744?host=hh.ru,['Аналитик'],70000.0,,RUR,True
2860,113128334,SMM/stories maker,https://api.hh.ru/vacancies/113128334?host=hh.ru,"['SMM-менеджер, контент-менеджер']",40000.0,,RUR,False
2861,113853214,SMM-менеджер (офис),https://api.hh.ru/vacancies/113853214?host=hh.ru,"['SMM-менеджер, контент-менеджер']",130000.0,,RUR,False
2862,114507549,Бизнес-аналитик,https://api.hh.ru/vacancies/114507549?host=hh.ru,['Бизнес-аналитик'],,,,
2863,111961223,Младший менеджер маркетплейсов (WB),https://api.hh.ru/vacancies/111961223?host=hh.ru,"['Менеджер по маркетингу, интернет-маркетолог']",,50000.0,RUR,False
2864,113701324,Бизнес-аналитик,https://api.hh.ru/vacancies/113701324?host=hh.ru,"['Секретарь, помощник руководителя, ассистент']",100000.0,120000.0,RUR,False
2865,114185089,Аналитик,https://api.hh.ru/vacancies/114185089?host=hh.ru,['Продуктовый аналитик'],,,,
2866,106454398,Аналитик,https://api.hh.ru/vacancies/106454398?host=hh.ru,['Аналитик'],,,,
2867,111895749,Менеджер по работе с постоянными клиентами,https://api.hh.ru/vacancies/111895749?host=hh.ru,"['Менеджер по продажам, менеджер по работе с клиентами']",100000.0,200000.0,RUR,True
2868,111972706,Менеджер по закупкам и снабжению,https://api.hh.ru/vacancies/111972706?host=hh.ru,['Менеджер по закупкам'],100000.0,300000.0,RUR,False
2869,109846845,QA Инженер (РуВики),https://api.hh.ru/vacancies/109846845?host=hh.ru,['Тестировщик'],,,,
2870,110423666,Product marketing manager,https://api.hh.ru/vacancies/110423666?host=hh.ru,['Другое'],,,,
2871,111880879,Инженер по тестированию,https://api.hh.ru/vacancies/111880879?host=hh.ru,['Тестировщик'],,,,
2872,112436843,Бизнес-аналитик,https://api.hh.ru/vacancies/112436843?host=hh.ru,['Менеджер продукта'],,,,
2873,113915725,"Senior Affiliate Manager (IGaming, Tier-1)",https://api.hh.ru/vacancies/113915725?host=hh.ru,"['Менеджер по маркетингу, интернет-маркетолог']",2000.0,8000.0,USD,True
2874,114300437,Digital Lead,https://api.hh.ru/vacancies/114300437?host=hh.ru,"['Менеджер по маркетингу, интернет-маркетолог']",,,,
2875,108092277,Бизнес-аналитик в Т-Бизнес,https://api.hh.ru/vacancies/108092277?host=hh.ru,['Бизнес-аналитик'],,,,
2876,111243040,Операционный директор (Крупный Retail),https://api.hh.ru/vacancies/111243040?host=hh.ru,['Операционный директор (COO)'],,,,
2877,112068717,Руководитель технической поддержки по работе с WILDBERRIES,https://api.hh.ru/vacancies/112068717?host=hh.ru,['Специалист технической поддержки'],350000.0,,RUR,False
2878,112482746,"Менеджер проектов (IT, SEO)",https://api.hh.ru/vacancies/112482746?host=hh.ru,"['Менеджер по маркетингу, интернет-маркетолог']",,,,
2879,112485715,Бизнес-аналитик 1С,https://api.hh.ru/vacancies/112485715?host=hh.ru,['Другое'],200000.0,,RUR,True
2880,112782154,Project manager (IT),https://api.hh.ru/vacancies/112782154?host=hh.ru,['Руководитель проектов'],,,,
2881,113278971,HR manager,https://api.hh.ru/vacancies/113278971?host=hh.ru,['Менеджер по персоналу'],,,,
2882,113733598,PHP-разработчик,https://api.hh.ru/vacancies/113733598?host=hh.ru,"['Программист, разработчик']",,,,
2883,114028832,Бренд-менеджер,https://api.hh.ru/vacancies/114028832?host=hh.ru,['PR-менеджер'],160000.0,180000.0,RUR,False
2884,114303542,Методолог,https://api.hh.ru/vacancies/114303542?host=hh.ru,['Методолог'],,,,
2885,112337664,Product Manager (ASO),https://api.hh.ru/vacancies/112337664?host=hh.ru,['Другое'],100000.0,250000.0,RUR,False
2886,112423178,Руководитель отдела продаж (Digital),https://api.hh.ru/vacancies/112423178?host=hh.ru,['Руководитель отдела продаж'],,,,
2887,112650258,Интернет-маркетолог (Digital marketing),https://api.hh.ru/vacancies/112650258?host=hh.ru,"['Менеджер по маркетингу, интернет-маркетолог']",150000.0,,RUR,False
2888,111903204,Project Manager в Германию,https://api.hh.ru/vacancies/111903204?host=hh.ru,['Руководитель проектов'],,,,
2889,113739926,Операционный директор (COO),https://api.hh.ru/vacancies/113739926?host=hh.ru,['Операционный директор (COO)'],,,,
2890,111879831,Бизнес-аналитик,https://api.hh.ru/vacancies/111879831?host=hh.ru,['Бизнес-аналитик'],100000.0,150000.0,RUR,False
2891,114206273,Проектный менеджер/Бизнес-аналитик,https://api.hh.ru/vacancies/114206273?host=hh.ru,['Бизнес-аналитик'],300000.0,,RUR,False
2892,113851449,Стажёр,https://api.hh.ru/vacancies/113851449?host=hh.ru,['Другое'],,80000.0,RUR,True
2893,112763125,Младший специалист по анализу данных / Junior Data Scientist,https://api.hh.ru/vacancies/112763125?host=hh.ru,['Дата-сайентист'],,,,
2894,111751697,Системный аналитик (Yappy),https://api.hh.ru/vacancies/111751697?host=hh.ru,['Системный аналитик'],,,,
2895,112622792,Бизнес-аналитик (junior),https://api.hh.ru/vacancies/112622792?host=hh.ru,['Бизнес-аналитик'],,,,
2896,113836610,Бизнес-аналитик (Junior),https://api.hh.ru/vacancies/113836610?host=hh.ru,['Бизнес-аналитик'],90000.0,130000.0,RUR,False
2897,114038811,Финансовый директор/CFO/Финансовый менеджер,https://api.hh.ru/vacancies/114038811?host=hh.ru,['Финансовый директор (CFO)'],270000.0,,RUR,False
2898,114041501,Junior Pricing Analyst,https://api.hh.ru/vacancies/114041501?host=hh.ru,"['BI-аналитик, аналитик данных']",,,,
2899,111874295,Вебмастер / Front-end,https://api.hh.ru/vacancies/111874295?host=hh.ru,"['Программист, разработчик']",60000.0,,RUR,False
2900,113691015,Бизнес-аналитик,https://api.hh.ru/vacancies/113691015?host=hh.ru,['Бизнес-аналитик'],200000.0,,RUR,False
2901,109206938,Бизнес-аналитик,https://api.hh.ru/vacancies/109206938?host=hh.ru,['Аналитик'],,,,
2902,112073280,Специалист по тестированию ПО,https://api.hh.ru/vacancies/112073280?host=hh.ru,['Тестировщик'],60000.0,,RUR,False
2903,113848475,Бизнес-аналитик,https://api.hh.ru/vacancies/113848475?host=hh.ru,['Бизнес-аналитик'],70000.0,,RUR,False
2904,114183020,Помощник менеджера в IT,https://api.hh.ru/vacancies/114183020?host=hh.ru,['Менеджер продукта'],50000.0,,RUR,False
2905,114301314,Бизнес-аналитик по процессам,https://api.hh.ru/vacancies/114301314?host=hh.ru,['Бизнес-аналитик'],240000.0,320000.0,RUR,False
2906,113718097,Data engineer (Стажер),https://api.hh.ru/vacancies/113718097?host=hh.ru,"['BI-аналитик, аналитик данных']",,,,
2907,113728500,Менеджер по работе с ключевыми клиентами,https://api.hh.ru/vacancies/113728500?host=hh.ru,"['Менеджер по продажам, менеджер по работе с клиентами']",,,,
2908,113293794,Java разработчик,https://api.hh.ru/vacancies/113293794?host=hh.ru,"['Программист, разработчик']",,,,
2909,113147300,Бизнес-аналитик,https://api.hh.ru/vacancies/113147300?host=hh.ru,['Бизнес-аналитик'],300000.0,350000.0,RUR,False
2910,112595065,Бизнес-аналитик (автоматизация визового процесса),https://api.hh.ru/vacancies/112595065?host=hh.ru,['Бизнес-аналитик'],300000.0,350000.0,RUR,False
2911,113108367,Асессор,https://api.hh.ru/vacancies/113108367?host=hh.ru,['Другое'],,,,
2912,113107514,Бизнес-аналитик,https://api.hh.ru/vacancies/113107514?host=hh.ru,['Бизнес-аналитик'],,,,
2913,114304776,Бизнес-аналитик,https://api.hh.ru/vacancies/114304776?host=hh.ru,['Бизнес-аналитик'],60000.0,100000.0,RUR,True
2914,114024500,Бизнес-аналитик,https://api.hh.ru/vacancies/114024500?host=hh.ru,['Бизнес-аналитик'],,,,
2915,113755350,Бизнес-аналитик,https://api.hh.ru/vacancies/113755350?host=hh.ru,['Бизнес-аналитик'],,,,
2916,113740277,Системный аналитик,https://api.hh.ru/vacancies/113740277?host=hh.ru,['Системный аналитик'],,,,
2917,112340466,Frontend-разработчик (React),https://api.hh.ru/vacancies/112340466?host=hh.ru,"['Программист, разработчик']",,,,
2918,114058938,Руководитель отдела аналитиков,https://api.hh.ru/vacancies/114058938?host=hh.ru,['Руководитель отдела аналитики'],,,,
2919,114047386,UI/UX дизайнер,https://api.hh.ru/vacancies/114047386?host=hh.ru,"['Дизайнер, художник']",,,,
2920,109062783,Product Designer UX\UI WEB,https://api.hh.ru/vacancies/109062783?host=hh.ru,"['Дизайнер, художник']",,,,
2921,114176799,Бизнес-контролер,https://api.hh.ru/vacancies/114176799?host=hh.ru,['Бизнес-аналитик'],172300.0,172300.0,RUR,True
2922,114301782,Аналитик по продажам в фармацевтической компании,https://api.hh.ru/vacancies/114301782?host=hh.ru,['Аналитик'],,,,
2923,114027090,Специалист по контролю качества (middle+),https://api.hh.ru/vacancies/114027090?host=hh.ru,['Инженер по качеству'],,,,
2924,109447708,Бизнес-аналитик,https://api.hh.ru/vacancies/109447708?host=hh.ru,['Бизнес-аналитик'],,,,
2925,110862216,Бизнес-аналитик в команду HR-автоматизации,https://api.hh.ru/vacancies/110862216?host=hh.ru,['Бизнес-аналитик'],,,,
2926,113706449,Аналитик данных,https://api.hh.ru/vacancies/113706449?host=hh.ru,['Аналитик'],,,,
2927,112754547,Ведущий бизнес-аналитик (Yappy),https://api.hh.ru/vacancies/112754547?host=hh.ru,['Бизнес-аналитик'],,,,
2928,114477148,Системный аналитик,https://api.hh.ru/vacancies/114477148?host=hh.ru,['Системный аналитик'],,,,
2929,113861775,Аккаунт директор,https://api.hh.ru/vacancies/113861775?host=hh.ru,['Руководитель проектов'],,,,
2930,112121705,Тестировщик,https://api.hh.ru/vacancies/112121705?host=hh.ru,['Тестировщик'],80000.0,,RUR,False
2931,112701650,Бизнес-аналитик,https://api.hh.ru/vacancies/112701650?host=hh.ru,['Бизнес-аналитик'],305000.0,,RUR,True
2932,113878818,Бизнес-аналитик,https://api.hh.ru/vacancies/113878818?host=hh.ru,['Бизнес-аналитик'],,,,
2933,111868546,Бизнес аналитик,https://api.hh.ru/vacancies/111868546?host=hh.ru,['Системный аналитик'],300000.0,,RUR,True
2934,111727971,Стажер бизнес-аналитик,https://api.hh.ru/vacancies/111727971?host=hh.ru,['Бизнес-аналитик'],,,,
2935,112060557,Бизнес-аналитик,https://api.hh.ru/vacancies/112060557?host=hh.ru,['Бизнес-аналитик'],,150000.0,RUR,True
2936,113321861,Full-stack аналитик (платежные системы),https://api.hh.ru/vacancies/113321861?host=hh.ru,['Системный аналитик'],4500.0,,EUR,False
2937,113763174,Product owner,https://api.hh.ru/vacancies/113763174?host=hh.ru,['Менеджер продукта'],,,,
2938,110253684,Ведущий/старший аналитик,https://api.hh.ru/vacancies/110253684?host=hh.ru,['Бизнес-аналитик'],,,,
2939,109586054,Старший консультант ЗУП,https://api.hh.ru/vacancies/109586054?host=hh.ru,['Аналитик'],,,,
2940,109235614,Финансовый аналитик/бизнес-аналитик,https://api.hh.ru/vacancies/109235614?host=hh.ru,['Бизнес-аналитик'],170000.0,,RUR,False
2941,113138955,Начинающий бизнес-аналитик,https://api.hh.ru/vacancies/113138955?host=hh.ru,['Бизнес-аналитик'],70000.0,,RUR,False
2942,86600681,Стажер бизнес-аналитик,https://api.hh.ru/vacancies/86600681?host=hh.ru,['Аналитик'],,,,
2943,112996733,Бизнес-аналитик,https://api.hh.ru/vacancies/112996733?host=hh.ru,['Бизнес-аналитик'],,,,
2944,111851284,Бизнес-аналитик (системы управления запасами),https://api.hh.ru/vacancies/111851284?host=hh.ru,['Бизнес-аналитик'],,,,
2945,108700887,Product Owner,https://api.hh.ru/vacancies/108700887?host=hh.ru,['Менеджер продукта'],,,,
2946,112186970,Бизнес-аналитик (консалтинговый проект для банка),https://api.hh.ru/vacancies/112186970?host=hh.ru,['Бизнес-аналитик'],,,,
2947,113697460,Аналитик по описанию и оптимизации бизнес-процессов,https://api.hh.ru/vacancies/113697460?host=hh.ru,['Руководитель проектов'],,,,
2948,113889887,Бизнес-аналитик (Лукоморье),https://api.hh.ru/vacancies/113889887?host=hh.ru,['Бизнес-аналитик'],,,,
2949,113725639,Product designer,https://api.hh.ru/vacancies/113725639?host=hh.ru,"['Дизайнер, художник']",,230000.0,RUR,False
2950,114038637,Главный бухгалтер в офис,https://api.hh.ru/vacancies/114038637?host=hh.ru,['Бухгалтер'],150000.0,170000.0,RUR,True
2951,113415035,Менеджер по маркетплейсам (SEO специалист),https://api.hh.ru/vacancies/113415035?host=hh.ru,"['Менеджер по маркетингу, интернет-маркетолог']",,40000.0,RUR,False
2952,110672599,Ведущий инженер по тестированию (QA/SDET),https://api.hh.ru/vacancies/110672599?host=hh.ru,['Тестировщик'],,,,
2953,113875275,"Системный/Бизнес аналитик (middle, senior)",https://api.hh.ru/vacancies/113875275?host=hh.ru,['Системный аналитик'],,330000.0,RUR,True
2954,114169432,Product Owner \ Ведущий бизнес-аналитик,https://api.hh.ru/vacancies/114169432?host=hh.ru,['Бизнес-аналитик'],,,,
2955,112353542,Руководитель IT проектов,https://api.hh.ru/vacancies/112353542?host=hh.ru,['Руководитель проектов'],,250000.0,RUR,False
2956,113150389,Стажер - Бизнес Аналитик,https://api.hh.ru/vacancies/113150389?host=hh.ru,['Бизнес-аналитик'],,,,
2957,113160350,Бизнес-аналитик,https://api.hh.ru/vacancies/113160350?host=hh.ru,['Бизнес-аналитик'],200000.0,,RUR,True
2958,114293736,Бизнес-аналитик / Системный аналитик,https://api.hh.ru/vacancies/114293736?host=hh.ru,['Бизнес-аналитик'],,,,
2959,111978982,Стажер в отдел бизнес-аналитики и управления данными,https://api.hh.ru/vacancies/111978982?host=hh.ru,['Другое'],,,,
2960,113739120,Системный аналитик (junior+/middle),https://api.hh.ru/vacancies/113739120?host=hh.ru,['Системный аналитик'],,,,
2961,114186363,Бизнес-аналитик,https://api.hh.ru/vacancies/114186363?host=hh.ru,['Бизнес-аналитик'],,,,
2962,114059661,Бизнес-аналитик,https://api.hh.ru/vacancies/114059661?host=hh.ru,['Бизнес-аналитик'],,200000.0,RUR,False
2963,111448134,Системный аналитик,https://api.hh.ru/vacancies/111448134?host=hh.ru,['Системный аналитик'],150000.0,,RUR,False
2964,113849745,Младший бизнес-аналитик,https://api.hh.ru/vacancies/113849745?host=hh.ru,['Аналитик'],,,,
2965,108849185,Системный аналитик/Бизнес-аналитик,https://api.hh.ru/vacancies/108849185?host=hh.ru,['Бизнес-аналитик'],150000.0,,RUR,False
2966,110113881,Бизнес-аналитик,https://api.hh.ru/vacancies/110113881?host=hh.ru,['Бизнес-аналитик'],120000.0,,RUR,False
2967,113743046,Бизнес-аналитик IT (Ученик обучающего курса),https://api.hh.ru/vacancies/113743046?host=hh.ru,['Аналитик'],,,,
2968,110221871,"Бизнес-аналитик (бизнес-процессы, ERP)",https://api.hh.ru/vacancies/110221871?host=hh.ru,['Бизнес-аналитик'],200000.0,300000.0,RUR,False
2969,111231180,Бизнес Аналитик,https://api.hh.ru/vacancies/111231180?host=hh.ru,['Бизнес-аналитик'],,250000.0,RUR,False
2970,114012741,Бизнес-аналитик,https://api.hh.ru/vacancies/114012741?host=hh.ru,['Бизнес-аналитик'],,,,
2971,113315177,Бизнес-аналитик,https://api.hh.ru/vacancies/113315177?host=hh.ru,['Бизнес-аналитик'],,,,
2972,112304365,Аналитик DWH,https://api.hh.ru/vacancies/112304365?host=hh.ru,"['BI-аналитик, аналитик данных']",,,,
2973,114173582,Специалист технической поддержки и внедрения,https://api.hh.ru/vacancies/114173582?host=hh.ru,['Специалист технической поддержки'],70000.0,100000.0,RUR,False
2974,114076746,Менеджер по продвижению на маркетплейсах,https://api.hh.ru/vacancies/114076746?host=hh.ru,"['Менеджер по маркетингу, интернет-маркетолог']",,,,
2975,112877233,Бизнес-аналитик,https://api.hh.ru/vacancies/112877233?host=hh.ru,['Бизнес-аналитик'],,,,
2976,112790802,Руководитель департамента Бизнес анализа IT,https://api.hh.ru/vacancies/112790802?host=hh.ru,['Руководитель отдела аналитики'],,500000.0,RUR,False
2977,113714927,Бизнес-аналитик в команду WMS,https://api.hh.ru/vacancies/113714927?host=hh.ru,['Бизнес-аналитик'],,,,
2978,113877964,Бизнес-аналитик,https://api.hh.ru/vacancies/113877964?host=hh.ru,['Бизнес-аналитик'],180000.0,,RUR,True
2979,110135627,Бизнес-аналитик (джун),https://api.hh.ru/vacancies/110135627?host=hh.ru,['Аналитик'],90000.0,120000.0,RUR,True
2980,114301301,Бизнес-аналитик в Департамент архитектуры и строительства,https://api.hh.ru/vacancies/114301301?host=hh.ru,['Администратор'],,,,
2981,107755958,Бизнес-аналитик,https://api.hh.ru/vacancies/107755958?host=hh.ru,['Бизнес-аналитик'],,,,
2982,110320844,Бизнес-аналитик/Системный аналитик,https://api.hh.ru/vacancies/110320844?host=hh.ru,['Аналитик'],,,,
2983,110803763,Менеджер проектов,https://api.hh.ru/vacancies/110803763?host=hh.ru,['Руководитель проектов'],,,,
2984,113604271,Системный/бизнес аналитик,https://api.hh.ru/vacancies/113604271?host=hh.ru,['Системный аналитик'],,,,
2985,114176718,Бизнес-аналитик,https://api.hh.ru/vacancies/114176718?host=hh.ru,['Бизнес-аналитик'],,,,
2986,112424982,Бизнес аналитик (проект - кадровые сервисы),https://api.hh.ru/vacancies/112424982?host=hh.ru,['Бизнес-аналитик'],,,,
2987,114035109,Бизнес-аналитик,https://api.hh.ru/vacancies/114035109?host=hh.ru,['Аналитик'],,,,
2988,112339697,Project Manager / Бизнес-аналитик,https://api.hh.ru/vacancies/112339697?host=hh.ru,['Руководитель проектов'],,,,
2989,112543617,Младший бизнес аналитик (BI),https://api.hh.ru/vacancies/112543617?host=hh.ru,"['BI-аналитик, аналитик данных']",,,,
2990,109305533,Бизнес-аналитик,https://api.hh.ru/vacancies/109305533?host=hh.ru,['Бизнес-аналитик'],,,,
2991,113255002,Бизнес-аналитик,https://api.hh.ru/vacancies/113255002?host=hh.ru,['Бизнес-аналитик'],250000.0,300000.0,RUR,False
2992,112041258,Начинающий бизнес-аналитик,https://api.hh.ru/vacancies/112041258?host=hh.ru,['Аналитик'],,,,
2993,113874861,Стажер бизнес-аналитик BI систем,https://api.hh.ru/vacancies/113874861?host=hh.ru,"['BI-аналитик, аналитик данных']",,,,
2994,112903596,Системный аналитик,https://api.hh.ru/vacancies/112903596?host=hh.ru,['Системный аналитик'],,,,
2995,113767208,Бизнес-аналитик,https://api.hh.ru/vacancies/113767208?host=hh.ru,['Бизнес-аналитик'],,,,
2996,108450489,Бизнес-аналитик,https://api.hh.ru/vacancies/108450489?host=hh.ru,['Бизнес-аналитик'],,,,
2997,108939455,Главный специалист (переезд компании в г. Санкт - Петербург),https://api.hh.ru/vacancies/108939455?host=hh.ru,['Экономист'],,,,
2998,113013474,Консультант проектов сопровождения Directum RX (младший бизнес-аналитик),https://api.hh.ru/vacancies/113013474?host=hh.ru,['Бизнес-аналитик'],80000.0,140000.0,RUR,True
2999,112522012,Администратор базы данных (отдел бизнес аналитики и управление данными),https://api.hh.ru/vacancies/112522012?host=hh.ru,"['Оператор ПК, оператор базы данных']",,,,
3000,105379390,Бизнес-аналитик,https://api.hh.ru/vacancies/105379390?host=hh.ru,['Бизнес-аналитик'],,,,
3001,110648018,Системный/бизнес аналитик,https://api.hh.ru/vacancies/110648018?host=hh.ru,['Системный аналитик'],,,,
3002,114293464,Бизнес-аналитик,https://api.hh.ru/vacancies/114293464?host=hh.ru,['Аналитик'],,,,
3003,114293248,Менеджер по стратегии,https://api.hh.ru/vacancies/114293248?host=hh.ru,['Менеджер/консультант по стратегии'],,,,
3004,114319047,Программист 1С в Брокерскую компанию,https://api.hh.ru/vacancies/114319047?host=hh.ru,"['Программист, разработчик']",65000.0,120000.0,RUR,True
3005,113714569,Финансовый контролер (NKA),https://api.hh.ru/vacancies/113714569?host=hh.ru,['Финансовый контролер'],,,,
3006,112749826,Бизнес Аналитик [Junior],https://api.hh.ru/vacancies/112749826?host=hh.ru,['Бизнес-аналитик'],,,,
3007,105850290,Начальник отдела анализа требований (СА+БА),https://api.hh.ru/vacancies/105850290?host=hh.ru,['Руководитель отдела аналитики'],,600000.0,RUR,False
3008,112039297,Начинающий бизнес-аналитик,https://api.hh.ru/vacancies/112039297?host=hh.ru,['Бизнес-аналитик'],80000.0,80000.0,RUR,False
3009,114067080,Проджект-менеджер/Аналитик,https://api.hh.ru/vacancies/114067080?host=hh.ru,['Аналитик'],,200000.0,RUR,False
3010,112067031,Стажер - разработчик SQL (BI),https://api.hh.ru/vacancies/112067031?host=hh.ru,"['Программист, разработчик']",,,,
3011,112044512,Бизнес-аналитик в Маркетплейс,https://api.hh.ru/vacancies/112044512?host=hh.ru,['Бизнес-аналитик'],200000.0,240000.0,RUR,True
3012,112771472,Менеджер маркетплейсов / Помощник менеджера маркетплейсов,https://api.hh.ru/vacancies/112771472?host=hh.ru,"['Менеджер по маркетингу, интернет-маркетолог']",50000.0,150000.0,RUR,True
3013,113041911,Ресторанный бизнес-аналитик,https://api.hh.ru/vacancies/113041911?host=hh.ru,['Аналитик'],80000.0,120000.0,RUR,False
3014,112431957,Бизнес-аналитик,https://api.hh.ru/vacancies/112431957?host=hh.ru,['Бизнес-аналитик'],,,,
3015,112045072,Менеджер продукта,https://api.hh.ru/vacancies/112045072?host=hh.ru,['Менеджер продукта'],,,,
3016,113016026,Бизнес-аналитик,https://api.hh.ru/vacancies/113016026?host=hh.ru,['Бизнес-аналитик'],250000.0,,RUR,False
3017,114187051,Бизнес-аналитик / Руководитель проектов,https://api.hh.ru/vacancies/114187051?host=hh.ru,['Другое'],,,,
3018,107441587,Бизнес-аналитик в Кредитные продукты,https://api.hh.ru/vacancies/107441587?host=hh.ru,['Бизнес-аналитик'],,,,
3019,114182779,Бизнес-аналитик,https://api.hh.ru/vacancies/114182779?host=hh.ru,['Бизнес-аналитик'],,,,
3020,114507549,Бизнес-аналитик,https://api.hh.ru/vacancies/114507549?host=hh.ru,['Бизнес-аналитик'],,,,
3021,113701324,Бизнес-аналитик,https://api.hh.ru/vacancies/113701324?host=hh.ru,"['Секретарь, помощник руководителя, ассистент']",100000.0,120000.0,RUR,False
3022,114185089,Аналитик,https://api.hh.ru/vacancies/114185089?host=hh.ru,['Продуктовый аналитик'],,,,
3023,106454398,Аналитик,https://api.hh.ru/vacancies/106454398?host=hh.ru,['Аналитик'],,,,
3024,110423666,Product marketing manager,https://api.hh.ru/vacancies/110423666?host=hh.ru,['Другое'],,,,
3025,112436843,Бизнес-аналитик,https://api.hh.ru/vacancies/112436843?host=hh.ru,['Менеджер продукта'],,,,
3026,108092277,Бизнес-аналитик в Т-Бизнес,https://api.hh.ru/vacancies/108092277?host=hh.ru,['Бизнес-аналитик'],,,,
3027,112485715,Бизнес-аналитик 1С,https://api.hh.ru/vacancies/112485715?host=hh.ru,['Другое'],200000.0,,RUR,True
3028,113281489,Бизнес-аналитик (Медицина),https://api.hh.ru/vacancies/113281489?host=hh.ru,['Бизнес-аналитик'],,,,
3029,114331494,Бизнес-аналитик (финансы),https://api.hh.ru/vacancies/114331494?host=hh.ru,['Бизнес-аналитик'],,,,
3030,114306432,Младший Системный Аналитик (Видеоаналитика),https://api.hh.ru/vacancies/114306432?host=hh.ru,['Системный аналитик'],,,,
3031,103670685,Системный аналитик,https://api.hh.ru/vacancies/103670685?host=hh.ru,['Системный аналитик'],,,,
3032,113718379,Бизнес-аналитик,https://api.hh.ru/vacancies/113718379?host=hh.ru,['Системный аналитик'],,,,
3033,113616419,Бизнес аналитик,https://api.hh.ru/vacancies/113616419?host=hh.ru,['Бизнес-аналитик'],,,,
3034,114177942,Бизнес аналитик (Fullstack аналитик),https://api.hh.ru/vacancies/114177942?host=hh.ru,['Бизнес-аналитик'],,,,
3035,113909975,Бизнес-аналитик,https://api.hh.ru/vacancies/113909975?host=hh.ru,['Бизнес-аналитик'],80000.0,120000.0,RUR,False
3036,113153115,Бизнес-ассистент руководителя,https://api.hh.ru/vacancies/113153115?host=hh.ru,"['Секретарь, помощник руководителя, ассистент']",,,,
3037,113742547,Аналитик IT,https://api.hh.ru/vacancies/113742547?host=hh.ru,['Системный аналитик'],,,,
3038,108463258,Менеджер продукта/Product owner,https://api.hh.ru/vacancies/108463258?host=hh.ru,['Менеджер продукта'],260000.0,,RUR,False
3039,112715542,Руководитель направления методологии и операционной эффективности,https://api.hh.ru/vacancies/112715542?host=hh.ru,['Методолог'],400000.0,500000.0,RUR,True
3040,113740703,Младший бизнес-аналитик,https://api.hh.ru/vacancies/113740703?host=hh.ru,['Аналитик'],,120000.0,RUR,False
3041,112982534,Архитектор решений/ Бизнес-аналитик/ Бизнес-архитектор,https://api.hh.ru/vacancies/112982534?host=hh.ru,['Бизнес-аналитик'],,,,
3042,113272409,Ведущий аналитик 1С:ERP,https://api.hh.ru/vacancies/113272409?host=hh.ru,['Системный аналитик'],,,,
3043,108863501,Финансовый (бизнес) аналитик (в фармацевтическую компанию),https://api.hh.ru/vacancies/108863501?host=hh.ru,['Бизнес-аналитик'],,,,
3044,112429059,Директор по стратегическому развитию,https://api.hh.ru/vacancies/112429059?host=hh.ru,['Другое'],,,,
3045,114178708,Бизнес-аналитик (Северсталь Диджитал),https://api.hh.ru/vacancies/114178708?host=hh.ru,['Бизнес-аналитик'],,,,
3046,108520009,Бизнес аналитик (веб-приложение),https://api.hh.ru/vacancies/108520009?host=hh.ru,['Бизнес-аналитик'],,,,
3047,114301702,Ведущий бизнес-аналитик ИТ,https://api.hh.ru/vacancies/114301702?host=hh.ru,['Бизнес-аналитик'],,,,
3048,113157483,Бизнес-Аналитик / Business analyst / System analyst,https://api.hh.ru/vacancies/113157483?host=hh.ru,['Бизнес-аналитик'],,150000.0,RUR,False
3049,113733034,Аналитик второй линии поддержки,https://api.hh.ru/vacancies/113733034?host=hh.ru,['Специалист технической поддержки'],100000.0,,RUR,False
3050,113855338,Бизнес-аналитик / Business Analyst,https://api.hh.ru/vacancies/113855338?host=hh.ru,['Бизнес-аналитик'],,,,
3051,111867037,Бизнес-аналитик (автоматизация закупочной деятельности),https://api.hh.ru/vacancies/111867037?host=hh.ru,['Бизнес-аналитик'],,,,
3052,113279313,Cтажер SAP FM,https://api.hh.ru/vacancies/113279313?host=hh.ru,['Методолог'],,,,
3053,114295984,Бизнес-аналитик / аналитик,https://api.hh.ru/vacancies/114295984?host=hh.ru,['Бизнес-аналитик'],,,,
3054,106310589,Тестировщик,https://api.hh.ru/vacancies/106310589?host=hh.ru,['Тестировщик'],,,,
3055,108781015,Бизнес аналитик департамента продаж,https://api.hh.ru/vacancies/108781015?host=hh.ru,['Аналитик'],150000.0,230000.0,RUR,True
3056,111611718,Бизнес-аналитик,https://api.hh.ru/vacancies/111611718?host=hh.ru,['Бизнес-аналитик'],,,,
3057,109485408,Руководитель обучения и развития талантов (L&D),https://api.hh.ru/vacancies/109485408?host=hh.ru,['Руководитель отдела персонала'],,,,
3058,114295678,Junior Site Reliability Engineer в команду Автоматизации складов с ИИ,https://api.hh.ru/vacancies/114295678?host=hh.ru,['Другое'],,150000.0,RUR,False
3059,112061020,Аналитик бизнес-процессов (начинающий),https://api.hh.ru/vacancies/112061020?host=hh.ru,['Бизнес-аналитик'],,,,
3060,110101099,Бизнес-аналитик / Аналитик бизнес-процессов (гибридный / удалённый формат работы),https://api.hh.ru/vacancies/110101099?host=hh.ru,['Бизнес-аналитик'],200000.0,260000.0,RUR,False
3061,113860883,Ассистент руководителя,https://api.hh.ru/vacancies/113860883?host=hh.ru,"['Секретарь, помощник руководителя, ассистент']",80000.0,,RUR,False
3062,114175960,Бизнес-аналитик,https://api.hh.ru/vacancies/114175960?host=hh.ru,['Бизнес-аналитик'],,250000.0,RUR,True
3063,111885536,Бизнес-аналитик,https://api.hh.ru/vacancies/111885536?host=hh.ru,['Бизнес-аналитик'],200000.0,300000.0,RUR,False
3064,109621937,Аналитик в Департамент Бизнес-аналитики,https://api.hh.ru/vacancies/109621937?host=hh.ru,['Аналитик'],,,,
3065,113704844,Интернет-маркетолог/Трафик-менеджер,https://api.hh.ru/vacancies/113704844?host=hh.ru,"['Менеджер по маркетингу, интернет-маркетолог']",,,,
3066,113853181,"Менеджер проекта команды ""Партнерские проекты и небанковские сервисы""",https://api.hh.ru/vacancies/113853181?host=hh.ru,['Менеджер продукта'],,,,
3067,114179949,Market and city success analyst (бизнес-аналитик),https://api.hh.ru/vacancies/114179949?host=hh.ru,['Аналитик'],,,,
3068,114060323,Бизнес-аналитик (склад и логистика),https://api.hh.ru/vacancies/114060323?host=hh.ru,['Бизнес-аналитик'],,,,
3069,112795318,Бизнес-аналитик,https://api.hh.ru/vacancies/112795318?host=hh.ru,['Аналитик'],,50000.0,RUR,False
3070,113741511,Дежурный специалист технической поддержки (сменный график),https://api.hh.ru/vacancies/113741511?host=hh.ru,['Специалист технической поддержки'],,,,
3071,114187422,Бизнес-аналитик,https://api.hh.ru/vacancies/114187422?host=hh.ru,['Бизнес-аналитик'],,,,
3072,114195015,Младший бизнес-аналитик,https://api.hh.ru/vacancies/114195015?host=hh.ru,['Бизнес-аналитик'],,,,
3073,113853796,Системный аналитик АСУ ОГР,https://api.hh.ru/vacancies/113853796?host=hh.ru,['Системный аналитик'],,,,
3074,112870540,Middle -/Junior+ бизнес-аналитик (офис Москва),https://api.hh.ru/vacancies/112870540?host=hh.ru,['Аналитик'],,,,
3075,106051806,Стажер бизнес-аналитик,https://api.hh.ru/vacancies/106051806?host=hh.ru,['Бизнес-аналитик'],,,,
3076,113012133,Консультант проектов внедрения Directum RX (младший бизнес-аналитик),https://api.hh.ru/vacancies/113012133?host=hh.ru,['Бизнес-аналитик'],80000.0,140000.0,RUR,True
3077,111865424,Бизнес-аналитик (Senior),https://api.hh.ru/vacancies/111865424?host=hh.ru,['Бизнес-аналитик'],,,,
3078,112341265,Бизнес-аналитик / Технический писатель,https://api.hh.ru/vacancies/112341265?host=hh.ru,['Системный аналитик'],,,,
3079,112496251,Бизнес-аналитик медицинских AI-решений,https://api.hh.ru/vacancies/112496251?host=hh.ru,['Бизнес-аналитик'],,,,
3080,113151399,Бизнес-аналитик (финансовое моделирование в excel),https://api.hh.ru/vacancies/113151399?host=hh.ru,['Другое'],,,,
3081,111043828,Бизнес-аналитик,https://api.hh.ru/vacancies/111043828?host=hh.ru,['Бизнес-аналитик'],200000.0,,RUR,False
3082,112509106,Бизнес-аналитик логистических процессов (WMS),https://api.hh.ru/vacancies/112509106?host=hh.ru,['Бизнес-аналитик'],,,,
3083,112289815,IT бизнес- аналитик Middle,https://api.hh.ru/vacancies/112289815?host=hh.ru,['Бизнес-аналитик'],150000.0,250000.0,RUR,False
3084,112407921,Бизнес-аналитик ERP,https://api.hh.ru/vacancies/112407921?host=hh.ru,['Бизнес-аналитик'],,,,
3085,112419759,Ведущий бизнес-аналитик (нефтегазовая отрасль),https://api.hh.ru/vacancies/112419759?host=hh.ru,['Бизнес-аналитик'],,,,
3086,110262757,Бизнес-аналитик,https://api.hh.ru/vacancies/110262757?host=hh.ru,['Бизнес-аналитик'],,,,
3087,114011728,Стажер бизнес-аналитик,https://api.hh.ru/vacancies/114011728?host=hh.ru,['Бизнес-аналитик'],,,,
3088,113704817,Контент-менеджер,https://api.hh.ru/vacancies/113704817?host=hh.ru,"['SMM-менеджер, контент-менеджер']",50000.0,50000.0,RUR,False
3089,112326417,Системный аналитик,https://api.hh.ru/vacancies/112326417?host=hh.ru,['Системный аналитик'],,,,
3090,114021471,Бизнес-аналитик,https://api.hh.ru/vacancies/114021471?host=hh.ru,['Бизнес-аналитик'],,,,
3091,114302467,Бизнес-аналитик,https://api.hh.ru/vacancies/114302467?host=hh.ru,['Бизнес-аналитик'],190000.0,190000.0,RUR,True
3092,113149040,Аналитик бизнес-процессов продаж,https://api.hh.ru/vacancies/113149040?host=hh.ru,['Бизнес-аналитик'],,,,
3093,107336597,Аналитик внутренних учетных систем / Бизнес аналитик,https://api.hh.ru/vacancies/107336597?host=hh.ru,['Аналитик'],200000.0,,RUR,False
3094,113737428,BI-аналитик,https://api.hh.ru/vacancies/113737428?host=hh.ru,"['BI-аналитик, аналитик данных']",,,,
3095,111985173,Аналитик (со знанием немецкого языка),https://api.hh.ru/vacancies/111985173?host=hh.ru,['Бизнес-аналитик'],,,,
3096,108986800,Бизнес-аналитик (аптечная сеть),https://api.hh.ru/vacancies/108986800?host=hh.ru,['Бизнес-аналитик'],157000.0,,RUR,True
3097,112346844,Аналитик данных,https://api.hh.ru/vacancies/112346844?host=hh.ru,"['BI-аналитик, аналитик данных']",,,,
3098,111443302,Бизнес-аналитик,https://api.hh.ru/vacancies/111443302?host=hh.ru,['Бизнес-аналитик'],210000.0,,RUR,True
3099,112346582,Начальник оптового склада автозапчастей,https://api.hh.ru/vacancies/112346582?host=hh.ru,['Начальник склада'],250000.0,350000.0,RUR,False
3100,112760030,Бизнес/ системный аналитик,https://api.hh.ru/vacancies/112760030?host=hh.ru,['Системный аналитик'],,,,
3101,114059713,Cистемный аналитик,https://api.hh.ru/vacancies/114059713?host=hh.ru,['Системный аналитик'],,,,
3102,114036995,Системный аналитик,https://api.hh.ru/vacancies/114036995?host=hh.ru,['Системный аналитик'],,330000.0,RUR,False
3103,114315628,Бизнес-аналитик (финансовые рынки),https://api.hh.ru/vacancies/114315628?host=hh.ru,['Бизнес-аналитик'],,,,
3104,112048702,Бизнес/Системный аналитик,https://api.hh.ru/vacancies/112048702?host=hh.ru,['Аналитик'],,,,
3105,113032271,Бизнес-аналитик,https://api.hh.ru/vacancies/113032271?host=hh.ru,['Аналитик'],140000.0,,RUR,False
3106,112341599,Бизнес-аналитик,https://api.hh.ru/vacancies/112341599?host=hh.ru,['Бизнес-аналитик'],150000.0,250000.0,RUR,True
3107,113805608,System Analyst / Business Analyst (CRM),https://api.hh.ru/vacancies/113805608?host=hh.ru,['Бизнес-аналитик'],,,,
3108,110207819,Младший разработчик С#,https://api.hh.ru/vacancies/110207819?host=hh.ru,"['Программист, разработчик']",,,,
3109,114192816,Эксперт-аналитик (Логистика),https://api.hh.ru/vacancies/114192816?host=hh.ru,['Аналитик'],,,,
3110,113009954,Бизнес-аналитик,https://api.hh.ru/vacancies/113009954?host=hh.ru,['Бизнес-аналитик'],150000.0,,RUR,True
3111,111863828,Бизнес-аналитик финансового отдела,https://api.hh.ru/vacancies/111863828?host=hh.ru,['Методолог'],,,,
3112,113280622,Бизнес/Системный аналитик,https://api.hh.ru/vacancies/113280622?host=hh.ru,['Аналитик'],,,,
3113,113712743,Бизнес-аналитик (CRM),https://api.hh.ru/vacancies/113712743?host=hh.ru,['Другое'],,,,
3114,114479867,Бизнес-аналитик (Тераплан),https://api.hh.ru/vacancies/114479867?host=hh.ru,['Бизнес-аналитик'],,,,
3115,108394241,Финансовый аналитик,https://api.hh.ru/vacancies/108394241?host=hh.ru,"['Финансовый аналитик, инвестиционный аналитик']",,,,
3116,113857153,Аналитик ДМС,https://api.hh.ru/vacancies/113857153?host=hh.ru,['Аналитик'],,,,
3117,111712122,Финансовый менеджер,https://api.hh.ru/vacancies/111712122?host=hh.ru,['Финансовый менеджер'],100000.0,150000.0,RUR,False
3118,111762827,Руководитель направления BI отчетности,https://api.hh.ru/vacancies/111762827?host=hh.ru,['Руководитель отдела аналитики'],,,,
3119,110899605,Бизнес-аналитик / Business analyst,https://api.hh.ru/vacancies/110899605?host=hh.ru,['Бизнес-аналитик'],,180000.0,RUR,False
3120,113154247,Финансовый аналитик / BI аналитик,https://api.hh.ru/vacancies/113154247?host=hh.ru,"['BI-аналитик, аналитик данных']",100000.0,140000.0,RUR,False
3121,109541186,Бизнес-аналитик,https://api.hh.ru/vacancies/109541186?host=hh.ru,['Другое'],,,,
3122,112586098,Бизнес-аналитик,https://api.hh.ru/vacancies/112586098?host=hh.ru,['Бизнес-аналитик'],,,,
3123,112843246,Аналитик данных,https://api.hh.ru/vacancies/112843246?host=hh.ru,['Другое'],,,,
3124,114553892,Бизнес-аналитик (middle),https://api.hh.ru/vacancies/114553892?host=hh.ru,['Бизнес-аналитик'],120000.0,,RUR,False
3125,111872473,Руководитель проектов,https://api.hh.ru/vacancies/111872473?host=hh.ru,['Руководитель проектов'],,,,
3126,111240879,Product Manager middle,https://api.hh.ru/vacancies/111240879?host=hh.ru,['Менеджер продукта'],,,,
3127,112630538,Менеджер стратегического и операционного управления (международные рынки),https://api.hh.ru/vacancies/112630538?host=hh.ru,['Бизнес-аналитик'],,,,
3128,104845567,Бизнес-аналитик (Импортозамещение ЦФТ),https://api.hh.ru/vacancies/104845567?host=hh.ru,['Бизнес-аналитик'],,,,
3129,111790629,Бизнес-аналитик,https://api.hh.ru/vacancies/111790629?host=hh.ru,['Бизнес-аналитик'],,,,
3130,104172780,Аналитик данных,https://api.hh.ru/vacancies/104172780?host=hh.ru,"['BI-аналитик, аналитик данных']",,,,
3131,109651069,Бизнес-аналитик,https://api.hh.ru/vacancies/109651069?host=hh.ru,['Бизнес-аналитик'],,,,
3132,112713463,Руководитель отдела аналитиков,https://api.hh.ru/vacancies/112713463?host=hh.ru,['Другое'],,,,
3133,109973449,Системный аналитик middle (Удаленно),https://api.hh.ru/vacancies/109973449?host=hh.ru,['Системный аналитик'],,,,
3134,113860081,Руководитель проекта/продукта ППО,https://api.hh.ru/vacancies/113860081?host=hh.ru,['Руководитель проектов'],,,,
3135,108628814,Бизнес-аналитик (Middle-Senior),https://api.hh.ru/vacancies/108628814?host=hh.ru,['Бизнес-аналитик'],,,,
3136,113150792,Маркетинговый аналитик/ Аналитик данных,https://api.hh.ru/vacancies/113150792?host=hh.ru,['Маркетолог-аналитик'],200000.0,,RUR,False
3137,114298606,Старший аналитик 1С ЗУП,https://api.hh.ru/vacancies/114298606?host=hh.ru,['Аналитик'],,,,
3138,113138048,Бизнес-аналитик,https://api.hh.ru/vacancies/113138048?host=hh.ru,['Бизнес-аналитик'],,,,
3139,112500738,Младший бизнес-аналитик,https://api.hh.ru/vacancies/112500738?host=hh.ru,['Бизнес-аналитик'],50000.0,65000.0,RUR,False
3140,113294048,Системный аналитик в отдел бизнес-аналитики Департамента информационных технологий,https://api.hh.ru/vacancies/113294048?host=hh.ru,['Системный аналитик'],134000.0,200000.0,RUR,False
3141,113906920,Консультант-аналитик НСИ,https://api.hh.ru/vacancies/113906920?host=hh.ru,['Аналитик'],,,,
3142,109284815,Системный аналитик / Технический писатель,https://api.hh.ru/vacancies/109284815?host=hh.ru,['Технический писатель'],,,,
3143,112512751,Бизнес-аналитик,https://api.hh.ru/vacancies/112512751?host=hh.ru,['Бизнес-аналитик'],,,,
3144,112837933,Младший Проектный менеджер в IT (Junior PM в IT & Support),https://api.hh.ru/vacancies/112837933?host=hh.ru,['Руководитель проектов'],60000.0,80000.0,RUR,False
3145,111353505,"Ведущий аналитик, процессинг",https://api.hh.ru/vacancies/111353505?host=hh.ru,['Бизнес-аналитик'],,,,
3146,112477431,Администратор Битрикс24,https://api.hh.ru/vacancies/112477431?host=hh.ru,['Методолог'],150000.0,200000.0,RUR,False
3147,113742065,Бизнес-аналитик,https://api.hh.ru/vacancies/113742065?host=hh.ru,['Бизнес-аналитик'],1200.0,2800.0,USD,False
3148,111727365,Стажер бизнес-аналитик 1С,https://api.hh.ru/vacancies/111727365?host=hh.ru,['Бизнес-аналитик'],,,,
3149,112724057,Business analyst/ Бизнес-аналитик/ IT,https://api.hh.ru/vacancies/112724057?host=hh.ru,['Бизнес-аналитик'],170000.0,,RUR,False
3150,113015067,Бизнес-аналитик / Продуктолог / Менеджер по продукту / Product manager,https://api.hh.ru/vacancies/113015067?host=hh.ru,['Продуктовый аналитик'],150000.0,,RUR,False
3151,110672177,Системный аналитик (Интеграции),https://api.hh.ru/vacancies/110672177?host=hh.ru,['Системный аналитик'],,,,
3152,112857445,Бизнес-аналитик (BNPL),https://api.hh.ru/vacancies/112857445?host=hh.ru,['Другое'],,,,
3153,110130090,Product owner/руководитель проектов автоматизации HR систем,https://api.hh.ru/vacancies/110130090?host=hh.ru,['Руководитель проектов'],,,,
3154,112748582,Бизнес-аналитик по логистике,https://api.hh.ru/vacancies/112748582?host=hh.ru,['Другое'],,,,
3155,114198766,Системный/бизнес аналитик,https://api.hh.ru/vacancies/114198766?host=hh.ru,['Системный аналитик'],,200000.0,RUR,False
3156,113858724,"Business analyst (Junior PO), Investment banking, Core",https://api.hh.ru/vacancies/113858724?host=hh.ru,"['Финансовый аналитик, инвестиционный аналитик']",,,,
3157,112745314,Системный аналитик (HR Tech),https://api.hh.ru/vacancies/112745314?host=hh.ru,['Системный аналитик'],,,,
3158,113262521,Бизнес-аналитик в ИТ,https://api.hh.ru/vacancies/113262521?host=hh.ru,['Бизнес-аналитик'],,,,
3159,110655337,Бизнес-аналитик,https://api.hh.ru/vacancies/110655337?host=hh.ru,['Бизнес-аналитик'],,,,
3160,109232927,Бизнес-аналитик IT,https://api.hh.ru/vacancies/109232927?host=hh.ru,['Аналитик'],100000.0,160000.0,RUR,False
3161,112281035,Системный аналитик,https://api.hh.ru/vacancies/112281035?host=hh.ru,['Системный аналитик'],200000.0,,RUR,False
3162,113696858,Бизнес-консультант/Senior бизнес-аналитик (Supply Chain Management),https://api.hh.ru/vacancies/113696858?host=hh.ru,['Бизнес-аналитик'],,,,
3163,113715565,Ведущий разработчик BI/ Архитектор BI,https://api.hh.ru/vacancies/113715565?host=hh.ru,"['BI-аналитик, аналитик данных']",,,,
3164,112193722,Менеджер по управлению процессов (коммерческая недвижимость),https://api.hh.ru/vacancies/112193722?host=hh.ru,['Инженер по эксплуатации'],,,,
3165,114173671,Бизнес-аналитик CRM,https://api.hh.ru/vacancies/114173671?host=hh.ru,['Бизнес-аналитик'],,,,
3166,112537379,QA Тестировщик (desktop),https://api.hh.ru/vacancies/112537379?host=hh.ru,['Тестировщик'],,,,
3167,108781207,Бизнес-аналитик,https://api.hh.ru/vacancies/108781207?host=hh.ru,['Бизнес-аналитик'],,,,
3168,112593384,Бизнес-аналитик,https://api.hh.ru/vacancies/112593384?host=hh.ru,['Бизнес-аналитик'],,,,
3169,113889785,Системный аналитик АСУ ОГР,https://api.hh.ru/vacancies/113889785?host=hh.ru,['Системный аналитик'],,,,
3170,111963869,Системный аналитик,https://api.hh.ru/vacancies/111963869?host=hh.ru,['Системный аналитик'],,,,
3171,112379981,Системный аналитик,https://api.hh.ru/vacancies/112379981?host=hh.ru,['Системный аналитик'],,,,
3172,111799892,Менеджер по продажам (IT),https://api.hh.ru/vacancies/111799892?host=hh.ru,"['Менеджер по продажам, менеджер по работе с клиентами']",100000.0,150000.0,RUR,False
3173,110650990,Управляющий клиентским опытом и качеством сервиса,https://api.hh.ru/vacancies/110650990?host=hh.ru,['Методолог'],,,,
3174,113152266,Бизнес-аналитик,https://api.hh.ru/vacancies/113152266?host=hh.ru,['Бизнес-аналитик'],,,,
3175,110613258,Бизнес-аналитик,https://api.hh.ru/vacancies/110613258?host=hh.ru,['Бизнес-аналитик'],,,,
3176,112187578,Fullstack-аналитик,https://api.hh.ru/vacancies/112187578?host=hh.ru,['Аналитик'],,200000.0,RUR,False
3177,113903245,Бизнес-аналитик,https://api.hh.ru/vacancies/113903245?host=hh.ru,['Бизнес-аналитик'],,,,
3178,112768797,Бизнес-аналитик/ Методолог,https://api.hh.ru/vacancies/112768797?host=hh.ru,['Бизнес-аналитик'],,,,
3179,113303750,Менеджер по развитию бизнеса с ключевыми розничными клиентами DIY в Фабрику,https://api.hh.ru/vacancies/113303750?host=hh.ru,"['Менеджер по продажам, менеджер по работе с клиентами']",,,,
3180,112055487,Менеджер по работе с клиентами | Менеджер по продажам (IT),https://api.hh.ru/vacancies/112055487?host=hh.ru,"['Менеджер по продажам, менеджер по работе с клиентами']",300000.0,,RUR,True
3181,110985822,Аналитик по противодействию мошенничеству,https://api.hh.ru/vacancies/110985822?host=hh.ru,['Специалист по информационной безопасности'],,,,
3182,112757205,Бизнес-аналитик (удалённо),https://api.hh.ru/vacancies/112757205?host=hh.ru,['Аналитик'],100000.0,180000.0,RUR,True
3183,111780598,"Бизнес-аналитик (middle, middle-)",https://api.hh.ru/vacancies/111780598?host=hh.ru,['Бизнес-аналитик'],,,,
3184,111305145,Координатор отдела маркетинга,https://api.hh.ru/vacancies/111305145?host=hh.ru,"['Менеджер по маркетингу, интернет-маркетолог']",100000.0,,RUR,False
3185,111387073,Бизнес-аналитик (junior+/middle),https://api.hh.ru/vacancies/111387073?host=hh.ru,['Бизнес-аналитик'],,,,
3186,112140293,Customer Success / Product Manager,https://api.hh.ru/vacancies/112140293?host=hh.ru,['Менеджер продукта'],,,,
3187,114185917,Бизнес-аналитик,https://api.hh.ru/vacancies/114185917?host=hh.ru,['Бизнес-аналитик'],,,,
3188,112351490,CRM-маркетолог,https://api.hh.ru/vacancies/112351490?host=hh.ru,"['Менеджер по маркетингу, интернет-маркетолог']",140000.0,160000.0,RUR,True
3189,114183438,Аналитик-методолог,https://api.hh.ru/vacancies/114183438?host=hh.ru,['Методолог'],,,,
3190,113416095,Бизнес-аналитик,https://api.hh.ru/vacancies/113416095?host=hh.ru,['Бизнес-аналитик'],,,,
3191,110992823,Бизнес-аналитик (проектное финансирование недвижимости),https://api.hh.ru/vacancies/110992823?host=hh.ru,['Аналитик'],,,,
3192,112737061,Младший бизнес-аналитик / стажёр,https://api.hh.ru/vacancies/112737061?host=hh.ru,['Бизнес-аналитик'],,50000.0,RUR,False
3193,112259454,Бизнес-аналитик IT (Middle),https://api.hh.ru/vacancies/112259454?host=hh.ru,['Бизнес-аналитик'],200000.0,250000.0,RUR,False
3194,112311082,Бизнес - аналитик 1С,https://api.hh.ru/vacancies/112311082?host=hh.ru,['Бизнес-аналитик'],,130000.0,RUR,False
3195,112481483,Бизнес-аналитик (Senior),https://api.hh.ru/vacancies/112481483?host=hh.ru,['Бизнес-аналитик'],,,,
3196,104624310,Ведущий бизнес-аналитик (удаленно),https://api.hh.ru/vacancies/104624310?host=hh.ru,['Бизнес-аналитик'],,,,
3197,109429555,Cтажер - Системный аналитик,https://api.hh.ru/vacancies/109429555?host=hh.ru,['Аналитик'],,25000.0,RUR,True
3198,114010540,Бизнес-аналитик (Культура и Туризм),https://api.hh.ru/vacancies/114010540?host=hh.ru,['Бизнес-аналитик'],,,,
3199,114289220,Бизнес-аналитик ML,https://api.hh.ru/vacancies/114289220?host=hh.ru,['Бизнес-аналитик'],,,,
3200,112402605,Бизнес-аналитик/специалист по автоматизации,https://api.hh.ru/vacancies/112402605?host=hh.ru,['Бизнес-аналитик'],,,,
3201,113535308,Системный аналитик в маркетинг (Fintech / Crypto),https://api.hh.ru/vacancies/113535308?host=hh.ru,['Бизнес-аналитик'],,,,
3202,112761618,Бизнес – аналитик процессов,https://api.hh.ru/vacancies/112761618?host=hh.ru,['Бизнес-аналитик'],,,,
3203,113747269,Business Analyst / Бизнес-аналитик,https://api.hh.ru/vacancies/113747269?host=hh.ru,['Бизнес-аналитик'],,,,
3204,111741927,Бизнес - аналитик ГИС,https://api.hh.ru/vacancies/111741927?host=hh.ru,['Бизнес-аналитик'],130000.0,150000.0,RUR,False
3205,111954739,Тестировщик-автоматизатор,https://api.hh.ru/vacancies/111954739?host=hh.ru,['Тестировщик'],,,,
3206,111983452,Бизнес-аналитик (Middle),https://api.hh.ru/vacancies/111983452?host=hh.ru,['Бизнес-аналитик'],,,,
3207,111997352,Бизнес-аналитик,https://api.hh.ru/vacancies/111997352?host=hh.ru,['Методолог'],,,,
3208,112708394,Аналитик 1С,https://api.hh.ru/vacancies/112708394?host=hh.ru,['Аналитик'],,,,
3209,111252488,Аналитик/бизнес-аналитик по поддержке BPM/CRM системы,https://api.hh.ru/vacancies/111252488?host=hh.ru,['Бизнес-аналитик'],,,,
3210,111535096,Бизнес-аналитик (продукты Bloomberg/Refinitiv),https://api.hh.ru/vacancies/111535096?host=hh.ru,"['BI-аналитик, аналитик данных']",,,,
3211,112494591,Senior Product Manager,https://api.hh.ru/vacancies/112494591?host=hh.ru,['Другое'],,,,
3212,112847619,Системный аналитик (web),https://api.hh.ru/vacancies/112847619?host=hh.ru,['Системный аналитик'],150000.0,180000.0,RUR,False
3213,113743347,Бизнес-аналитик,https://api.hh.ru/vacancies/113743347?host=hh.ru,['Бизнес-аналитик'],,,,
3214,114181212,Бизнес-аналитик BW,https://api.hh.ru/vacancies/114181212?host=hh.ru,['Бизнес-аналитик'],,350000.0,RUR,True
3215,114015484,Руководитель проекта,https://api.hh.ru/vacancies/114015484?host=hh.ru,['Руководитель проектов'],,140000.0,RUR,True
3216,112569981,Владелец продукта/Product Owner в ВТБ Онлайн,https://api.hh.ru/vacancies/112569981?host=hh.ru,['Менеджер продукта'],,,,
3217,112706973,Аналитик (Управление требованиями к изделиям),https://api.hh.ru/vacancies/112706973?host=hh.ru,['Системный аналитик'],,,,
3218,111985168,Бизнес-аналитик (ИТЦ ДЖЭТ),https://api.hh.ru/vacancies/111985168?host=hh.ru,['Бизнес-аналитик'],,,,
3219,114292803,Бизнес-аналитик (Контакт-центр),https://api.hh.ru/vacancies/114292803?host=hh.ru,['Бизнес-аналитик'],,,,
3220,112334474,Бизнес-аналитик (в фармацевтическую компанию),https://api.hh.ru/vacancies/112334474?host=hh.ru,['Бизнес-аналитик'],,,,
3221,112598495,Коммерческий директор с опытом управления производством,https://api.hh.ru/vacancies/112598495?host=hh.ru,['Коммерческий директор (CCO)'],,,,
3222,111532412,Старший аналитик,https://api.hh.ru/vacancies/111532412?host=hh.ru,['Аналитик'],,,,
3223,111746988,Портфельный аналитик,https://api.hh.ru/vacancies/111746988?host=hh.ru,['Аналитик'],,,,
3224,112089337,"Бизнес-аналитик (Junior/Middle, IT-компания)",https://api.hh.ru/vacancies/112089337?host=hh.ru,['Бизнес-аналитик'],90000.0,100000.0,RUR,False
3225,112752980,Стажер бизнес-аналитик HRM систем,https://api.hh.ru/vacancies/112752980?host=hh.ru,['Бизнес-аналитик'],,,,
3226,113774848,Бизнес-аналитик (в юридический департамент) Legal Tech,https://api.hh.ru/vacancies/113774848?host=hh.ru,['Директор юридического департамента (CLO)'],,,,
3227,113894080,Системный аналитик (разработка интеграционного продукта),https://api.hh.ru/vacancies/113894080?host=hh.ru,['Системный аналитик'],,,,
3228,112498124,SEO оптимизатор (junior),https://api.hh.ru/vacancies/112498124?host=hh.ru,"['Менеджер по маркетингу, интернет-маркетолог']",35000.0,,RUR,False
3229,112991851,Ведущий бизнес аналитик,https://api.hh.ru/vacancies/112991851?host=hh.ru,['Бизнес-аналитик'],,,,
3230,113325922,Бизнес-аналитик (amoCRM),https://api.hh.ru/vacancies/113325922?host=hh.ru,['Бизнес-аналитик'],,,,
3231,114314288,Бизнес-аналитик,https://api.hh.ru/vacancies/114314288?host=hh.ru,['Аналитик'],,,,
3232,111740587,Ведущий бизнес-аналитик,https://api.hh.ru/vacancies/111740587?host=hh.ru,['Аналитик'],,,,
3233,111957399,Бизнес-аналитик Power BI,https://api.hh.ru/vacancies/111957399?host=hh.ru,['Бизнес-аналитик'],160000.0,200000.0,RUR,False
3234,108370573,Бизнес-аналитик (аналитик по налогообложению),https://api.hh.ru/vacancies/108370573?host=hh.ru,['Бизнес-аналитик'],,,,
3235,109069832,Бизнес-аналитик,https://api.hh.ru/vacancies/109069832?host=hh.ru,['Бизнес-аналитик'],,,,
3236,108599575,Младший бизнес-аналитик (в офисе),https://api.hh.ru/vacancies/108599575?host=hh.ru,['Бизнес-аналитик'],100000.0,,RUR,False
3237,114182488,Бизнес-аналитик 1С,https://api.hh.ru/vacancies/114182488?host=hh.ru,['Системный аналитик'],,,,
3238,110954136,Бизнес-аналитик(офис/гибрид),https://api.hh.ru/vacancies/110954136?host=hh.ru,['Системный аналитик'],,,,
3239,113011453,Ведущий системный аналитик,https://api.hh.ru/vacancies/113011453?host=hh.ru,['Системный аналитик'],,,,
3240,114315339,Системный аналитик,https://api.hh.ru/vacancies/114315339?host=hh.ru,['Системный аналитик'],,,,
3241,110902430,Бизнес-аналитик Корпоративный бизнес,https://api.hh.ru/vacancies/110902430?host=hh.ru,['Бизнес-аналитик'],,,,
3242,111983602,Бизнес-Аналитик,https://api.hh.ru/vacancies/111983602?host=hh.ru,['Бизнес-аналитик'],,,,
3243,111051626,"Бизнес-аналитик/product manager, по платежным решениям",https://api.hh.ru/vacancies/111051626?host=hh.ru,['Продуктовый аналитик'],,,,
3244,112779161,Бизнес-аналитик (стажёр),https://api.hh.ru/vacancies/112779161?host=hh.ru,['Бизнес-аналитик'],,,,
3245,111960592,Бизнес-аналитик Middle (м. Деловой центр),https://api.hh.ru/vacancies/111960592?host=hh.ru,['Бизнес-аналитик'],,,,
3246,114035814,Бизнес-аналитик/project-manager по внедрению CRM,https://api.hh.ru/vacancies/114035814?host=hh.ru,['Бизнес-аналитик'],80000.0,120000.0,RUR,False
3247,108992091,Ведущий бизнес-аналитик,https://api.hh.ru/vacancies/108992091?host=hh.ru,['Бизнес-аналитик'],,,,
3248,113729278,Бизнес-аналитик,https://api.hh.ru/vacancies/113729278?host=hh.ru,['Бизнес-аналитик'],,,,
3249,112865509,Руководитель проектов ИТ,https://api.hh.ru/vacancies/112865509?host=hh.ru,['Руководитель проектов'],,,,
3250,113312253,BI-разработчик,https://api.hh.ru/vacancies/113312253?host=hh.ru,"['BI-аналитик, аналитик данных']",80000.0,200000.0,RUR,True
3251,112665827,IT-рекрутер,https://api.hh.ru/vacancies/112665827?host=hh.ru,['Специалист по подбору персонала'],50000.0,150000.0,RUR,True
3252,112396276,Продакт-аналитик / Продакт-менеджер (ИТ-сервисы),https://api.hh.ru/vacancies/112396276?host=hh.ru,['Бизнес-аналитик'],,,,
3253,114061856,Бизнес-аналитик / Технолог по Клиентам ЮЛ,https://api.hh.ru/vacancies/114061856?host=hh.ru,['Бизнес-аналитик'],,,,
3254,67498251,Бизнес-аналитик в Банк,https://api.hh.ru/vacancies/67498251?host=hh.ru,['Аналитик'],200000.0,,RUR,False
3255,112699283,Product Owner (Mobile - MVNO),https://api.hh.ru/vacancies/112699283?host=hh.ru,['Менеджер продукта'],,,,
3256,112024036,Бизнес-аналитик данных,https://api.hh.ru/vacancies/112024036?host=hh.ru,['Бизнес-аналитик'],,,,
3257,113893887,Бизнес-аналитик (Закупки),https://api.hh.ru/vacancies/113893887?host=hh.ru,['Бизнес-аналитик'],,,,
3258,114301862,Бизнес-аналитик (внедрение ЭДО),https://api.hh.ru/vacancies/114301862?host=hh.ru,['Бизнес-аналитик'],,,,
3259,112152335,Бизнес-аналитик,https://api.hh.ru/vacancies/112152335?host=hh.ru,['Бизнес-аналитик'],,,,
3260,112594994,Бизнес-аналитик,https://api.hh.ru/vacancies/112594994?host=hh.ru,['Бизнес-аналитик'],,,,
3261,112522463,Бизнес-аналитик в Штаб экосистемы B2C,https://api.hh.ru/vacancies/112522463?host=hh.ru,['Другое'],160000.0,,RUR,True
3262,109118738,Бизнес-аналитик (ELMA365),https://api.hh.ru/vacancies/109118738?host=hh.ru,['Бизнес-аналитик'],,,,
3263,112435671,Главный бизнес-аналитик,https://api.hh.ru/vacancies/112435671?host=hh.ru,['Аналитик'],,,,
3264,113706058,Руководитель IT проектов/Бизнес аналитик,https://api.hh.ru/vacancies/113706058?host=hh.ru,['Бизнес-аналитик'],,,,
3265,113737009,Аналитик (СберБраузер),https://api.hh.ru/vacancies/113737009?host=hh.ru,['Аналитик'],,,,
3266,113740788,Бизнес-аналитик,https://api.hh.ru/vacancies/113740788?host=hh.ru,['Бизнес-аналитик'],,,,
3267,114019339,Бизнес-аналитик в направлении цифровизации,https://api.hh.ru/vacancies/114019339?host=hh.ru,['Бизнес-аналитик'],,,,
3268,109557029,"Бизнес-аналитик (sql, python)",https://api.hh.ru/vacancies/109557029?host=hh.ru,"['BI-аналитик, аналитик данных']",,,,
3269,111744645,Бизнес-аналитик,https://api.hh.ru/vacancies/111744645?host=hh.ru,['Бизнес-аналитик'],250000.0,,RUR,False
3270,111965459,"Ведущий бизнес-аналитик, интернет эквайринг",https://api.hh.ru/vacancies/111965459?host=hh.ru,['Бизнес-аналитик'],,,,
3271,111397389,Системный аналитик (Финтех),https://api.hh.ru/vacancies/111397389?host=hh.ru,['Системный аналитик'],,,,
3272,105662426,Ведущий специалист по подбору персонала (офис),https://api.hh.ru/vacancies/105662426?host=hh.ru,['Специалист по подбору персонала'],,170000.0,RUR,True
3273,108833860,Cheif Analytics Officer,https://api.hh.ru/vacancies/108833860?host=hh.ru,['Руководитель отдела аналитики'],,,,
3274,110447314,Бизнес-аналитик,https://api.hh.ru/vacancies/110447314?host=hh.ru,['Бизнес-аналитик'],,,,
3275,112987771,Технический писатель/Бизнес-аналитик,https://api.hh.ru/vacancies/112987771?host=hh.ru,['Аналитик'],170000.0,,RUR,False
3276,113030266,Бизнес-аналитик,https://api.hh.ru/vacancies/113030266?host=hh.ru,['Аналитик'],,,,
3277,113310586,Бизнес-аналитик,https://api.hh.ru/vacancies/113310586?host=hh.ru,['Системный аналитик'],,,,
3278,111351483,Главный бизнес-аналитик,https://api.hh.ru/vacancies/111351483?host=hh.ru,['Бизнес-аналитик'],,,,
3279,114173417,Бизнес-аналитик (цифровая трансформация),https://api.hh.ru/vacancies/114173417?host=hh.ru,['Методолог'],,,,
3280,108288681,Бизнес-аналитик (senior),https://api.hh.ru/vacancies/108288681?host=hh.ru,['Бизнес-аналитик'],,,,
3281,112065948,Бизнес-аналитик,https://api.hh.ru/vacancies/112065948?host=hh.ru,['Бизнес-аналитик'],80000.0,120000.0,RUR,False
3282,114553669,Программист 1С,https://api.hh.ru/vacancies/114553669?host=hh.ru,"['Программист, разработчик']",,,,
3283,109157510,Бизнес-аналитик (руководитель направления ДБО юр. лиц),https://api.hh.ru/vacancies/109157510?host=hh.ru,['Другое'],,,,
3284,107327922,Руководитель отдела бизнес-анализа,https://api.hh.ru/vacancies/107327922?host=hh.ru,['Бизнес-аналитик'],,,,
3285,111957341,Старший внутренний аудитор (общекорпоративные процессы),https://api.hh.ru/vacancies/111957341?host=hh.ru,['Аудитор'],,,,
3286,112306387,ИТ-лидер команды аналитики,https://api.hh.ru/vacancies/112306387?host=hh.ru,['Руководитель группы разработки'],,,,
3287,112576428,Продакт-менеджер (Selection),https://api.hh.ru/vacancies/112576428?host=hh.ru,['Менеджер продукта'],280000.0,,RUR,True
3288,114300411,Бизнес-аналитик,https://api.hh.ru/vacancies/114300411?host=hh.ru,['Бизнес-аналитик'],,,,
3289,114071470,Старший аналитик,https://api.hh.ru/vacancies/114071470?host=hh.ru,"['BI-аналитик, аналитик данных']",,,,
3290,112075529,Директор отдела информационных технологий,https://api.hh.ru/vacancies/112075529?host=hh.ru,['Директор по информационным технологиям (CIO)'],300000.0,,RUR,False
3291,112690241,"Старший системный аналитик, ERP и учетные системы",https://api.hh.ru/vacancies/112690241?host=hh.ru,['Системный аналитик'],,,,
3292,112987250,Product Owner / Владелец продукта,https://api.hh.ru/vacancies/112987250?host=hh.ru,['Менеджер продукта'],,,,
3293,112768859,Системный аналитик,https://api.hh.ru/vacancies/112768859?host=hh.ru,['Системный аналитик'],,,,
3294,112840781,Project/Product manager проектов внедрения,https://api.hh.ru/vacancies/112840781?host=hh.ru,['Руководитель проектов'],,,,
3295,113707492,Системный аналитик,https://api.hh.ru/vacancies/113707492?host=hh.ru,['Системный аналитик'],,,,
3296,112147687,Бизнес-аналитик,https://api.hh.ru/vacancies/112147687?host=hh.ru,['Бизнес-аналитик'],,,,
3297,114189522,Бизнес-аналитик,https://api.hh.ru/vacancies/114189522?host=hh.ru,['Бизнес-аналитик'],,,,
3298,112580611,Руководитель проекта (СИЭР),https://api.hh.ru/vacancies/112580611?host=hh.ru,['Руководитель проектов'],,,,
3299,111722628,Системный аналитик (финтех),https://api.hh.ru/vacancies/111722628?host=hh.ru,['Системный аналитик'],,,,
3300,112327499,Разработчик 1С ЗУП,https://api.hh.ru/vacancies/112327499?host=hh.ru,"['Программист, разработчик']",,,,
3301,109757852,"Бизнес-аналитик, Группа цифровых решений",https://api.hh.ru/vacancies/109757852?host=hh.ru,['Бизнес-аналитик'],,,,
3302,111857476,Ведущий менеджер по продажам (продажа ПО),https://api.hh.ru/vacancies/111857476?host=hh.ru,"['Менеджер по продажам, менеджер по работе с клиентами']",250000.0,,RUR,True
3303,112748293,Бизнес-аналитик,https://api.hh.ru/vacancies/112748293?host=hh.ru,['Бизнес-аналитик'],,,,
3304,113705377,Системный Бизнес аналитик 1С,https://api.hh.ru/vacancies/113705377?host=hh.ru,['Аналитик'],,,,
3305,78610426,Бизнес-аналитик,https://api.hh.ru/vacancies/78610426?host=hh.ru,['Аналитик'],85000.0,,RUR,True
3306,106661667,Бизнес-аналитик (RuBackup),https://api.hh.ru/vacancies/106661667?host=hh.ru,['Бизнес-аналитик'],,,,
3307,113265921,Бизнес-аналитик,https://api.hh.ru/vacancies/113265921?host=hh.ru,['Бизнес-аналитик'],,,,
3308,110445448,Системный аналитик,https://api.hh.ru/vacancies/110445448?host=hh.ru,['Бизнес-аналитик'],,,,
3309,114177730,Бизнес-аналитик в проект БКИ,https://api.hh.ru/vacancies/114177730?host=hh.ru,['Бизнес-аналитик'],,,,
3310,85900868,Бизнес-аналитик,https://api.hh.ru/vacancies/85900868?host=hh.ru,['Бизнес-аналитик'],150000.0,,RUR,False
3311,109528370,Бизнес-аналитик по казначейским операциям,https://api.hh.ru/vacancies/109528370?host=hh.ru,['Казначей'],,,,
3312,111253616,Аналитик данных в стрим Анализа источника данных,https://api.hh.ru/vacancies/111253616?host=hh.ru,"['BI-аналитик, аналитик данных']",,,,
3313,112156148,Бизнес-аналитик (Ботанический сад),https://api.hh.ru/vacancies/112156148?host=hh.ru,['Бизнес-аналитик'],160000.0,200000.0,RUR,False
3314,113009159,Бизнес-аналитик (дашборды),https://api.hh.ru/vacancies/113009159?host=hh.ru,['Бизнес-аналитик'],,,,
3315,113589256,Бизнес-аналитик,https://api.hh.ru/vacancies/113589256?host=hh.ru,['Аналитик'],,,,
3316,114077457,Технический писатель,https://api.hh.ru/vacancies/114077457?host=hh.ru,['Технический писатель'],,,,
3317,112744215,Бизнес-аналитик 1С,https://api.hh.ru/vacancies/112744215?host=hh.ru,['Аналитик'],,,,
3318,114553913,Бизнес-аналитик (middle),https://api.hh.ru/vacancies/114553913?host=hh.ru,['Бизнес-аналитик'],120000.0,,RUR,False
3319,111351491,Бизнес-аналитик,https://api.hh.ru/vacancies/111351491?host=hh.ru,['Бизнес-аналитик'],,200000.0,RUR,True
3320,113714036,Разработчик BI,https://api.hh.ru/vacancies/113714036?host=hh.ru,"['BI-аналитик, аналитик данных']",,,,
3321,112547743,Риск-аналитик в команду Антифрод,https://api.hh.ru/vacancies/112547743?host=hh.ru,['Продуктовый аналитик'],,,,
3322,112963928,Бизнес-аналитик / Business analyst,https://api.hh.ru/vacancies/112963928?host=hh.ru,['Бизнес-аналитик'],,,,
3323,113152155,Руководитель маркетингового отдела,https://api.hh.ru/vacancies/113152155?host=hh.ru,['Руководитель отдела маркетинга и рекламы'],150000.0,,RUR,False
3324,109428051,Бизнес-аналитик по брокерским операциям,https://api.hh.ru/vacancies/109428051?host=hh.ru,['Бизнес-аналитик'],,,,
3325,113153345,Бизнес-аналитик,https://api.hh.ru/vacancies/113153345?host=hh.ru,['Бизнес-аналитик'],,,,
3326,111438414,КАМ/менеджер по работе с ключевыми клиентами в ИТ,https://api.hh.ru/vacancies/111438414?host=hh.ru,"['Менеджер по продажам, менеджер по работе с клиентами']",,,,
3327,108508053,Системный администратор (специалист техподдержки),https://api.hh.ru/vacancies/108508053?host=hh.ru,['Системный администратор'],100000.0,120000.0,RUR,False
3328,111961748,"Ведущий бизнес-аналитик (ИТ, полностью удаленно РФ)",https://api.hh.ru/vacancies/111961748?host=hh.ru,['Бизнес-аналитик'],,,,
3329,108625613,Бизнес-аналитик (Направление финансовые системы),https://api.hh.ru/vacancies/108625613?host=hh.ru,['Другое'],,,,
3330,109555329,Бизнес-аналитик (бизнес-аудит),https://api.hh.ru/vacancies/109555329?host=hh.ru,['Бизнес-аналитик'],,,,
3331,112155229,Бизнес-аналитик,https://api.hh.ru/vacancies/112155229?host=hh.ru,['Бизнес-аналитик'],,,,
3332,99416307,Системный аналитик,https://api.hh.ru/vacancies/99416307?host=hh.ru,['Системный аналитик'],,,,
3333,105845416,Бизнес аналитик (ИИ),https://api.hh.ru/vacancies/105845416?host=hh.ru,['Бизнес-аналитик'],,,,
3334,111079487,Middle+/Senior Business analyst,https://api.hh.ru/vacancies/111079487?host=hh.ru,"['BI-аналитик, аналитик данных']",2500.0,3000.0,USD,True
3335,113017396,Бизнес-аналитик,https://api.hh.ru/vacancies/113017396?host=hh.ru,['Бизнес-аналитик'],,,,
3336,113153476,Бизнес-аналитик (иностранный банк),https://api.hh.ru/vacancies/113153476?host=hh.ru,['Бизнес-аналитик'],,,,
3337,113296582,Бизнес аналитик Система управленческого учета,https://api.hh.ru/vacancies/113296582?host=hh.ru,['Бизнес-аналитик'],,,,
3338,112187373,Бизнес-аналитик,https://api.hh.ru/vacancies/112187373?host=hh.ru,['Бизнес-аналитик'],180000.0,200000.0,RUR,False
3339,111532135,Старший аналитик,https://api.hh.ru/vacancies/111532135?host=hh.ru,['Продуктовый аналитик'],,,,
3340,113718365,Senior Business Analyst,https://api.hh.ru/vacancies/113718365?host=hh.ru,"['BI-аналитик, аналитик данных']",,,,
3341,113850650,Аналитик 1С/Бизнес-аналитик 1С,https://api.hh.ru/vacancies/113850650?host=hh.ru,['Аналитик'],250000.0,,RUR,False
3342,114047148,SAP ABAP разработчик (middle),https://api.hh.ru/vacancies/114047148?host=hh.ru,"['Программист, разработчик']",110000.0,,RUR,True
3343,112683638,Бизнес-аналитик,https://api.hh.ru/vacancies/112683638?host=hh.ru,['Маркетолог-аналитик'],,160000.0,RUR,True
3344,111694555,Бизнес-аналитик в Автономный транспорт,https://api.hh.ru/vacancies/111694555?host=hh.ru,['Бизнес-аналитик'],,,,
3345,110860158,ИТ лидер команды (Команда данные и аналитика),https://api.hh.ru/vacancies/110860158?host=hh.ru,['Системный аналитик'],,,,
3346,112754798,Продуктовый бизнес-аналитик (junior/middle) (в продуктовую ИТ-компанию),https://api.hh.ru/vacancies/112754798?host=hh.ru,['Продуктовый аналитик'],,,,
3347,97475137,Бизнес-аналитик (платежная система и международные расчеты),https://api.hh.ru/vacancies/97475137?host=hh.ru,['Бизнес-аналитик'],,,,
3348,111967598,Бизнес аналитик ML/AI,https://api.hh.ru/vacancies/111967598?host=hh.ru,['Бизнес-аналитик'],,,,
3349,109561136,Менеджер продукта Управления разработки и сопровождения специальных электронных продуктов,https://api.hh.ru/vacancies/109561136?host=hh.ru,['Другое'],,,,
3350,109973362,Business analyst senior,https://api.hh.ru/vacancies/109973362?host=hh.ru,['Бизнес-аналитик'],,,,
3351,111877220,Руководитель отдела бизнес процессов и регламентов/бизнес-аналитик,https://api.hh.ru/vacancies/111877220?host=hh.ru,['Методолог'],,,,
3352,101184206,Senior Java-разработчик (Blockchain),https://api.hh.ru/vacancies/101184206?host=hh.ru,"['Программист, разработчик']",400000.0,500000.0,RUR,True
3353,112033925,Бизнес-аналитик: Личный кабинет сотрудника,https://api.hh.ru/vacancies/112033925?host=hh.ru,['Бизнес-аналитик'],,,,
3354,111817622,Ассистент по настройке нейропродавцов (ИИ-боты) и управлению проектами,https://api.hh.ru/vacancies/111817622?host=hh.ru,['Руководитель проектов'],40000.0,80000.0,RUR,False
3355,112167447,Бизнес-аналитик,https://api.hh.ru/vacancies/112167447?host=hh.ru,['Бизнес-аналитик'],,,,
3356,113714772,Контент-менеджер/smm/pr (международное направление B2B),https://api.hh.ru/vacancies/113714772?host=hh.ru,"['SMM-менеджер, контент-менеджер']",,,,
3357,114187262,Главный специалист по организационному развитию (экспертиза нормативной документации),https://api.hh.ru/vacancies/114187262?host=hh.ru,['Другое'],,,,
3358,112043655,Бизнес-аналитик (Корпоративный бизнес),https://api.hh.ru/vacancies/112043655?host=hh.ru,['Бизнес-аналитик'],,,,
3359,112784040,Бизнес-аналитик,https://api.hh.ru/vacancies/112784040?host=hh.ru,['Бизнес-аналитик'],,,,
3360,107334951,Бизнес-аналитик,https://api.hh.ru/vacancies/107334951?host=hh.ru,['Бизнес-аналитик'],,,,
3361,113704396,Младший бизнес-аналитик,https://api.hh.ru/vacancies/113704396?host=hh.ru,['Бизнес-аналитик'],,,,
3362,108252581,Системный аналитик (WEB),https://api.hh.ru/vacancies/108252581?host=hh.ru,['Системный аналитик'],150000.0,200000.0,RUR,False
3363,112521571,Младший бизнес-аналитик,https://api.hh.ru/vacancies/112521571?host=hh.ru,['Бизнес-аналитик'],,,,
3364,112712977,Системный аналитик,https://api.hh.ru/vacancies/112712977?host=hh.ru,['Аналитик'],,,,
3365,112793409,CRM-ИНТЕГРАТОР (Битрикс24 и AMOCRM),https://api.hh.ru/vacancies/112793409?host=hh.ru,['Другое'],100000.0,150000.0,RUR,False
3366,108678204,Аналитик по доходам (отели),https://api.hh.ru/vacancies/108678204?host=hh.ru,['Аналитик'],,,,
3367,109239171,Аналитик бизнес - процессов (аудит),https://api.hh.ru/vacancies/109239171?host=hh.ru,['Аудитор'],,,,
3368,112686075,Системный/Бизнес аналитик Middle (44-ФЗ),https://api.hh.ru/vacancies/112686075?host=hh.ru,['Системный аналитик'],,,,
3369,112847722,Младший аккаунт-менеджер / Менеджер-проектов,https://api.hh.ru/vacancies/112847722?host=hh.ru,"['Менеджер по маркетингу, интернет-маркетолог']",40000.0,,RUR,True
3370,112795025,Контролер качества данных (DQ аналитик),https://api.hh.ru/vacancies/112795025?host=hh.ru,"['BI-аналитик, аналитик данных']",,350000.0,RUR,True
3371,110105898,Системный аналитик,https://api.hh.ru/vacancies/110105898?host=hh.ru,['Системный аналитик'],,,,
3372,113104212,Младший бизнес-аналитик,https://api.hh.ru/vacancies/113104212?host=hh.ru,['Бизнес-аналитик'],,,,
3373,104219917,Бизнес-аналитик (ИТ),https://api.hh.ru/vacancies/104219917?host=hh.ru,['Аналитик'],,,,
3374,112332075,"Бизнес-аналитик (по отчетности, сопровождению колл-центра)",https://api.hh.ru/vacancies/112332075?host=hh.ru,['Другое'],,170000.0,RUR,False
3375,113856891,Бизнес-аналитик,https://api.hh.ru/vacancies/113856891?host=hh.ru,['Бизнес-аналитик'],,,,
3376,106121968,Бизнес-аналитик (Middle),https://api.hh.ru/vacancies/106121968?host=hh.ru,['Бизнес-аналитик'],150000.0,,RUR,False
3377,114074916,Системный аналитик (middle),https://api.hh.ru/vacancies/114074916?host=hh.ru,['Системный аналитик'],,,,
3378,114050321,Бизнес-аналитик,https://api.hh.ru/vacancies/114050321?host=hh.ru,['Бизнес-аналитик'],,,,
3379,112171625,Экономист 1С,https://api.hh.ru/vacancies/112171625?host=hh.ru,['Аналитик'],,200000.0,RUR,True
3380,112480960,Начинающий бизнес-аналитик,https://api.hh.ru/vacancies/112480960?host=hh.ru,['Бизнес-аналитик'],,,,
3381,111411886,Руководитель проектов,https://api.hh.ru/vacancies/111411886?host=hh.ru,['Руководитель проектов'],,,,
3382,114172404,Аналитик бизнес процессов и систем (MCM),https://api.hh.ru/vacancies/114172404?host=hh.ru,['Бизнес-аналитик'],,,,
3383,105675546,Бизнес-аналитик,https://api.hh.ru/vacancies/105675546?host=hh.ru,['Бизнес-аналитик'],,,,
3384,112165431,Руководитель департамента тестирования,https://api.hh.ru/vacancies/112165431?host=hh.ru,['Руководитель отдела аналитики'],,500000.0,RUR,False
3385,112671674,Функциональный архитектор (Solution Architect),https://api.hh.ru/vacancies/112671674?host=hh.ru,['Архитектор'],,500000.0,RUR,True
3386,113718882,Бизнес-аналитик,https://api.hh.ru/vacancies/113718882?host=hh.ru,['Бизнес-аналитик'],,,,
3387,97643835,Консультант 1С,https://api.hh.ru/vacancies/97643835?host=hh.ru,['Системный аналитик'],174000.0,,RUR,True
3388,110771236,Бизнес-аналитик,https://api.hh.ru/vacancies/110771236?host=hh.ru,['Бизнес-аналитик'],55000.0,,RUR,False
3389,111733818,React Frontend-разработчик,https://api.hh.ru/vacancies/111733818?host=hh.ru,"['Программист, разработчик']",,,,
3390,111731108,Бизнес-аналитик Стажёр,https://api.hh.ru/vacancies/111731108?host=hh.ru,['Бизнес-аналитик'],50000.0,,RUR,True
3391,112626735,Стажер (автомобильный бизнес),https://api.hh.ru/vacancies/112626735?host=hh.ru,['Другое'],,,,
3392,109037211,Бизнес-аналитик,https://api.hh.ru/vacancies/109037211?host=hh.ru,['Аналитик'],,,,
3393,112742816,Business analyst / Бизнес-аналитик,https://api.hh.ru/vacancies/112742816?host=hh.ru,['Бизнес-аналитик'],,210000.0,RUR,False
3394,113003546,Системный/бизнес аналитик (DH),https://api.hh.ru/vacancies/113003546?host=hh.ru,['Системный аналитик'],,250000.0,RUR,False
3395,112509314,Бизнес-аналитик 1С,https://api.hh.ru/vacancies/112509314?host=hh.ru,['Аналитик'],,,,
3396,102766820,Руководитель по развитию продуктов,https://api.hh.ru/vacancies/102766820?host=hh.ru,['Менеджер продукта'],,,,
3397,112695186,Бизнес-аналитик,https://api.hh.ru/vacancies/112695186?host=hh.ru,['Аналитик'],,200000.0,RUR,False
3398,112062846,Бизнес аналитик/Директор,https://api.hh.ru/vacancies/112062846?host=hh.ru,['Бизнес-аналитик'],,,,
3399,113015047,Бизнес-аналитик (мобильное приложение),https://api.hh.ru/vacancies/113015047?host=hh.ru,['Бизнес-аналитик'],,,,
3400,108253107,Project/Account Manager,https://api.hh.ru/vacancies/108253107?host=hh.ru,['Руководитель проектов'],,,,
3401,109119502,Бизнес-аналитик в финтех проект,https://api.hh.ru/vacancies/109119502?host=hh.ru,['Бизнес-аналитик'],,,,
3402,110111949,Бизнес-аналитик (аналитик по налогообложению),https://api.hh.ru/vacancies/110111949?host=hh.ru,['Бизнес-аналитик'],,,,
3403,111868198,Бизнес-аналитик (развитие технологий мониторинга и контроля деятельности клиентов),https://api.hh.ru/vacancies/111868198?host=hh.ru,['Бизнес-аналитик'],,,,
3404,112581936,Бизнес-аналитик (S&OP процесс),https://api.hh.ru/vacancies/112581936?host=hh.ru,['Бизнес-аналитик'],,,,
3405,113013712,Руководитель по развитию/менеджер по развитию партнерской сети,https://api.hh.ru/vacancies/113013712?host=hh.ru,['Менеджер по работе с партнерами'],150000.0,750000.0,RUR,True
3406,113709292,Главный бизнес-аналитик (логистика/пополнение/товародвижение),https://api.hh.ru/vacancies/113709292?host=hh.ru,"['Менеджер по логистике, менеджер по ВЭД']",,,,
3407,113716637,Бизнес-аналитик (в отдел эксплуатации),https://api.hh.ru/vacancies/113716637?host=hh.ru,['Бизнес-аналитик'],,,,
3408,111062587,Эксперт по ИТ-процессам,https://api.hh.ru/vacancies/111062587?host=hh.ru,['Методолог'],,,,
3409,112032837,Бизнес-аналитик,https://api.hh.ru/vacancies/112032837?host=hh.ru,['Бизнес-аналитик'],,200000.0,RUR,True
3410,113101573,Бизнес-аналитик,https://api.hh.ru/vacancies/113101573?host=hh.ru,['Бизнес-аналитик'],,,,
3411,114158700,Бизнес/Системный аналитик (middle/senior),https://api.hh.ru/vacancies/114158700?host=hh.ru,['Системный аналитик'],,,,
3412,111684991,Бизнес-аналитик,https://api.hh.ru/vacancies/111684991?host=hh.ru,['Бизнес-аналитик'],,150000.0,RUR,True
3413,109034827,Бизнес-аналитик,https://api.hh.ru/vacancies/109034827?host=hh.ru,['Бизнес-аналитик'],,,,
3414,112873976,Специалист по бизнес-процессам,https://api.hh.ru/vacancies/112873976?host=hh.ru,['Аналитик'],,,,
3415,105635556,Бизнес-аналитик,https://api.hh.ru/vacancies/105635556?host=hh.ru,['Бизнес-аналитик'],,,,
3416,108500306,Ведущий специалист отдела контроллинга текущих операций,https://api.hh.ru/vacancies/108500306?host=hh.ru,"['BI-аналитик, аналитик данных']",,,,
3417,107335857,Стажёр бизнес-аналитик 1С,https://api.hh.ru/vacancies/107335857?host=hh.ru,['Бизнес-аналитик'],60000.0,90000.0,RUR,False
3418,109739920,Бизнес-аналитик,https://api.hh.ru/vacancies/109739920?host=hh.ru,['Бизнес-аналитик'],,,,
3419,112842826,Бизнес-аналитик,https://api.hh.ru/vacancies/112842826?host=hh.ru,['Бизнес-аналитик'],,,,
3420,106213109,Бизнес-аналитик (Middle/Senior),https://api.hh.ru/vacancies/106213109?host=hh.ru,['Бизнес-аналитик'],,,,
3421,112689953,Бизнес-аналитик (Личные кабинеты),https://api.hh.ru/vacancies/112689953?host=hh.ru,['Аналитик'],,,,
3422,111955333,Системный аналитик,https://api.hh.ru/vacancies/111955333?host=hh.ru,['Системный аналитик'],,,,
3423,111894629,Руководитель направления стратегии,https://api.hh.ru/vacancies/111894629?host=hh.ru,['Другое'],,,,
3424,112523404,Аналитик DWH,https://api.hh.ru/vacancies/112523404?host=hh.ru,"['BI-аналитик, аналитик данных']",,,,
3425,112353650,Бизнес-аналитик,https://api.hh.ru/vacancies/112353650?host=hh.ru,['Бизнес-аналитик'],250000.0,,RUR,False
3426,110142683,Бизнес-аналитик (ресёрчи),https://api.hh.ru/vacancies/110142683?host=hh.ru,['Бизнес-аналитик'],,,,
3427,111096833,Бизнес-аналитик (Fintech),https://api.hh.ru/vacancies/111096833?host=hh.ru,['Бизнес-аналитик'],,,,
3428,113719477,Менеджер платежных систем,https://api.hh.ru/vacancies/113719477?host=hh.ru,"['Финансовый аналитик, инвестиционный аналитик']",,,,
3429,111259821,Бизнес-аналитик,https://api.hh.ru/vacancies/111259821?host=hh.ru,['Бизнес-аналитик'],,,,
3430,111765173,Java Team Lead / Руководитель отдела разработки,https://api.hh.ru/vacancies/111765173?host=hh.ru,['Руководитель группы разработки'],,,,
3431,112328682,Бизнес-аналитик (Проектный менеджер),https://api.hh.ru/vacancies/112328682?host=hh.ru,['Бизнес-аналитик'],,,,
3432,111955093,Финансовый аналитик,https://api.hh.ru/vacancies/111955093?host=hh.ru,['Финансовый менеджер'],120000.0,125000.0,RUR,False
3433,114045281,Lead Бизнес-аналитик CRM-Системы корпоративного бизнеса,https://api.hh.ru/vacancies/114045281?host=hh.ru,['Бизнес-аналитик'],,,,
3434,111981885,Бизнес-аналитик,https://api.hh.ru/vacancies/111981885?host=hh.ru,['Бизнес-аналитик'],,,,
3435,104831910,Team lead Analyst,https://api.hh.ru/vacancies/104831910?host=hh.ru,['Продуктовый аналитик'],,,,
3436,109716744,Менеджер проектов бизнес-подразделения Женское и Мужское здоровье,https://api.hh.ru/vacancies/109716744?host=hh.ru,['Руководитель проектов'],,,,
3437,114062892,Технический писатель,https://api.hh.ru/vacancies/114062892?host=hh.ru,['Технический писатель'],,,,
3438,111651384,Сервис-менеджер,https://api.hh.ru/vacancies/111651384?host=hh.ru,['Специалист технической поддержки'],,,,
3439,113851961,Руководитель группы работы с данными,https://api.hh.ru/vacancies/113851961?host=hh.ru,['Руководитель группы разработки'],,,,
3440,113805596,System Analyst / Business Analyst (CSS),https://api.hh.ru/vacancies/113805596?host=hh.ru,['Бизнес-аналитик'],,,,
3441,111811475,Бизнес-аналитик,https://api.hh.ru/vacancies/111811475?host=hh.ru,['Бизнес-аналитик'],,,,
3442,114303423,Бизнес-аналитик,https://api.hh.ru/vacancies/114303423?host=hh.ru,['Бизнес-аналитик'],,,,
3443,111536997,Технический менеджер проекта (Рекламная платформа),https://api.hh.ru/vacancies/111536997?host=hh.ru,['Руководитель проектов'],,,,
3444,111797799,Product Manager (WB Finance),https://api.hh.ru/vacancies/111797799?host=hh.ru,"['BI-аналитик, аналитик данных']",,,,
3445,111852443,Бизнес-аналитик,https://api.hh.ru/vacancies/111852443?host=hh.ru,['Бизнес-аналитик'],,,,
3446,110240381,"Бизнес аналитик (ML, AI, RPA проекты)",https://api.hh.ru/vacancies/110240381?host=hh.ru,['Бизнес-аналитик'],,,,
3447,110485230,Специалист по подбору персонала,https://api.hh.ru/vacancies/110485230?host=hh.ru,['Специалист по подбору персонала'],150000.0,,RUR,False
3448,111848271,Менеджер по продажам,https://api.hh.ru/vacancies/111848271?host=hh.ru,"['Менеджер по продажам, менеджер по работе с клиентами']",85000.0,,RUR,False
3449,112347195,"Бизнес – аналитик в ""Блокчейн Хаб”",https://api.hh.ru/vacancies/112347195?host=hh.ru,['Другое'],,,,
3450,113739807,Middle Системный аналитик [InDataBase],https://api.hh.ru/vacancies/113739807?host=hh.ru,['Системный аналитик'],,,,
3451,110954403,Бизнес-аналитик,https://api.hh.ru/vacancies/110954403?host=hh.ru,['Бизнес-аналитик'],,,,
3452,113877697,Бизнес Аналитик,https://api.hh.ru/vacancies/113877697?host=hh.ru,['Бизнес-аналитик'],,,,
3453,111233512,Бизнес-аналитик (Налоговый мониторинг),https://api.hh.ru/vacancies/111233512?host=hh.ru,['Бизнес-аналитик'],,,,
3454,112716760,Бизнес-аналитик / Системный аналитик (1С:ERP),https://api.hh.ru/vacancies/112716760?host=hh.ru,['Бизнес-аналитик'],,300000.0,RUR,False
3455,114185289,Менеджер по цифровому развитию клиентов,https://api.hh.ru/vacancies/114185289?host=hh.ru,"['Финансовый аналитик, инвестиционный аналитик']",,,,
3456,109153827,ИТ Бизнес-аналитик,https://api.hh.ru/vacancies/109153827?host=hh.ru,['Бизнес-аналитик'],,,,
3457,111599420,Бизнес-аналитик,https://api.hh.ru/vacancies/111599420?host=hh.ru,['Бизнес-аналитик'],,,,
3458,110985556,Бизнес-аналитик,https://api.hh.ru/vacancies/110985556?host=hh.ru,['Бизнес-аналитик'],,,,
3459,112153861,Product Data Analyst,https://api.hh.ru/vacancies/112153861?host=hh.ru,['Аналитик'],,,,
3460,113704557,Бизнес-аналитик,https://api.hh.ru/vacancies/113704557?host=hh.ru,['Бизнес-аналитик'],,200000.0,RUR,False
3461,99057955,Бизнес-аналитик (middle),https://api.hh.ru/vacancies/99057955?host=hh.ru,['Другое'],,,,
3462,107725633,Бизнес-аналитик,https://api.hh.ru/vacancies/107725633?host=hh.ru,['Бизнес-аналитик'],,,,
3463,109632944,Ведущий бизнес-аналитик,https://api.hh.ru/vacancies/109632944?host=hh.ru,['Бизнес-аналитик'],,,,
3464,114188196,Бизнес-аналитик,https://api.hh.ru/vacancies/114188196?host=hh.ru,['Бизнес-аналитик'],,,,
3465,112741557,Системный аналитик,https://api.hh.ru/vacancies/112741557?host=hh.ru,['Системный аналитик'],,,,
3466,112695168,Финансовый аналитик в Доставку,https://api.hh.ru/vacancies/112695168?host=hh.ru,"['Финансовый аналитик, инвестиционный аналитик']",,,,
3467,112998332,Бизнес-аналитик 1С,https://api.hh.ru/vacancies/112998332?host=hh.ru,['Аналитик'],,,,
3468,112550454,Бизнес-аналитик (направление финансы),https://api.hh.ru/vacancies/112550454?host=hh.ru,"['Финансовый аналитик, инвестиционный аналитик']",,,,
3469,112620124,Presale-аналитик,https://api.hh.ru/vacancies/112620124?host=hh.ru,['Другое'],,,,
3470,107437769,Бизнес-эксперт (CRM),https://api.hh.ru/vacancies/107437769?host=hh.ru,"['Менеджер по продажам, менеджер по работе с клиентами']",200000.0,350000.0,RUR,False
3471,107917822,Бизнес-системный аналитик,https://api.hh.ru/vacancies/107917822?host=hh.ru,['Системный аналитик'],,,,
3472,113879190,Копирайтер (IT B2B),https://api.hh.ru/vacancies/113879190?host=hh.ru,"['Копирайтер, редактор, корректор']",,,,
3473,108817938,Бизнес-аналитик (налоговый модуль),https://api.hh.ru/vacancies/108817938?host=hh.ru,['Бизнес-аналитик'],,,,
3474,110307074,Бизнес-аналитик,https://api.hh.ru/vacancies/110307074?host=hh.ru,['Бизнес-аналитик'],200000.0,,RUR,True
3475,112297997,Ведущий аналитик/Аналитик данных,https://api.hh.ru/vacancies/112297997?host=hh.ru,"['BI-аналитик, аналитик данных']",,,,
3476,113286865,Аналитик данных / data analyst,https://api.hh.ru/vacancies/113286865?host=hh.ru,"['BI-аналитик, аналитик данных']",,,,
3477,112058289,Инженер по процессам тестирования/Тест-менеджер,https://api.hh.ru/vacancies/112058289?host=hh.ru,['Тестировщик'],,,,
3478,112520382,Бизнес-аналитик (Business studio),https://api.hh.ru/vacancies/112520382?host=hh.ru,['Бизнес-аналитик'],150000.0,,RUR,True
3479,112731405,Главный специалист проектного офиса,https://api.hh.ru/vacancies/112731405?host=hh.ru,['Руководитель проектов'],,,,
3480,111969723,Бизнес-аналитик,https://api.hh.ru/vacancies/111969723?host=hh.ru,['Бизнес-аналитик'],,,,
3481,110797228,Системный аналитик (Операционные риски),https://api.hh.ru/vacancies/110797228?host=hh.ru,['Системный аналитик'],,,,
3482,106509305,Ведущий бизнес-аналитик,https://api.hh.ru/vacancies/106509305?host=hh.ru,['Бизнес-аналитик'],,,,
3483,112725726,Специалист технической поддержки / Инженер технической поддержки (ИТ компания),https://api.hh.ru/vacancies/112725726?host=hh.ru,['Специалист технической поддержки'],60000.0,130000.0,RUR,False
3484,114057576,Системный аналитик,https://api.hh.ru/vacancies/114057576?host=hh.ru,['Системный аналитик'],,,,
3485,110885120,Системный аналитик,https://api.hh.ru/vacancies/110885120?host=hh.ru,['Системный аналитик'],,350000.0,RUR,False
3486,111759110,Бизнес-аналитик IT,https://api.hh.ru/vacancies/111759110?host=hh.ru,['Бизнес-аналитик'],,,,
3487,112574147,Ведущий системный аналитик,https://api.hh.ru/vacancies/112574147?host=hh.ru,['Системный аналитик'],,,,
3488,112784084,Бизнес-аналитик (Платформа МСБ),https://api.hh.ru/vacancies/112784084?host=hh.ru,['Бизнес-аналитик'],,,,
3489,106800221,Бизнес-аналитик,https://api.hh.ru/vacancies/106800221?host=hh.ru,['Бизнес-аналитик'],,,,
3490,111518938,Консультант сопровождения и развития систем электронного документооборота,https://api.hh.ru/vacancies/111518938?host=hh.ru,['Методолог'],,,,
3491,104173568,Бизнес-аналитик/системный аналитик*,https://api.hh.ru/vacancies/104173568?host=hh.ru,['Бизнес-аналитик'],,,,
3492,107151884,Бизнес-аналитик (проектный офис),https://api.hh.ru/vacancies/107151884?host=hh.ru,['Бизнес-аналитик'],,,,
3493,107859526,Бизнес-аналитик БКИ,https://api.hh.ru/vacancies/107859526?host=hh.ru,['Другое'],,,,
3494,112525543,Product Manager API,https://api.hh.ru/vacancies/112525543?host=hh.ru,['Менеджер продукта'],,,,
3495,111878482,Бизнес-аналитик,https://api.hh.ru/vacancies/111878482?host=hh.ru,['Бизнес-аналитик'],90000.0,130000.0,RUR,False
3496,114013216,Продуктовый аналитик,https://api.hh.ru/vacancies/114013216?host=hh.ru,['Продуктовый аналитик'],,,,
3497,111961802,Бизнес-аналитик,https://api.hh.ru/vacancies/111961802?host=hh.ru,"['Программист, разработчик']",,,,
3498,112024646,Бизнес-Аналитик (NAV),https://api.hh.ru/vacancies/112024646?host=hh.ru,['Бизнес-аналитик'],,,,
3499,107011364,Продуктовый дизайнер,https://api.hh.ru/vacancies/107011364?host=hh.ru,"['Дизайнер, художник']",,,,
3500,112349878,Владелец продукта (страхование),https://api.hh.ru/vacancies/112349878?host=hh.ru,"['Финансовый аналитик, инвестиционный аналитик']",,,,
3501,112424302,Бизнес-аналитик в CIB,https://api.hh.ru/vacancies/112424302?host=hh.ru,['Бизнес-аналитик'],,,,
3502,113718810,Middle аналитик (гибрид),https://api.hh.ru/vacancies/113718810?host=hh.ru,['Бизнес-аналитик'],,,,
3503,107594405,Lead бизнес/системных аналитиков,https://api.hh.ru/vacancies/107594405?host=hh.ru,['Руководитель отдела аналитики'],,350000.0,RUR,True
3504,112146993,Координатор IT сервисов/Бизнес-аналитик,https://api.hh.ru/vacancies/112146993?host=hh.ru,['Менеджер продукта'],,,,
3505,112602204,Экономист,https://api.hh.ru/vacancies/112602204?host=hh.ru,['Экономист'],130000.0,,RUR,False
3506,109451717,"Senior Python разработчик с интересом к рынку облигаций (удаленно, РФ)",https://api.hh.ru/vacancies/109451717?host=hh.ru,"['Программист, разработчик']",,,,
3507,110132048,Бизнес-аналитик (корпоративный блок) в Банк,https://api.hh.ru/vacancies/110132048?host=hh.ru,['Аналитик'],200000.0,,RUR,False
3508,109821229,Бизнес-аналитик HR-Tech (развитие цифровых сервисов),https://api.hh.ru/vacancies/109821229?host=hh.ru,['Бизнес-аналитик'],,,,
3509,111997893,Бизнес-аналитик / Business Analyst,https://api.hh.ru/vacancies/111997893?host=hh.ru,['Бизнес-аналитик'],,,,
3510,112339208,"Старший системный аналитик (Логистика, Системы оперирования точкой ПВЗ)",https://api.hh.ru/vacancies/112339208?host=hh.ru,['Системный аналитик'],,,,
3511,114171599,Бизнес-аналитик,https://api.hh.ru/vacancies/114171599?host=hh.ru,['Бизнес-аналитик'],,,,
3512,114559826,Бизнес/системный аналитик (склад/производство),https://api.hh.ru/vacancies/114559826?host=hh.ru,['Системный аналитик'],,,,
3513,112470255,Менеджер по автоматизации аналитики,https://api.hh.ru/vacancies/112470255?host=hh.ru,"['BI-аналитик, аналитик данных']",160000.0,160000.0,RUR,True
3514,106017524,Бизнес-аналитик,https://api.hh.ru/vacancies/106017524?host=hh.ru,['Бизнес-аналитик'],,,,
3515,112728818,Руководитель направления аналитики,https://api.hh.ru/vacancies/112728818?host=hh.ru,['Руководитель отдела аналитики'],,,,
3516,107657976,Процессный бизнес-аналитик,https://api.hh.ru/vacancies/107657976?host=hh.ru,['Бизнес-аналитик'],,,,
3517,112136995,Бизнес-аналитик,https://api.hh.ru/vacancies/112136995?host=hh.ru,['Бизнес-аналитик'],,150000.0,RUR,False
3518,113025549,Бизнес-аналитик,https://api.hh.ru/vacancies/113025549?host=hh.ru,['Бизнес-аналитик'],,,,
3519,112355072,Senior Business Analyst,https://api.hh.ru/vacancies/112355072?host=hh.ru,['Системный аналитик'],,,,
3520,109305412,Бизнес-аналитик,https://api.hh.ru/vacancies/109305412?host=hh.ru,['Бизнес-аналитик'],,,,
3521,110297567,Бизнес-аналитик (цифровые финансовые активы),https://api.hh.ru/vacancies/110297567?host=hh.ru,['Бизнес-аналитик'],,,,
3522,111902535,Администратор корпоративных ИТ-проектов,https://api.hh.ru/vacancies/111902535?host=hh.ru,['Руководитель проектов'],,,,
3523,106800597,Аналитик в команду Yandex Cloud,https://api.hh.ru/vacancies/106800597?host=hh.ru,"['BI-аналитик, аналитик данных']",,,,
3524,111439524,Бизнес-аналитик,https://api.hh.ru/vacancies/111439524?host=hh.ru,['Аналитик'],,,,
3525,112872879,Главный системный аналитик (СЭД),https://api.hh.ru/vacancies/112872879?host=hh.ru,['Системный аналитик'],,,,
3526,113136341,Разработчик 1С (удалённо),https://api.hh.ru/vacancies/113136341?host=hh.ru,"['Программист, разработчик']",180000.0,300000.0,RUR,False
3527,112289116,CRM-маркетолог/Email-маркетолог,https://api.hh.ru/vacancies/112289116?host=hh.ru,"['Менеджер по маркетингу, интернет-маркетолог']",,150000.0,RUR,False
3528,113133157,IT Бизнес-аналитик,https://api.hh.ru/vacancies/113133157?host=hh.ru,['Бизнес-аналитик'],,200000.0,RUR,False
3529,101421803,"Финансовый бизнес-аналитик, аналитик данных",https://api.hh.ru/vacancies/101421803?host=hh.ru,"['Финансовый аналитик, инвестиционный аналитик']",,,,
3530,109454977,Менеджер IT-проектов,https://api.hh.ru/vacancies/109454977?host=hh.ru,['Руководитель проектов'],,,,
3531,112880302,Бизнес-аналитик,https://api.hh.ru/vacancies/112880302?host=hh.ru,['Другое'],,,,
3532,111319291,Бизнес-аналитик,https://api.hh.ru/vacancies/111319291?host=hh.ru,['Бизнес-аналитик'],,,,
3533,114558917,Специалист-консультант 1C: ERP,https://api.hh.ru/vacancies/114558917?host=hh.ru,['Специалист технической поддержки'],,,,
3534,108514438,"Старший системный аналитик, ERP и учетные системы",https://api.hh.ru/vacancies/108514438?host=hh.ru,['Системный аналитик'],,,,
3535,113757405,"Бизнес-Аналитик в Казначейство (направление ""Управление Капиталом"")",https://api.hh.ru/vacancies/113757405?host=hh.ru,['Бизнес-аналитик'],,,,
3536,114553670,Ведущий/старший разработчик 1С,https://api.hh.ru/vacancies/114553670?host=hh.ru,"['Программист, разработчик']",,,,
3537,109461946,Бизнес-аналитик (WEB),https://api.hh.ru/vacancies/109461946?host=hh.ru,['Аналитик'],,,,
3538,107574774,Бизнес-аналитик,https://api.hh.ru/vacancies/107574774?host=hh.ru,['Бизнес-аналитик'],,,,
3539,111411180,Бизнес-аналитик (м. Дубровка),https://api.hh.ru/vacancies/111411180?host=hh.ru,['Бизнес-аналитик'],,,,
3540,111534936,Аналитик системный,https://api.hh.ru/vacancies/111534936?host=hh.ru,['Системный аналитик'],160000.0,280000.0,RUR,False
3541,112050270,Бизнес-аналитик (Project manager),https://api.hh.ru/vacancies/112050270?host=hh.ru,['Бизнес-аналитик'],,,,
3542,104388707,Бизнес-аналитик команды Кредитные продукты и процессы,https://api.hh.ru/vacancies/104388707?host=hh.ru,['Менеджер продукта'],,,,
3543,108136731,Бизнес-аналитик команды пополнения,https://api.hh.ru/vacancies/108136731?host=hh.ru,['Аналитик'],,,,
3544,113267911,Бизнес-аналитик/ Владелец продукта,https://api.hh.ru/vacancies/113267911?host=hh.ru,['Бизнес-аналитик'],,,,
3545,111200874,Руководитель отдела разработки / Head of Development (Digital),https://api.hh.ru/vacancies/111200874?host=hh.ru,['Руководитель группы разработки'],,,,
3546,110301220,Бизнес-аналитик,https://api.hh.ru/vacancies/110301220?host=hh.ru,['Бизнес-аналитик'],,,,
3547,108664988,Бизнес-аналитик (проекты по разработке сайта и мобильного приложения),https://api.hh.ru/vacancies/108664988?host=hh.ru,['Бизнес-аналитик'],,,,
3548,108738125,Бизнес-аналитик департамента ИТ,https://api.hh.ru/vacancies/108738125?host=hh.ru,['Аналитик'],,,,
3549,109858207,Ведущий системный аналитик (Финтех),https://api.hh.ru/vacancies/109858207?host=hh.ru,['Аналитик'],350000.0,,RUR,False
3550,111977353,Project/Аккаунт менеджер,https://api.hh.ru/vacancies/111977353?host=hh.ru,"['Менеджер по продажам, менеджер по работе с клиентами']",90000.0,160000.0,RUR,True
3551,112411116,Бизнес-аналитик 1С,https://api.hh.ru/vacancies/112411116?host=hh.ru,['Аналитик'],,,,
3552,108330763,Бизнес Аналитик (Культура и Туризм),https://api.hh.ru/vacancies/108330763?host=hh.ru,['Бизнес-аналитик'],,,,
3553,112746054,Бизнес-аналитик по отчетности,https://api.hh.ru/vacancies/112746054?host=hh.ru,['Бизнес-аналитик'],,,,
3554,113296966,Data Scientist,https://api.hh.ru/vacancies/113296966?host=hh.ru,['Аналитик'],,,,
3555,114159920,Бизнес-Аналитик отдела продаж,https://api.hh.ru/vacancies/114159920?host=hh.ru,['Другое'],,122000.0,RUR,True
3556,112846438,Бизнес-аналитик,https://api.hh.ru/vacancies/112846438?host=hh.ru,['Бизнес-аналитик'],,,,
3557,111969949,Fullstack аналитик в команду SMT,https://api.hh.ru/vacancies/111969949?host=hh.ru,['Системный аналитик'],,,,
3558,109854325,Бизнес-системный аналитик,https://api.hh.ru/vacancies/109854325?host=hh.ru,['Бизнес-аналитик'],,,,
3559,111494365,Бизнес аналитик (цифровизация),https://api.hh.ru/vacancies/111494365?host=hh.ru,['Бизнес-аналитик'],,,,
3560,112051035,Бизнес-аналитик,https://api.hh.ru/vacancies/112051035?host=hh.ru,['Бизнес-аналитик'],,,,
3561,112183763,Бизнес-аналитик в IT- компанию,https://api.hh.ru/vacancies/112183763?host=hh.ru,['Бизнес-аналитик'],,,,
3562,114287234,Системный аналитик online систем (г. Пушкино),https://api.hh.ru/vacancies/114287234?host=hh.ru,['Системный аналитик'],,,,
3563,113707360,Senior Системный аналитик,https://api.hh.ru/vacancies/113707360?host=hh.ru,['Системный аналитик'],,,,
3564,114296831,Специалист / Главный специалист производственными процессам,https://api.hh.ru/vacancies/114296831?host=hh.ru,['Бизнес-аналитик'],,,,
3565,101286644,Главный специалист по развитию и цифровизации контактного центра,https://api.hh.ru/vacancies/101286644?host=hh.ru,['Аналитик'],,234000.0,RUR,True
3566,112348360,Бизнес-аналитик,https://api.hh.ru/vacancies/112348360?host=hh.ru,['Бизнес-аналитик'],180000.0,220000.0,RUR,False
3567,114174418,Продуктовый аналитик (middle+),https://api.hh.ru/vacancies/114174418?host=hh.ru,['Продуктовый аналитик'],200000.0,,RUR,False
3568,113876111,Бизнес-аналитик BI систем (проекты внедрения),https://api.hh.ru/vacancies/113876111?host=hh.ru,"['BI-аналитик, аналитик данных']",,,,
3569,111653370,Бизнес-аналитик ИТ-систем (СЭД),https://api.hh.ru/vacancies/111653370?host=hh.ru,['Бизнес-аналитик'],80000.0,,RUR,False
3570,112054016,Аналитик баз данных и бизнес-аналитики,https://api.hh.ru/vacancies/112054016?host=hh.ru,"['BI-аналитик, аналитик данных']",,,,
3571,114189113,Бизнес-аналитик 1С (Оперативный учёт),https://api.hh.ru/vacancies/114189113?host=hh.ru,['Аналитик'],200000.0,,RUR,False
3572,106671661,Разработчик (Java/Groovy),https://api.hh.ru/vacancies/106671661?host=hh.ru,"['Программист, разработчик']",,,,
3573,113876364,Senior fullstack analyst,https://api.hh.ru/vacancies/113876364?host=hh.ru,"['Программист, разработчик']",,350000.0,RUR,False
3574,110987153,Консультант-стажер по работе с ERP-системой Oracle,https://api.hh.ru/vacancies/110987153?host=hh.ru,['Методолог'],,,,
3575,113743389,Руководитель проектов инфраструктуры цифровых продаж,https://api.hh.ru/vacancies/113743389?host=hh.ru,['Руководитель проектов'],,,,
3576,108387155,Бизнес аналитик на финтех проект,https://api.hh.ru/vacancies/108387155?host=hh.ru,['Бизнес-аналитик'],,350000.0,RUR,False
3577,110908279,Ведущий бизнес-аналитик (развитие внутренних банковских систем),https://api.hh.ru/vacancies/110908279?host=hh.ru,['Бизнес-аналитик'],,,,
3578,112696855,"Owner service-team ""Данные""/Архитектор данных",https://api.hh.ru/vacancies/112696855?host=hh.ru,"['BI-аналитик, аналитик данных']",,,,
3579,110967130,"Backend-разработчик (Docker, .NET, C#), группа Разработки приложений",https://api.hh.ru/vacancies/110967130?host=hh.ru,"['Программист, разработчик']",,,,
3580,112965738,Руководитель отдела бизнес и системного анализа,https://api.hh.ru/vacancies/112965738?host=hh.ru,['Руководитель отдела аналитики'],,,,
3581,110318973,"Бизнес-аналитик НСИ, ERP и учетные системы",https://api.hh.ru/vacancies/110318973?host=hh.ru,['Бизнес-аналитик'],,,,
3582,111873917,Бизнес-аналитик (автоматизация бизнес-процессов),https://api.hh.ru/vacancies/111873917?host=hh.ru,['Бизнес-аналитик'],170000.0,220000.0,RUR,False
3583,112714056,Бизнес-аналитик (банк),https://api.hh.ru/vacancies/112714056?host=hh.ru,['Бизнес-аналитик'],,,,
3584,106760495,Бизнес-аналитик (Москва),https://api.hh.ru/vacancies/106760495?host=hh.ru,['Бизнес-аналитик'],,,,
3585,107650317,Системный аналитик (System analyst),https://api.hh.ru/vacancies/107650317?host=hh.ru,['Системный аналитик'],,350000.0,RUR,True
3586,107725544,Бизнес-аналитик по планированию,https://api.hh.ru/vacancies/107725544?host=hh.ru,['Бизнес-аналитик'],,,,
3587,114014864,Руководитель склада Фулфилмент,https://api.hh.ru/vacancies/114014864?host=hh.ru,['Начальник склада'],100000.0,,RUR,False
3588,112614771,System Analyst (Kaspersky Security для Бизнеса),https://api.hh.ru/vacancies/112614771?host=hh.ru,['Системный аналитик'],,,,
3589,112786110,Project manager (IT)/Руководитель проекта (ИТ),https://api.hh.ru/vacancies/112786110?host=hh.ru,['Руководитель проектов'],,,,
3590,109308632,Системный аналитик,https://api.hh.ru/vacancies/109308632?host=hh.ru,['Системный аналитик'],220000.0,,RUR,False
3591,111972155,Project Manager (IT),https://api.hh.ru/vacancies/111972155?host=hh.ru,['Руководитель проектов'],,,,
3592,112414708,Бизнес-аналитик,https://api.hh.ru/vacancies/112414708?host=hh.ru,['Бизнес-аналитик'],,,,
3593,112775912,Программист разработчик 1C,https://api.hh.ru/vacancies/112775912?host=hh.ru,"['Программист, разработчик']",,,,
3594,111806148,Бизнес-аналитик,https://api.hh.ru/vacancies/111806148?host=hh.ru,['Бизнес-аналитик'],,,,
3595,113124953,Бизнес-аналитик,https://api.hh.ru/vacancies/113124953?host=hh.ru,['Бизнес-аналитик'],,,,
3596,113270595,Эксперт (Lead Бизнес-аналитик),https://api.hh.ru/vacancies/113270595?host=hh.ru,"['BI-аналитик, аналитик данных']",,,,
3597,108516444,Менеджер проектов CRM,https://api.hh.ru/vacancies/108516444?host=hh.ru,"['BI-аналитик, аналитик данных']",,,,
3598,112880438,Системный \ Бизнес Аналитик SAP,https://api.hh.ru/vacancies/112880438?host=hh.ru,['Аналитик'],70000.0,120000.0,RUR,True
3599,109971578,Бизнес-аналитик WMS-систем,https://api.hh.ru/vacancies/109971578?host=hh.ru,['Аналитик'],,,,
3600,113279157,"Бизнес-аналитик МФО (Управление ""Альтернативное кредитование"")",https://api.hh.ru/vacancies/113279157?host=hh.ru,['Комплаенс-менеджер'],,,,
3601,112843232,Менеджер по запуску проектов (цифровизация документационных процессов),https://api.hh.ru/vacancies/112843232?host=hh.ru,['Руководитель проектов'],,,,
3602,107036317,Консультант 1С,https://api.hh.ru/vacancies/107036317?host=hh.ru,['Другое'],180000.0,180000.0,RUR,False
3603,113000618,Бизнес-аналитик (Индустриальные проекты),https://api.hh.ru/vacancies/113000618?host=hh.ru,['Бизнес-аналитик'],,,,
3604,113298709,Бизнес-аналитик (бизнес-процессы),https://api.hh.ru/vacancies/113298709?host=hh.ru,['Бизнес-аналитик'],,135000.0,RUR,True
3605,109448105,Бизнес-аналитик (продуктовая команда),https://api.hh.ru/vacancies/109448105?host=hh.ru,['Бизнес-аналитик'],,,,
3606,112623988,Data Engineer,https://api.hh.ru/vacancies/112623988?host=hh.ru,['Аналитик'],,,,
3607,108787104,Бизнес-аналитик,https://api.hh.ru/vacancies/108787104?host=hh.ru,['Бизнес-аналитик'],,,,
3608,112050431,Руководитель направления бизнес-анализа (Big Data),https://api.hh.ru/vacancies/112050431?host=hh.ru,['Руководитель отдела аналитики'],,,,
3609,112700453,"Руководитель проектов (проектный офис ИФК ""Солид"")",https://api.hh.ru/vacancies/112700453?host=hh.ru,['Руководитель проектов'],,,,
3610,112069492,Аналитик бизнес процессов,https://api.hh.ru/vacancies/112069492?host=hh.ru,['Бизнес-аналитик'],,,,
3611,114050156,Системный аналитик (системы управления персоналом),https://api.hh.ru/vacancies/114050156?host=hh.ru,['Системный аналитик'],,,,
3612,111938341,Бизнес-аналитик (Россия),https://api.hh.ru/vacancies/111938341?host=hh.ru,['Бизнес-аналитик'],,,,
3613,112852577,Системный аналитик/Технолог,https://api.hh.ru/vacancies/112852577?host=hh.ru,['Системный аналитик'],,,,
3614,114059227,SAP ABAP разработчик (junior),https://api.hh.ru/vacancies/114059227?host=hh.ru,['Методолог'],70000.0,,RUR,True
3615,113324923,Бизнес-аналитик,https://api.hh.ru/vacancies/113324923?host=hh.ru,['Бизнес-аналитик'],,,,
3616,112776987,Менеджер по развитию бизнеса (HRTech/EdTech),https://api.hh.ru/vacancies/112776987?host=hh.ru,"['Менеджер по продажам, менеджер по работе с клиентами']",150000.0,,RUR,False
3617,112954295,Бизнес - Аналитик (автозапчасти),https://api.hh.ru/vacancies/112954295?host=hh.ru,['Бизнес-аналитик'],200000.0,250000.0,RUR,False
3618,107322769,Бизнес-аналитик,https://api.hh.ru/vacancies/107322769?host=hh.ru,['Аналитик'],,,,
3619,110621037,"Product designer / Дизайнер продукта в кластер ""Аутентификация"" в Департамент цифрового бизнеса",https://api.hh.ru/vacancies/110621037?host=hh.ru,['Другое'],,,,
3620,113718777,Ведущий бизнес аналитик (Центр сервиcной организации),https://api.hh.ru/vacancies/113718777?host=hh.ru,['Бизнес-аналитик'],,,,
3621,112350492,Midlle Project manager,https://api.hh.ru/vacancies/112350492?host=hh.ru,['Руководитель проектов'],100000.0,,RUR,False
3622,106578451,Бизнес-аналитик BI в ИТ Инфраструктуру,https://api.hh.ru/vacancies/106578451?host=hh.ru,"['BI-аналитик, аналитик данных']",,,,
3623,111592842,Бизнес-аналитик 1С,https://api.hh.ru/vacancies/111592842?host=hh.ru,['Бизнес-аналитик'],250000.0,250000.0,RUR,False
3624,111964087,Бизнес-аналитик,https://api.hh.ru/vacancies/111964087?host=hh.ru,['Бизнес-аналитик'],,,,
3625,114020305,"Бизнес-аналитик (Стрим ""Ипотечное кредитование"")",https://api.hh.ru/vacancies/114020305?host=hh.ru,['Бизнес-аналитик'],,,,
3626,114185613,Customer Journey Expert/CJE,https://api.hh.ru/vacancies/114185613?host=hh.ru,['Другое'],,,,
3627,112443395,Ведущий бизнес-аналитик (Направление по технологиям обработки категорийных цепочек поставок),https://api.hh.ru/vacancies/112443395?host=hh.ru,['Бизнес-аналитик'],,,,
3628,113284500,Системный аналитик,https://api.hh.ru/vacancies/113284500?host=hh.ru,['Системный аналитик'],,,,
3629,112839923,Ведущий аналитик (закупки и снабжение),https://api.hh.ru/vacancies/112839923?host=hh.ru,['Аналитик'],,,,
3630,111523286,Бизнес-аналитик,https://api.hh.ru/vacancies/111523286?host=hh.ru,['Аналитик'],,,,
3631,111870397,Экономист-аналитик,https://api.hh.ru/vacancies/111870397?host=hh.ru,['Экономист'],130000.0,,RUR,True
3632,113852126,Руководитель группы показателей складской и транспортной логистики,https://api.hh.ru/vacancies/113852126?host=hh.ru,['Руководитель отдела логистики'],,,,
3633,112537606,Бизнес-аналитик 1С Документооборот 3.0/Москва,https://api.hh.ru/vacancies/112537606?host=hh.ru,['Аналитик'],,,,
3634,112531111,Бизнес-аналитик,https://api.hh.ru/vacancies/112531111?host=hh.ru,['Бизнес-аналитик'],,,,
3635,112053230,Тренер (финансово экономическое направление ),https://api.hh.ru/vacancies/112053230?host=hh.ru,['Экономист'],,,,
3636,108832324,"Project/Product manager (ПИФы, ДУ)",https://api.hh.ru/vacancies/108832324?host=hh.ru,['Менеджер продукта'],,,,
3637,109279620,Бизнес-аналитик по процессам,https://api.hh.ru/vacancies/109279620?host=hh.ru,['Бизнес-аналитик'],,,,
3638,112624899,Бизнес-аналитик,https://api.hh.ru/vacancies/112624899?host=hh.ru,['Бизнес-аналитик'],,,,
3639,112289114,ML Engineer,https://api.hh.ru/vacancies/112289114?host=hh.ru,['Дата-сайентист'],,,,
3640,112842469,"Специалист по анализу данных (базы данных, ETL, отчетность)",https://api.hh.ru/vacancies/112842469?host=hh.ru,"['BI-аналитик, аналитик данных']",,,,
3641,113711388,Системный аналитик middle,https://api.hh.ru/vacancies/113711388?host=hh.ru,['Системный аналитик'],,,,
3642,112725228,Cтажер/младший консультант по внедрению ERP,https://api.hh.ru/vacancies/112725228?host=hh.ru,['Бизнес-аналитик'],,,,
3643,112437469,Бизнес-Аналитик ELMA,https://api.hh.ru/vacancies/112437469?host=hh.ru,['Бизнес-аналитик'],,,,
3644,112501667,Бизнес-аналитик,https://api.hh.ru/vacancies/112501667?host=hh.ru,['Бизнес-аналитик'],200000.0,,RUR,True
3645,112338838,Бизнес-аналитик,https://api.hh.ru/vacancies/112338838?host=hh.ru,['Бизнес-аналитик'],,,,
3646,112570236,Руководитель отдела корпоративной отчетности и финансового контроля,https://api.hh.ru/vacancies/112570236?host=hh.ru,['Финансовый менеджер'],,,,
3647,111315187,Бизнес-аналитик CRM (м.Автозаводская),https://api.hh.ru/vacancies/111315187?host=hh.ru,['Бизнес-аналитик'],,,,
3648,112673256,Бизнес-аналитик,https://api.hh.ru/vacancies/112673256?host=hh.ru,['Бизнес-аналитик'],,,,
3649,114304001,System Analyst (Kaspersky Security для Бизнеса),https://api.hh.ru/vacancies/114304001?host=hh.ru,['Системный аналитик'],,,,
3650,112513526,Бизнес-аналитик в компанию Кофемания,https://api.hh.ru/vacancies/112513526?host=hh.ru,['Бизнес-аналитик'],,,,
3651,112713770,Бизнес-аналитик,https://api.hh.ru/vacancies/112713770?host=hh.ru,['Бизнес-аналитик'],,140000.0,RUR,True
3652,112143255,Бизнес-аналитик,https://api.hh.ru/vacancies/112143255?host=hh.ru,['Аналитик'],,,,
3653,112496957,Старший Java-разработчик (Jakarta EE),https://api.hh.ru/vacancies/112496957?host=hh.ru,"['Программист, разработчик']",400000.0,,RUR,False
3654,114559677,Руководитель службы поддержки 1С ЗУП (Тимлид),https://api.hh.ru/vacancies/114559677?host=hh.ru,['Руководитель группы разработки'],325000.0,325000.0,RUR,False
3655,108412771,Бизнес-аналитик Центра контроля и развития процессов,https://api.hh.ru/vacancies/108412771?host=hh.ru,['Другое'],,,,
3656,109572817,Бизнес-аналитик по брокерским операциям,https://api.hh.ru/vacancies/109572817?host=hh.ru,['Бизнес-аналитик'],,,,
3657,113322698,Главный бизнес-аналитик команды кросс-функциональных изменений,https://api.hh.ru/vacancies/113322698?host=hh.ru,['Другое'],,,,
3658,114305962,"Эксперт по маркетинговым исследованиям (B2B, отраслевой анализ)",https://api.hh.ru/vacancies/114305962?host=hh.ru,['Маркетолог-аналитик'],,,,
3659,110098566,Middle+ PHP-разработчик (Laravel),https://api.hh.ru/vacancies/110098566?host=hh.ru,"['Программист, разработчик']",190000.0,,RUR,False
3660,110262318,Бизнес-аналитик,https://api.hh.ru/vacancies/110262318?host=hh.ru,"['Финансовый аналитик, инвестиционный аналитик']",150000.0,,RUR,True
3661,111778161,Руководитель поддержки,https://api.hh.ru/vacancies/111778161?host=hh.ru,['Специалист технической поддержки'],150000.0,,RUR,False
3662,112784400,Senior Project manager,https://api.hh.ru/vacancies/112784400?host=hh.ru,['Руководитель проектов'],,200000.0,RUR,False
3663,113041906,Директор по персоналу (HRD)/HRBP,https://api.hh.ru/vacancies/113041906?host=hh.ru,['Директор по персоналу (HRD)'],206000.0,336000.0,RUR,False
3664,114185807,Ведущий системный аналитик 1С (POS),https://api.hh.ru/vacancies/114185807?host=hh.ru,['Системный аналитик'],,,,
3665,110981043,Бизнес-аналитик (автоматизация и цифровизация бизнес-процессов),https://api.hh.ru/vacancies/110981043?host=hh.ru,['Бизнес-аналитик'],,,,
3666,112304176,Разработчик систем отчетности,https://api.hh.ru/vacancies/112304176?host=hh.ru,"['Программист, разработчик']",,,,
3667,104420590,Аналитик данных по транспортной логистике,https://api.hh.ru/vacancies/104420590?host=hh.ru,['Аналитик'],,115000.0,RUR,False
3668,112054066,Бизнес-аналитик,https://api.hh.ru/vacancies/112054066?host=hh.ru,['Бизнес-аналитик'],,,,
3669,112629965,Системный аналитик / Бизнес аналитик / Аналитик DWH по хранилищам данных,https://api.hh.ru/vacancies/112629965?host=hh.ru,['Аналитик'],,,,
3670,112645758,Methodologist,https://api.hh.ru/vacancies/112645758?host=hh.ru,['Методолог'],,,,
3671,110621094,Бизнес-аналитик в кластер аутентификация департамент цифрового бизнеса,https://api.hh.ru/vacancies/110621094?host=hh.ru,['Бизнес-аналитик'],,,,
3672,112952703,Бизнес-аналитик 1С,https://api.hh.ru/vacancies/112952703?host=hh.ru,['Бизнес-аналитик'],150000.0,150000.0,RUR,False
3673,108430963,Бизнес-аналитик,https://api.hh.ru/vacancies/108430963?host=hh.ru,['Аналитик'],,190000.0,RUR,False
3674,111744196,Бизнес-аналитик (гибридный формат работы),https://api.hh.ru/vacancies/111744196?host=hh.ru,['Бизнес-аналитик'],,,,
3675,113147270,Бизнес-аналитик 1С:ERP,https://api.hh.ru/vacancies/113147270?host=hh.ru,['Бизнес-аналитик'],180000.0,220000.0,RUR,False
3676,108686502,Senior/Middle+Backend Java developer,https://api.hh.ru/vacancies/108686502?host=hh.ru,"['Программист, разработчик']",,,,
3677,112395574,Бизнес-аналитик (Lean менеджер),https://api.hh.ru/vacancies/112395574?host=hh.ru,['Бизнес-аналитик'],,,,
3678,113153280,Бизнес-аналитик по ведению данных (SAP),https://api.hh.ru/vacancies/113153280?host=hh.ru,"['BI-аналитик, аналитик данных']",,,,
3679,108625335,Бизнес-аналитик,https://api.hh.ru/vacancies/108625335?host=hh.ru,['Бизнес-аналитик'],,,,
3680,109295841,Системный аналитик (1С),https://api.hh.ru/vacancies/109295841?host=hh.ru,['Системный аналитик'],,,,
3681,111890415,Главный бизнес-аналитик разработки аналитических решений,https://api.hh.ru/vacancies/111890415?host=hh.ru,['Бизнес-аналитик'],,,,
3682,110421459,Бизнес-аналитик,https://api.hh.ru/vacancies/110421459?host=hh.ru,['Аналитик'],,,,
3683,112662259,Бизнес-аналитик (бережливое производство),https://api.hh.ru/vacancies/112662259?host=hh.ru,['Бизнес-аналитик'],,,,
3684,114555299,Архитектор 1С / Руководитель отдела код-ревью,https://api.hh.ru/vacancies/114555299?host=hh.ru,['Руководитель группы разработки'],300000.0,,RUR,False
3685,106009571,Бизнес-аналитик (фармацевтическая компания),https://api.hh.ru/vacancies/106009571?host=hh.ru,['Бизнес-аналитик'],,,,
3686,109238674,Системный аналитик (СберИнвестор),https://api.hh.ru/vacancies/109238674?host=hh.ru,['Аналитик'],,,,
3687,111774538,Руководитель отдела развития информационных систем,https://api.hh.ru/vacancies/111774538?host=hh.ru,['Менеджер продукта'],,,,
3688,112748640,Бизнес-аналитик/Системный аналитик,https://api.hh.ru/vacancies/112748640?host=hh.ru,['Аналитик'],,,,
3689,108396966,Разработчик C#,https://api.hh.ru/vacancies/108396966?host=hh.ru,"['Программист, разработчик']",250000.0,,RUR,False
3690,105723113,Customer Journey Expert в ВТБ Онлайн,https://api.hh.ru/vacancies/105723113?host=hh.ru,['Бизнес-аналитик'],,,,
3691,110287316,Бизнес-аналитик Управления страховых проектов,https://api.hh.ru/vacancies/110287316?host=hh.ru,['Бизнес-аналитик'],,,,
3692,112576403,Аналитик данных/Бизнес-Аналитик,https://api.hh.ru/vacancies/112576403?host=hh.ru,"['BI-аналитик, аналитик данных']",145000.0,170000.0,RUR,True
3693,108161201,Менеджер продукта,https://api.hh.ru/vacancies/108161201?host=hh.ru,['Менеджер продукта'],,,,
3694,110332242,Системный/бизнес аналитик (английский С1),https://api.hh.ru/vacancies/110332242?host=hh.ru,['Системный аналитик'],,,,
3695,110973997,Бизнес-аналитик HR,https://api.hh.ru/vacancies/110973997?host=hh.ru,['Другое'],,,,
3696,111055691,Бизнес-аналитик в CIB,https://api.hh.ru/vacancies/111055691?host=hh.ru,['Бизнес-аналитик'],,,,
3697,113110325,Бизнес аналитик,https://api.hh.ru/vacancies/113110325?host=hh.ru,['Бизнес-аналитик'],,,,
3698,87658201,Бизнес-аналитик,https://api.hh.ru/vacancies/87658201?host=hh.ru,['Бизнес-аналитик'],,,,
3699,111458232,Бизнес-аналитик,https://api.hh.ru/vacancies/111458232?host=hh.ru,['Бизнес-аналитик'],80000.0,150000.0,RUR,False
3700,112027112,Бизнес-аналитик (FinTech),https://api.hh.ru/vacancies/112027112?host=hh.ru,['Бизнес-аналитик'],,,,
3701,112875870,Бизнес-аналитик (стажёр),https://api.hh.ru/vacancies/112875870?host=hh.ru,['Бизнес-аналитик'],,,,
3702,112843837,Бизнес-аналитик (oCRM и ДБО),https://api.hh.ru/vacancies/112843837?host=hh.ru,['Бизнес-аналитик'],,,,
3703,108020172,Аналитик в отдел организации судебных взысканий,https://api.hh.ru/vacancies/108020172?host=hh.ru,['Андеррайтер'],,,,
3704,112134843,Менеджер по продажам сложных ИТ-решений,https://api.hh.ru/vacancies/112134843?host=hh.ru,"['Менеджер по продажам, менеджер по работе с клиентами']",150000.0,300000.0,RUR,False
3705,113012173,Бизнес-аналитик (IT),https://api.hh.ru/vacancies/113012173?host=hh.ru,['Бизнес-аналитик'],,,,
3706,113015142,Менеджер по работе с партнерами (IT),https://api.hh.ru/vacancies/113015142?host=hh.ru,['Менеджер по работе с партнерами'],200000.0,,RUR,True
3707,112773210,Финансовый аналитик (B2C),https://api.hh.ru/vacancies/112773210?host=hh.ru,"['Финансовый аналитик, инвестиционный аналитик']",,,,
3708,111947843,Экономист-аналитик,https://api.hh.ru/vacancies/111947843?host=hh.ru,['Экономист'],130000.0,,RUR,True
3709,108384906,Бизнес/системный аналитик (DataNewton),https://api.hh.ru/vacancies/108384906?host=hh.ru,['Системный аналитик'],150000.0,250000.0,RUR,False
3710,113756508,Бизнес-аналитик,https://api.hh.ru/vacancies/113756508?host=hh.ru,['Бизнес-аналитик'],,,,
3711,109309821,"Стажер/Консультант, Группа Цифровые финансы (HR направление)",https://api.hh.ru/vacancies/109309821?host=hh.ru,['Аналитик'],,,,
3712,114555311,Ведущий программист 1C: Управление холдингом,https://api.hh.ru/vacancies/114555311?host=hh.ru,"['Программист, разработчик']",,,,
3713,110967129,"Backend-разработчик (Docker, .NET, C#), группа Разработки приложений",https://api.hh.ru/vacancies/110967129?host=hh.ru,"['Программист, разработчик']",,,,
3714,111959272,Бизнес-аналитик,https://api.hh.ru/vacancies/111959272?host=hh.ru,['Продуктовый аналитик'],,,,
3715,111609702,Бизнес-аналитик 1С ERP,https://api.hh.ru/vacancies/111609702?host=hh.ru,['Бизнес-аналитик'],,,,
3716,111890520,Аналитик / Ведущий аналитик,https://api.hh.ru/vacancies/111890520?host=hh.ru,['Аналитик'],,,,
3717,111867291,Системный аналитик в стрим Кредиты,https://api.hh.ru/vacancies/111867291?host=hh.ru,['Системный аналитик'],,,,
3718,112581068,Бизнес/Системный аналитик (финтех),https://api.hh.ru/vacancies/112581068?host=hh.ru,['Бизнес-аналитик'],,350000.0,RUR,False
3719,113029881,Бизнес-аналитик,https://api.hh.ru/vacancies/113029881?host=hh.ru,['Бизнес-аналитик'],,,,
3720,112873443,Управляющий эксперт по корпоративным коммуникациям,https://api.hh.ru/vacancies/112873443?host=hh.ru,['Другое'],,,,
3721,108335000,Аналитик,https://api.hh.ru/vacancies/108335000?host=hh.ru,['Специалист технической поддержки'],,,,
3722,107187442,Ведущий бизнес-аналитик,https://api.hh.ru/vacancies/107187442?host=hh.ru,['Бизнес-аналитик'],300000.0,,RUR,False
3723,109306512,Старший аналитик данных,https://api.hh.ru/vacancies/109306512?host=hh.ru,['Аналитик'],,,,
3724,111312254,Бизнес аналитик,https://api.hh.ru/vacancies/111312254?host=hh.ru,['Бизнес-аналитик'],180000.0,200000.0,RUR,False
3725,101604281,Бизнес-аналитик,https://api.hh.ru/vacancies/101604281?host=hh.ru,['Аналитик'],,,,
3726,112319698,SQL/T-SQL-разработчик,https://api.hh.ru/vacancies/112319698?host=hh.ru,"['BI-аналитик, аналитик данных']",,,,
3727,112536129,Старший бизнес-аналитик (направление бизнес - процессов),https://api.hh.ru/vacancies/112536129?host=hh.ru,['Бизнес-аналитик'],,,,
3728,111889861,Бизнес-аналитик (в команду Депозиты),https://api.hh.ru/vacancies/111889861?host=hh.ru,['Бизнес-аналитик'],,,,
3729,108811098,Бизнес аналитик (АСМ),https://api.hh.ru/vacancies/108811098?host=hh.ru,['Бизнес-аналитик'],,,,
3730,111902905,Методолог/Бизнес-аналитик (руководитель ЭДО),https://api.hh.ru/vacancies/111902905?host=hh.ru,['Методолог'],,,,
3731,113701584,Системный аналитик,https://api.hh.ru/vacancies/113701584?host=hh.ru,['Системный аналитик'],,,,
3732,111761612,Бизнес аналитик (с функциями менеджера проектов),https://api.hh.ru/vacancies/111761612?host=hh.ru,['Бизнес-аналитик'],,,,
3733,109966037,ИТ аудитор,https://api.hh.ru/vacancies/109966037?host=hh.ru,['Аудитор'],,,,
3734,110814568,Бизнес-аналитик закупок,https://api.hh.ru/vacancies/110814568?host=hh.ru,['Бизнес-аналитик'],,,,
3735,106764724,Менеджер по методологии,https://api.hh.ru/vacancies/106764724?host=hh.ru,['Администратор'],,,,
3736,113715578,Ведущий бизнес-аналитик 1С:ERP (блок Производство),https://api.hh.ru/vacancies/113715578?host=hh.ru,['Аналитик'],,,,
3737,109453719,Бизнес аналитик,https://api.hh.ru/vacancies/109453719?host=hh.ru,['Бизнес-аналитик'],,,,
3738,107824578,Бизнес-аналитик,https://api.hh.ru/vacancies/107824578?host=hh.ru,['Аналитик'],,,,
3739,109657756,Бизнес-аналитик департамента информационных технологий,https://api.hh.ru/vacancies/109657756?host=hh.ru,['Бизнес-аналитик'],,,,
3740,114282166,Бизнес аналитик/Проектный менеджер по развитию и сопровождению моделей оценки кредитного риска,https://api.hh.ru/vacancies/114282166?host=hh.ru,['Бизнес-аналитик'],,,,
3741,112057416,Data analyst (Almaty),https://api.hh.ru/vacancies/112057416?host=hh.ru,"['BI-аналитик, аналитик данных']",2500.0,,USD,False
3742,112315788,Project Management Lead (Martech),https://api.hh.ru/vacancies/112315788?host=hh.ru,['Руководитель группы разработки'],,,,
3743,112447993,Руководитель проектов 1С (бизнес-аналитик),https://api.hh.ru/vacancies/112447993?host=hh.ru,['Бизнес-аналитик'],,,,
3744,112861766,Бизнес-аналитик,https://api.hh.ru/vacancies/112861766?host=hh.ru,['Бизнес-аналитик'],,,,
3745,96244670,Бизнес-аналитик (кредитование юр лиц),https://api.hh.ru/vacancies/96244670?host=hh.ru,['Бизнес-аналитик'],,,,
3746,113274635,Главный эксперт по аналитике и отчетности,https://api.hh.ru/vacancies/113274635?host=hh.ru,"['BI-аналитик, аналитик данных']",,,,
3747,108073905,Бизнес-аналитик (фин. сервисы для ЮЛ),https://api.hh.ru/vacancies/108073905?host=hh.ru,['Бизнес-аналитик'],,,,
3748,111538766,Project Manager (Finance),https://api.hh.ru/vacancies/111538766?host=hh.ru,['Руководитель проектов'],,,,
3749,114120840,"Бизнес-аналитик 1С (ERP, УХ)",https://api.hh.ru/vacancies/114120840?host=hh.ru,['Аналитик'],,,,
3750,110659257,Бизнес-аналитик (УК),https://api.hh.ru/vacancies/110659257?host=hh.ru,['Бизнес-аналитик'],,,,
3751,114181971,Методолог проектного управления,https://api.hh.ru/vacancies/114181971?host=hh.ru,['Другое'],,,,
3752,112454813,Начинающий it-аудитор,https://api.hh.ru/vacancies/112454813?host=hh.ru,['Другое'],,,,
3753,112993074,Аналитик,https://api.hh.ru/vacancies/112993074?host=hh.ru,['Другое'],,,,
3754,108173636,Системный-бизнес аналитик (e-commerce),https://api.hh.ru/vacancies/108173636?host=hh.ru,['Бизнес-аналитик'],,,,
3755,110127339,Бизнес-аналитик,https://api.hh.ru/vacancies/110127339?host=hh.ru,['Бизнес-аналитик'],,,,
3756,111696882,Бизнес-аналитик (Команда РКО),https://api.hh.ru/vacancies/111696882?host=hh.ru,['Бизнес-аналитик'],,,,
3757,111980657,"Frontend Developer (Vue3, Middle)",https://api.hh.ru/vacancies/111980657?host=hh.ru,"['Программист, разработчик']",,250000.0,RUR,False
3758,113156220,Бизнес-аналитик,https://api.hh.ru/vacancies/113156220?host=hh.ru,['Бизнес-аналитик'],,,,
3759,112167097,Бизнес-аналитик,https://api.hh.ru/vacancies/112167097?host=hh.ru,['Бизнес-аналитик'],150000.0,150000.0,RUR,False
3760,110869421,Бизнес-аналитик (аналитик бизнес-процессов),https://api.hh.ru/vacancies/110869421?host=hh.ru,['Бизнес-аналитик'],,,,
3761,109534961,Бизнес-аналитик (специалист),https://api.hh.ru/vacancies/109534961?host=hh.ru,['Бизнес-аналитик'],,,,
3762,110384781,Бизнес аналитик (стрим Кредиты),https://api.hh.ru/vacancies/110384781?host=hh.ru,['Бизнес-аналитик'],,,,
3763,112548076,Бизнес-аналитик (Финансовый департамент),https://api.hh.ru/vacancies/112548076?host=hh.ru,['Бизнес-аналитик'],,,,
3764,112551181,Бизнес-консультант,https://api.hh.ru/vacancies/112551181?host=hh.ru,['Бизнес-аналитик'],,,,
3765,113848324,"Бизнес – аналитик (Лизинг, Автокредит)",https://api.hh.ru/vacancies/113848324?host=hh.ru,['Бизнес-аналитик'],,,,
3766,109628403,Бизнес-аналитик КЭДО,https://api.hh.ru/vacancies/109628403?host=hh.ru,['Бизнес-аналитик'],,,,
3767,109941075,Бизнес-аналитик,https://api.hh.ru/vacancies/109941075?host=hh.ru,['Бизнес-аналитик'],,,,
3768,112159391,Бизнес/системный аналитик Senior,https://api.hh.ru/vacancies/112159391?host=hh.ru,['Системный аналитик'],,350000.0,RUR,False
3769,114555448,Ведущий программист 1С: ЗУП,https://api.hh.ru/vacancies/114555448?host=hh.ru,"['Программист, разработчик']",290000.0,290000.0,RUR,False
3770,113735826,"Специалист по бизнес-процессам, бизнес аналитики.",https://api.hh.ru/vacancies/113735826?host=hh.ru,['Бизнес-аналитик'],,,,
3771,97996928,Бизнес-аналитик,https://api.hh.ru/vacancies/97996928?host=hh.ru,['Бизнес-аналитик'],,,,
3772,107311842,Backend-разработчик в команду Поиска,https://api.hh.ru/vacancies/107311842?host=hh.ru,"['Программист, разработчик']",,,,
3773,108253580,Технолог (Бизнес/Системный аналитик),https://api.hh.ru/vacancies/108253580?host=hh.ru,['Бизнес-аналитик'],,,,
3774,108985757,"Бизнес-аналитик в команду ""All-in pricing Среднего и Малого бизнеса. Интеграционные решения""",https://api.hh.ru/vacancies/108985757?host=hh.ru,['Бизнес-аналитик'],,,,
3775,112735821,Бизнес-аналитик / Системный аналитик / Специалист по описанию бизнес-процессов,https://api.hh.ru/vacancies/112735821?host=hh.ru,['Бизнес-аналитик'],,,,
3776,112423335,Бизнес/Системный Аналитик,https://api.hh.ru/vacancies/112423335?host=hh.ru,['Системный аналитик'],,,,
3777,102279426,Бизнес - аналитик направления Антифрод,https://api.hh.ru/vacancies/102279426?host=hh.ru,['Другое'],,,,
3778,111901430,Бизнес-аналитик интернет-проектов (1c-bitrix),https://api.hh.ru/vacancies/111901430?host=hh.ru,['Бизнес-аналитик'],140000.0,160000.0,RUR,False
3779,111518754,Системный/бизнес аналитик,https://api.hh.ru/vacancies/111518754?host=hh.ru,['Аналитик'],,,,
3780,111897657,Бизнес-аналитик,https://api.hh.ru/vacancies/111897657?host=hh.ru,['Бизнес-аналитик'],,,,
3781,113283635,Бизнес-аналитик,https://api.hh.ru/vacancies/113283635?host=hh.ru,['Бизнес-аналитик'],,,,
3782,113733514,Бизнес-аналитик (AstraLinux Desktop),https://api.hh.ru/vacancies/113733514?host=hh.ru,['Бизнес-аналитик'],,,,
3783,112180964,Старший Бизнес-Аналитик (Стрим «Стратегическое финансовое моделирование. Рыночная аналитика»),https://api.hh.ru/vacancies/112180964?host=hh.ru,"['Финансовый аналитик, инвестиционный аналитик']",,,,
3784,111282328,Менеджер направления качества данных,https://api.hh.ru/vacancies/111282328?host=hh.ru,['Инженер по качеству'],,,,
3785,112447841,Бизнес-аналитик,https://api.hh.ru/vacancies/112447841?host=hh.ru,['Бизнес-аналитик'],200000.0,,RUR,False
3786,111987903,Бизнес-аналитик/Digital-продуктолог,https://api.hh.ru/vacancies/111987903?host=hh.ru,['Продуктовый аналитик'],,,,
3787,114118928,Руководитель отдела производственного учёта (Производство в г. Киржач),https://api.hh.ru/vacancies/114118928?host=hh.ru,"['Научный специалист, исследователь']",,,,
3788,111786513,Продакт эксперт SAP FICO,https://api.hh.ru/vacancies/111786513?host=hh.ru,['Методолог'],,,,
3789,112859073,Бизнес-аналитик 1С,https://api.hh.ru/vacancies/112859073?host=hh.ru,['Бизнес-аналитик'],,250000.0,RUR,True
3790,112152259,Руководитель проекта WMS / Владелец продукта WMS,https://api.hh.ru/vacancies/112152259?host=hh.ru,['Руководитель проектов'],,,,
3791,113112822,Бизнес-аналитик образовательных платформ,https://api.hh.ru/vacancies/113112822?host=hh.ru,['Бизнес-аналитик'],,,,
3792,110754586,Руководитель проектов (управление эффективностью и численностью),https://api.hh.ru/vacancies/110754586?host=hh.ru,['Руководитель проектов'],,240000.0,RUR,False
3793,111786695,Бизнес-аналитик (Виртуальный ассистент),https://api.hh.ru/vacancies/111786695?host=hh.ru,['Бизнес-аналитик'],,,,
3794,112049854,Бизнес-аналитик (HRTech),https://api.hh.ru/vacancies/112049854?host=hh.ru,['Бизнес-аналитик'],,,,
3795,106201617,Бизнес-аналитик,https://api.hh.ru/vacancies/106201617?host=hh.ru,['Бизнес-аналитик'],,,,
3796,109468841,Бизнес-аналитик (практика Ритейл),https://api.hh.ru/vacancies/109468841?host=hh.ru,['Бизнес-аналитик'],,,,
3797,110993870,HR-аналитик|Бизнес-аналитик (ГК Аскона),https://api.hh.ru/vacancies/110993870?host=hh.ru,['Бизнес-аналитик'],,,,
3798,112037261,Бизнес-аналитик,https://api.hh.ru/vacancies/112037261?host=hh.ru,['Бизнес-аналитик'],,150000.0,RUR,False
3799,113876175,Аналитик рынка,https://api.hh.ru/vacancies/113876175?host=hh.ru,['Аналитик'],,,,
3800,103729951,Бизнес-аналитик,https://api.hh.ru/vacancies/103729951?host=hh.ru,['Аналитик'],,,,
3801,105262836,Бизнес-аналитик на IT-проекты,https://api.hh.ru/vacancies/105262836?host=hh.ru,['Бизнес-аналитик'],,,,
3802,106469586,Аналитик данных \ Системный аналитик,https://api.hh.ru/vacancies/106469586?host=hh.ru,['Аналитик'],250000.0,,RUR,False
3803,106730386,Бизнес - аналитик (CJE в стрим розничный клиент),https://api.hh.ru/vacancies/106730386?host=hh.ru,['Бизнес-аналитик'],,,,
3804,111386767,Бизнес-аналитик,https://api.hh.ru/vacancies/111386767?host=hh.ru,['Бизнес-аналитик'],,,,
3805,111958225,Бизнес-аналитик 1С (направление Продажи),https://api.hh.ru/vacancies/111958225?host=hh.ru,['Бизнес-аналитик'],,,,
3806,112078263,"Бизнес-аналитик команды ""Таможенные сервисы"" (стрим ""ВЭД"")",https://api.hh.ru/vacancies/112078263?host=hh.ru,"['Менеджер по логистике, менеджер по ВЭД']",,,,
3807,112416432,Ведущий бизнес-аналитик,https://api.hh.ru/vacancies/112416432?host=hh.ru,['Аналитик'],116000.0,150000.0,RUR,False
3808,112518016,Бизнес-аналитик Битрикс24,https://api.hh.ru/vacancies/112518016?host=hh.ru,['Бизнес-аналитик'],,,,
3809,112747233,Аналитик бизнес процессов,https://api.hh.ru/vacancies/112747233?host=hh.ru,['Бизнес-аналитик'],,,,
3810,109235122,Бизнес-аналитик (программа лояльности),https://api.hh.ru/vacancies/109235122?host=hh.ru,['Бизнес-аналитик'],,,,
3811,111514488,Ведущий бизнес-аналитик 1С (Финансовый контроль/Бюджетирование),https://api.hh.ru/vacancies/111514488?host=hh.ru,['Аналитик'],250000.0,,RUR,False
3812,109724515,Специалист по управлению данными (отдел бизнес-аналитики и управления данными),https://api.hh.ru/vacancies/109724515?host=hh.ru,"['BI-аналитик, аналитик данных']",60000.0,60000.0,RUR,True
3813,108638513,Финансовый аналитик,https://api.hh.ru/vacancies/108638513?host=hh.ru,"['Финансовый аналитик, инвестиционный аналитик']",,,,
3814,110762104,Аналитик бизнес процессов и систем (Delivery and More),https://api.hh.ru/vacancies/110762104?host=hh.ru,['Бизнес-аналитик'],,,,
3815,105971633,Руководитель партнерских проектов,https://api.hh.ru/vacancies/105971633?host=hh.ru,['Руководитель проектов'],,,,
3816,107378544,Бизнес - аналитик,https://api.hh.ru/vacancies/107378544?host=hh.ru,['Бизнес-аналитик'],,,,
3817,109553406,"Менеджер по развитию бизнеса и продажам ИТ проектов (BI, DWH)",https://api.hh.ru/vacancies/109553406?host=hh.ru,['Менеджер продукта'],,,,
3818,112066749,Бизнес-аналитик (сайт),https://api.hh.ru/vacancies/112066749?host=hh.ru,['Технолог'],,,,
3819,112424463,Бизнес-аналитик,https://api.hh.ru/vacancies/112424463?host=hh.ru,['Бизнес-аналитик'],,,,
3820,89557113,Бизнес-аналитик,https://api.hh.ru/vacancies/89557113?host=hh.ru,['Аналитик'],,,,
3821,111790021,Бизнес-аналитик/менеджер проекта по сопровождению клиентских данных операционного сервиса,https://api.hh.ru/vacancies/111790021?host=hh.ru,['Другое'],,,,
3822,112334841,Бизнес-аналитик,https://api.hh.ru/vacancies/112334841?host=hh.ru,['Бизнес-аналитик'],,,,
3823,106578385,Бизнес-аналитик BI в ИТ Инфраструктуру,https://api.hh.ru/vacancies/106578385?host=hh.ru,"['BI-аналитик, аналитик данных']",,,,
3824,107610954,Аналитик BI (Security Operations Center),https://api.hh.ru/vacancies/107610954?host=hh.ru,['Аналитик'],,,,
3825,110988917,Бизнес-аналитик,https://api.hh.ru/vacancies/110988917?host=hh.ru,['Бизнес-аналитик'],,,,
3826,111398919,"Бизнес-аналитик в операционный блок (депозитарий, бэк-офис и мидл-офис)",https://api.hh.ru/vacancies/111398919?host=hh.ru,['Другое'],,,,
3827,112129401,Бизнес-аналитик (Корзина),https://api.hh.ru/vacancies/112129401?host=hh.ru,['Бизнес-аналитик'],,,,
3828,110318664,Дата-Аналитик,https://api.hh.ru/vacancies/110318664?host=hh.ru,"['BI-аналитик, аналитик данных']",,,,
3829,111870539,Системный аналитик,https://api.hh.ru/vacancies/111870539?host=hh.ru,['Системный аналитик'],,,,
3830,111968108,Бизнес аналитик в команду Единый личный кабинет,https://api.hh.ru/vacancies/111968108?host=hh.ru,['Бизнес-аналитик'],,,,
3831,112782727,"Менеджер проектов по развитию бизнеса в категории ""Офисные профессии""",https://api.hh.ru/vacancies/112782727?host=hh.ru,['Руководитель проектов'],,,,
3832,112994328,Бизнес-аналитик по импортозамещению,https://api.hh.ru/vacancies/112994328?host=hh.ru,['Бизнес-аналитик'],,,,
3833,111768581,Старший бизнес-аналитик,https://api.hh.ru/vacancies/111768581?host=hh.ru,['Бизнес-аналитик'],,,,
3834,112309669,Менеджер бизнес-процессов,https://api.hh.ru/vacancies/112309669?host=hh.ru,['Бизнес-аналитик'],80000.0,100000.0,RUR,False
3835,105247080,"Бизнес-аналитик (цифровые каналы, CIB)",https://api.hh.ru/vacancies/105247080?host=hh.ru,['Бизнес-аналитик'],,,,
3836,112966032,Бизнес-аналитик,https://api.hh.ru/vacancies/112966032?host=hh.ru,['Бизнес-аналитик'],150000.0,,RUR,False
3837,98607043,Бизнес-аналитик в департамент внутреннего контроля,https://api.hh.ru/vacancies/98607043?host=hh.ru,['Аналитик'],,,,
3838,105548844,"Аналитик Отдела бизнес-аналитики (BI, SQL, OLAP)",https://api.hh.ru/vacancies/105548844?host=hh.ru,"['BI-аналитик, аналитик данных']",,,,
3839,108329661,Менеджер по продукту (депозитарий для корпоративных клиентов),https://api.hh.ru/vacancies/108329661?host=hh.ru,['Менеджер продукта'],,,,
3840,112509646,Системный аналитик ВРМ,https://api.hh.ru/vacancies/112509646?host=hh.ru,['Системный аналитик'],,,,
3841,110980913,Процессный бизнес-аналитик (моделирование и регламентация бизнес-процессов),https://api.hh.ru/vacancies/110980913?host=hh.ru,['Бизнес-аналитик'],,,,
3842,107084294,Бизнес-аналитик Teamlead,https://api.hh.ru/vacancies/107084294?host=hh.ru,['Бизнес-аналитик'],300000.0,,RUR,False
3843,111215455,Product owner,https://api.hh.ru/vacancies/111215455?host=hh.ru,['Менеджер продукта'],,,,
3844,112741012,Бизнес-аналитик (Угольный бизнес),https://api.hh.ru/vacancies/112741012?host=hh.ru,['Бизнес-аналитик'],,,,
3845,107980758,Главный бизнес-аналитик (Команда продукта Пополнение РЦ),https://api.hh.ru/vacancies/107980758?host=hh.ru,['Другое'],,,,
3846,109302441,Бизнес-аналитик,https://api.hh.ru/vacancies/109302441?host=hh.ru,['Бизнес-аналитик'],,,,
3847,111743547,Бизнес-аналитик (департамент трансформации),https://api.hh.ru/vacancies/111743547?host=hh.ru,['Бизнес-аналитик'],,,,
3848,112164441,Аналитик 1С Документооборот,https://api.hh.ru/vacancies/112164441?host=hh.ru,['Аналитик'],,250000.0,RUR,False
3849,111386669,Бизнес-аналитик (Аналитик бизнес-процессов),https://api.hh.ru/vacancies/111386669?host=hh.ru,['Аналитик'],,,,
3850,113145612,Бизнес-аналитик (аналитическое сопровождение взыскания),https://api.hh.ru/vacancies/113145612?host=hh.ru,['Другое'],,,,
3851,108012120,Финансовый аналитик,https://api.hh.ru/vacancies/108012120?host=hh.ru,"['Финансовый аналитик, инвестиционный аналитик']",,,,
3852,110798187,Бизнес-аналитик,https://api.hh.ru/vacancies/110798187?host=hh.ru,['Бизнес-аналитик'],,,,
3853,108244262,Бизнес-аналитик (Экономический блок),https://api.hh.ru/vacancies/108244262?host=hh.ru,['Бизнес-аналитик'],,,,
3854,108836671,Бизнес-аналитик,https://api.hh.ru/vacancies/108836671?host=hh.ru,['Бизнес-аналитик'],,,,
3855,109485272,Системный аналитик / Бизнес аналитик,https://api.hh.ru/vacancies/109485272?host=hh.ru,['Системный аналитик'],250000.0,300000.0,RUR,True
3856,113152030,Бизнес-аналитик (Datalens),https://api.hh.ru/vacancies/113152030?host=hh.ru,['Аналитик'],80000.0,,RUR,False
3857,111982396,Бизнес-аналитик,https://api.hh.ru/vacancies/111982396?host=hh.ru,['Бизнес-аналитик'],,,,
3858,113000358,Бизнес-аналитик (блок корпоративного и малого бизнеса),https://api.hh.ru/vacancies/113000358?host=hh.ru,['Аналитик'],,,,
3859,112706855,Главный аналитик данных,https://api.hh.ru/vacancies/112706855?host=hh.ru,"['BI-аналитик, аналитик данных']",144733.0,144733.0,RUR,True
3860,112949800,Системный/Бизнес аналитик (Middle+),https://api.hh.ru/vacancies/112949800?host=hh.ru,['Системный аналитик'],180000.0,,RUR,False
3861,109868771,Бизнес-аналитик по сквозным процессам (Бизнес-архитектура),https://api.hh.ru/vacancies/109868771?host=hh.ru,['Бизнес-аналитик'],,,,
3862,111772486,Системный аналитик (ФинТех) Fullstack аналитик,https://api.hh.ru/vacancies/111772486?host=hh.ru,['Аналитик'],256000.0,336000.0,RUR,False
3863,112539957,Аналитик данных,https://api.hh.ru/vacancies/112539957?host=hh.ru,"['BI-аналитик, аналитик данных']",,170000.0,RUR,False
3864,112038698,Финансовый аналитик,https://api.hh.ru/vacancies/112038698?host=hh.ru,"['Финансовый аналитик, инвестиционный аналитик']",115000.0,130000.0,RUR,False
3865,112880178,"Менеджер по продукту (логистика, закупки и торги)",https://api.hh.ru/vacancies/112880178?host=hh.ru,['Менеджер по закупкам'],,,,
3866,112415112,Бизнес-аналитик,https://api.hh.ru/vacancies/112415112?host=hh.ru,['Бизнес-аналитик'],,,,
3867,114295150,Руководитель проектов (внедрение ИТ решений в ритейле) Удаленно,https://api.hh.ru/vacancies/114295150?host=hh.ru,['Другое'],150000.0,180000.0,RUR,False
3868,111216687,Lead Data Engineer,https://api.hh.ru/vacancies/111216687?host=hh.ru,['Дата-сайентист'],,,,
3869,112405229,Системный аналитик 1С (Senior),https://api.hh.ru/vacancies/112405229?host=hh.ru,['Аналитик'],,,,
3870,112436509,Data Engineer в Отдел разработки инструментов и аналитики данных,https://api.hh.ru/vacancies/112436509?host=hh.ru,['Аналитик'],,,,
3871,107510986,Программист 1C (Документооборот),https://api.hh.ru/vacancies/107510986?host=hh.ru,"['Программист, разработчик']",,206897.0,RUR,True
3872,112401546,Бизнес-аналитик,https://api.hh.ru/vacancies/112401546?host=hh.ru,['Бизнес-аналитик'],,,,
3873,113008625,Бизнес-аналитик Daily Banking корпоративный бизнес,https://api.hh.ru/vacancies/113008625?host=hh.ru,['Бизнес-аналитик'],,,,
3874,110646941,Бизнес-аналитик (проект Global Position),https://api.hh.ru/vacancies/110646941?host=hh.ru,['Бизнес-аналитик'],,,,
3875,114081436,Менеджер по транспортной логистике/SCM (Supply Chain Management),https://api.hh.ru/vacancies/114081436?host=hh.ru,['Руководитель отдела логистики'],,,,
3876,108138259,Бизнес-аналитик в логистике,https://api.hh.ru/vacancies/108138259?host=hh.ru,['Бизнес-аналитик'],,,,
3877,109547530,Системный аналитик (проект Маркер),https://api.hh.ru/vacancies/109547530?host=hh.ru,['Системный аналитик'],,,,
3878,107794823,Руководитель направления по бизнес-анализу,https://api.hh.ru/vacancies/107794823?host=hh.ru,['Руководитель отдела аналитики'],,,,
3879,108691879,Сервис менеджер,https://api.hh.ru/vacancies/108691879?host=hh.ru,['Специалист технической поддержки'],,,,
3880,111524068,Бизнес-аналитик 1С Документооборот,https://api.hh.ru/vacancies/111524068?host=hh.ru,['Бизнес-аналитик'],,,,
3881,111727216,Руководитель отдела бизнес-аналитики,https://api.hh.ru/vacancies/111727216?host=hh.ru,['Руководитель отдела аналитики'],,150000.0,RUR,True
3882,113735682,Бизнес-аналитик/Проектный менеджер (г. Пушкино),https://api.hh.ru/vacancies/113735682?host=hh.ru,['Бизнес-аналитик'],,,,
3883,109061469,Бизнес-аналитик,https://api.hh.ru/vacancies/109061469?host=hh.ru,['Бизнес-аналитик'],,,,
3884,110621244,"Бизнес-аналитик в стрим ""Платформенные решения""",https://api.hh.ru/vacancies/110621244?host=hh.ru,['Бизнес-аналитик'],,,,
3885,110803570,Бизнес-аналитик,https://api.hh.ru/vacancies/110803570?host=hh.ru,['Бизнес-аналитик'],,,,
3886,109623557,Системный аналитик,https://api.hh.ru/vacancies/109623557?host=hh.ru,['Системный аналитик'],,,,
3887,102778381,Junior Knowledge Integration manager / Младший аналитик,https://api.hh.ru/vacancies/102778381?host=hh.ru,['Аналитик'],,,,
3888,112842540,Аналитик (системный/бизнес),https://api.hh.ru/vacancies/112842540?host=hh.ru,['Аналитик'],200000.0,300000.0,RUR,False
3889,109473461,Бизнес-аналитик,https://api.hh.ru/vacancies/109473461?host=hh.ru,['Бизнес-аналитик'],,,,
3890,107804833,Аналитик 1С проектов внедрения,https://api.hh.ru/vacancies/107804833?host=hh.ru,['Аналитик'],,,,
3891,110745682,Бизнес-аналитик 1С (удаленно),https://api.hh.ru/vacancies/110745682?host=hh.ru,['Бизнес-аналитик'],,,,
3892,110329943,Бизнес-аналитик IT,https://api.hh.ru/vacancies/110329943?host=hh.ru,['Бизнес-аналитик'],95000.0,,RUR,True
3893,110848716,"Product Owner/Владелец продукта (e-com,доставка для интернет-магазинов)",https://api.hh.ru/vacancies/110848716?host=hh.ru,['Менеджер продукта'],,,,
3894,111305377,Аналитик (системный),https://api.hh.ru/vacancies/111305377?host=hh.ru,['Системный аналитик'],,,,
3895,113706242,Ведущий бизнес аналитик (Управление доступов и ролевых моделей),https://api.hh.ru/vacancies/113706242?host=hh.ru,['Аналитик'],,,,
3896,109547837,"Бизнес-аналитик на web-проект ""Личный кабинет Клиента""",https://api.hh.ru/vacancies/109547837?host=hh.ru,['Бизнес-аналитик'],150000.0,180000.0,RUR,True
3897,114559017,Бизнес-аналитик в IT-Хаб,https://api.hh.ru/vacancies/114559017?host=hh.ru,['Бизнес-аналитик'],,,,
3898,112342319,Бизнес-аналитик,https://api.hh.ru/vacancies/112342319?host=hh.ru,"['Финансовый аналитик, инвестиционный аналитик']",,,,
3899,112057936,Бизнес аналитик по цифровизации процессов (построение скоринг-моделей),https://api.hh.ru/vacancies/112057936?host=hh.ru,['Бизнес-аналитик'],,,,
3900,111528097,Бизнес-аналитик (вед. специалист),https://api.hh.ru/vacancies/111528097?host=hh.ru,['Бизнес-аналитик'],,,,
3901,113150587,Business Analyst in Global Market Team,https://api.hh.ru/vacancies/113150587?host=hh.ru,"['BI-аналитик, аналитик данных']",,,,
3902,108755752,Финансовый аналитик (направление отчетности и работы с данными),https://api.hh.ru/vacancies/108755752?host=hh.ru,"['Финансовый аналитик, инвестиционный аналитик']",,,,
3903,106411627,Руководитель группы инженеров технической поддержки Yandex Cloud,https://api.hh.ru/vacancies/106411627?host=hh.ru,['Руководитель группы разработки'],,,,
3904,112545182,Бизнес-аналитик,https://api.hh.ru/vacancies/112545182?host=hh.ru,['Бизнес-аналитик'],,,,
3905,109543631,Технический менеджер продукта (СХД),https://api.hh.ru/vacancies/109543631?host=hh.ru,['Менеджер продукта'],,,,
3906,111902702,Бизнес-аналитик,https://api.hh.ru/vacancies/111902702?host=hh.ru,['Бизнес-аналитик'],,,,
3907,110312115,Бизнес-аналитик / Технический специалист,https://api.hh.ru/vacancies/110312115?host=hh.ru,['Бизнес-аналитик'],,,,
3908,111757795,Бизнес-аналитик (e-com),https://api.hh.ru/vacancies/111757795?host=hh.ru,['Аналитик'],,,,
3909,112590632,Аккаунт менеджер (BI),https://api.hh.ru/vacancies/112590632?host=hh.ru,['Менеджер по работе с партнерами'],200000.0,,RUR,True
3910,111609253,"Бизнес-аналитик ИТ-систем (анализ данных, отчетность)",https://api.hh.ru/vacancies/111609253?host=hh.ru,['Системный аналитик'],,,,
3911,111968651,Fullstack аналитик (Кибербез),https://api.hh.ru/vacancies/111968651?host=hh.ru,['Системный аналитик'],270000.0,,RUR,False
3912,113878886,Стажер-аналитик (Маркетинг отраслевых решений в сфере медицины),https://api.hh.ru/vacancies/113878886?host=hh.ru,['Другое'],,,,
3913,109443445,Бизнес аналитик 1С ERP (финансы),https://api.hh.ru/vacancies/109443445?host=hh.ru,['Аналитик'],,,,
3914,104569240,Системный аналитик,https://api.hh.ru/vacancies/104569240?host=hh.ru,['Системный аналитик'],,,,
3915,111762721,Главный специалист Отдела финансового планирования и прогнозирования,https://api.hh.ru/vacancies/111762721?host=hh.ru,['Экономист'],175000.0,175000.0,RUR,False
3916,98212313,Ведущий Бизнес-аналитик 1С (Розница),https://api.hh.ru/vacancies/98212313?host=hh.ru,['Системный аналитик'],,,,
3917,111898866,Бизнес-аналитик (Продуктовый аналитик),https://api.hh.ru/vacancies/111898866?host=hh.ru,['Продуктовый аналитик'],,200000.0,RUR,False
3918,112405204,Системный аналитик 1С (Middle),https://api.hh.ru/vacancies/112405204?host=hh.ru,['Бизнес-аналитик'],,,,
3919,114553628,Бизнес-аналитик в IT-Хаб,https://api.hh.ru/vacancies/114553628?host=hh.ru,['Бизнес-аналитик'],,,,
3920,112163079,Solution Architect,https://api.hh.ru/vacancies/112163079?host=hh.ru,['Технический директор (CTO)'],,,,
3921,101973715,Бизнес-аналитик команды «BPM. Предодобренные предложения» (Средний и Малый бизнес),https://api.hh.ru/vacancies/101973715?host=hh.ru,['Бизнес-аналитик'],,,,
3922,110763805,Бизнес-аналитик в направлении расчетов по корреспондентским счетам и счетам в платежных системах,https://api.hh.ru/vacancies/110763805?host=hh.ru,['Другое'],,,,
3923,111729401,Консультант-аналитик 1С,https://api.hh.ru/vacancies/111729401?host=hh.ru,['Аналитик'],,160000.0,RUR,True
3924,111042362,Бизнес-аналитик (продажи казначейских продуктов),https://api.hh.ru/vacancies/111042362?host=hh.ru,['Продуктовый аналитик'],,,,
3925,112626027,Бизнес-аналитик,https://api.hh.ru/vacancies/112626027?host=hh.ru,['Аналитик'],80000.0,,RUR,False
3926,106983714,Бизнес-аналитик,https://api.hh.ru/vacancies/106983714?host=hh.ru,['Бизнес-аналитик'],,,,
3927,112448690,Разработчик объектов базы данных КХД (SQL),https://api.hh.ru/vacancies/112448690?host=hh.ru,"['Программист, разработчик']",,,,
3928,113304240,Бизнес-аналитик,https://api.hh.ru/vacancies/113304240?host=hh.ru,['Бизнес-аналитик'],,,,
3929,108407171,Бизнес-аналитик ERP,https://api.hh.ru/vacancies/108407171?host=hh.ru,['Бизнес-аналитик'],200000.0,,RUR,False
3930,106872698,Product owner команды международные расчеты стрима «ВЭД»,https://api.hh.ru/vacancies/106872698?host=hh.ru,['Менеджер продукта'],,,,
3931,112167851,Руководитель команды по операционным ИТ-решениям,https://api.hh.ru/vacancies/112167851?host=hh.ru,['Системный администратор'],,,,
3932,113152518,Аналитик системный,https://api.hh.ru/vacancies/113152518?host=hh.ru,['Системный аналитик'],160000.0,280000.0,RUR,False
3933,112354827,Системный/бизнес аналитик процессов по направлению финансовых рынков,https://api.hh.ru/vacancies/112354827?host=hh.ru,['Аналитик'],,,,
3934,112354996,"Бизнес-аналитик/методолог (Middle) в Управление ""Единая клиентская идентификация"" Биометрия",https://api.hh.ru/vacancies/112354996?host=hh.ru,['Бизнес-аналитик'],,,,
3935,112846880,Бизнес-аналитик/Специалист по процессному моделированию,https://api.hh.ru/vacancies/112846880?host=hh.ru,['Бизнес-аналитик'],,,,
3936,102798435,Бизнес-аналитик (Управление операционных рисков),https://api.hh.ru/vacancies/102798435?host=hh.ru,['Бизнес-аналитик'],,,,
3937,110654986,Бизнес-аналитик,https://api.hh.ru/vacancies/110654986?host=hh.ru,['Бизнес-аналитик'],,,,
3938,111358854,HR-бизнес-партнер (HR BP) (Senior/Lead),https://api.hh.ru/vacancies/111358854?host=hh.ru,['Директор по персоналу (HRD)'],206000.0,336000.0,RUR,False
3939,111817658,Лидер группы системного анализа,https://api.hh.ru/vacancies/111817658?host=hh.ru,['Руководитель отдела аналитики'],,,,
3940,111872144,Бизнес-аналитик ЦФТ,https://api.hh.ru/vacancies/111872144?host=hh.ru,['Бизнес-аналитик'],,,,
3941,111887827,Руководитель IT-проектов по внедрению WMS,https://api.hh.ru/vacancies/111887827?host=hh.ru,['Руководитель проектов'],150000.0,250000.0,RUR,True
3942,111729998,Бизнес-аналитик по управленческой отчетности на dwh,https://api.hh.ru/vacancies/111729998?host=hh.ru,"['BI-аналитик, аналитик данных']",,,,
3943,110335232,Бизнес аналитик,https://api.hh.ru/vacancies/110335232?host=hh.ru,['Бизнес-аналитик'],,,,
3944,111261071,Бизнес-аналитик / Руководитель аналитического отдела,https://api.hh.ru/vacancies/111261071?host=hh.ru,['Руководитель отдела аналитики'],,,,
3945,96196197,"Системный / бизнес-аналитик (МБС, ЦСС)",https://api.hh.ru/vacancies/96196197?host=hh.ru,['Системный аналитик'],,,,
3946,107696650,Бизнес-аналитик НеоБанк (CRM),https://api.hh.ru/vacancies/107696650?host=hh.ru,['Бизнес-аналитик'],,,,
3947,110801549,Системный бизнес - аналитик клиентского сервиса,https://api.hh.ru/vacancies/110801549?host=hh.ru,['Аналитик'],,,,
3948,112057113,Бизнес-аналитик,https://api.hh.ru/vacancies/112057113?host=hh.ru,['Бизнес-аналитик'],,,,
3949,108034579,Бизнес-аналитик,https://api.hh.ru/vacancies/108034579?host=hh.ru,['Бизнес-аналитик'],,,,
3950,112043152,Старший системный аналитик (маркетплейсы),https://api.hh.ru/vacancies/112043152?host=hh.ru,['Системный аналитик'],,,,
3951,105924762,Бизнес-аналитик (Налоговый учет и отчетность),https://api.hh.ru/vacancies/105924762?host=hh.ru,['Бизнес-аналитик'],,,,
3952,107759406,Бизнес -аналитик по эквайрингу,https://api.hh.ru/vacancies/107759406?host=hh.ru,"['Финансовый аналитик, инвестиционный аналитик']",,,,
3953,112047910,Аналитик данных в стрим ОАД,https://api.hh.ru/vacancies/112047910?host=hh.ru,"['BI-аналитик, аналитик данных']",,,,
3954,112411956,Бизнес-аналитик,https://api.hh.ru/vacancies/112411956?host=hh.ru,['Бизнес-аналитик'],,,,
3955,111740790,Бизнес-аналитик,https://api.hh.ru/vacancies/111740790?host=hh.ru,['Бизнес-аналитик'],110000.0,143000.0,RUR,True
3956,111847291,Эксперт ЦФТ,https://api.hh.ru/vacancies/111847291?host=hh.ru,['Кредитный специалист'],,,,
3957,112044908,Аналитик данных и продаж e-commerce,https://api.hh.ru/vacancies/112044908?host=hh.ru,['Аналитик'],,,,
3958,112349319,Ассистент отдела продаж/Младший менеджер отдела продаж в IT компании,https://api.hh.ru/vacancies/112349319?host=hh.ru,['Координатор отдела продаж'],80000.0,,RUR,False
3959,112400586,Бизнес-аналитик Uzum Bank,https://api.hh.ru/vacancies/112400586?host=hh.ru,['Бизнес-аналитик'],,,,
3960,111975926,Младший бизнес-аналитик 1С,https://api.hh.ru/vacancies/111975926?host=hh.ru,['Бизнес-аналитик'],,120000.0,RUR,False
3961,110621151,"Бизнес-аналитик / CJE в команду ""Мессенджеры и чат боты""",https://api.hh.ru/vacancies/110621151?host=hh.ru,['Бизнес-аналитик'],,,,
3962,110263360,Системный аналитик,https://api.hh.ru/vacancies/110263360?host=hh.ru,['Системный аналитик'],,,,
3963,112837885,Системный Аналитик 1С ERP,https://api.hh.ru/vacancies/112837885?host=hh.ru,['Системный аналитик'],,,,
3964,111871490,Системный аналитик (Middle+/ Senior),https://api.hh.ru/vacancies/111871490?host=hh.ru,['Аналитик'],,,,
3965,111739089,Главный специалист (бизнес аналитик/методолог),https://api.hh.ru/vacancies/111739089?host=hh.ru,['Бизнес-аналитик'],,,,
3966,113118441,Аналитик (отдел закупок),https://api.hh.ru/vacancies/113118441?host=hh.ru,['Аналитик'],100000.0,,RUR,False
3967,110633739,Системный аналитик ESB\WEB,https://api.hh.ru/vacancies/110633739?host=hh.ru,['Системный аналитик'],,,,
3968,112347876,Системный аналитик (PIM + управление ассортиментом),https://api.hh.ru/vacancies/112347876?host=hh.ru,['Системный аналитик'],,,,
3969,109632344,ИТ Технолог/Системный аналитик(КИБ),https://api.hh.ru/vacancies/109632344?host=hh.ru,['Системный аналитик'],,,,
3970,112355625,SPC process Business analyst,https://api.hh.ru/vacancies/112355625?host=hh.ru,['Бизнес-аналитик'],,,,
3971,110100942,Бизнес-аналитик,https://api.hh.ru/vacancies/110100942?host=hh.ru,['Бизнес-аналитик'],,,,
3972,112145122,Системный аналитик,https://api.hh.ru/vacancies/112145122?host=hh.ru,['Системный аналитик'],200000.0,270000.0,RUR,False
3973,112312610,Senior Analyst / Старший бизнес-аналитик,https://api.hh.ru/vacancies/112312610?host=hh.ru,['Бизнес-аналитик'],,,,
3974,108199005,Middle+\Senior DevOps-инженер,https://api.hh.ru/vacancies/108199005?host=hh.ru,['DevOps-инженер'],,,,
3975,112422729,BI-аналитик,https://api.hh.ru/vacancies/112422729?host=hh.ru,"['BI-аналитик, аналитик данных']",,120000.0,RUR,True
3976,113019090,Бизнес-аналитик (сберегательные и страховые продукты для физических лиц),https://api.hh.ru/vacancies/113019090?host=hh.ru,['Кредитный специалист'],,,,
3977,113741663,QA Automation engineer,https://api.hh.ru/vacancies/113741663?host=hh.ru,['Тестировщик'],,,,
3978,111881192,Аналитик-стратег (Маркетинг и PR),https://api.hh.ru/vacancies/111881192?host=hh.ru,['Бизнес-аналитик'],,,,
3979,112748469,Team Lead команды Бизнес-аналитиков,https://api.hh.ru/vacancies/112748469?host=hh.ru,['Бизнес-аналитик'],,,,
3980,112770579,Бизнес-аналитик/Проектный менеджер,https://api.hh.ru/vacancies/112770579?host=hh.ru,['Бизнес-аналитик'],150000.0,,RUR,False
3981,108481105,Бизнес-аналитик (e-com),https://api.hh.ru/vacancies/108481105?host=hh.ru,['Бизнес-аналитик'],,,,
3982,112300734,Аналитик качества данных в Офис управления данными,https://api.hh.ru/vacancies/112300734?host=hh.ru,['Аналитик'],,,,
3983,102528814,Бизнес-аналитик в Страховую компанию,https://api.hh.ru/vacancies/102528814?host=hh.ru,['Бизнес-аналитик'],,,,
3984,108104300,Бизнес-аналитик (CJE) в сфере развития небанковских сервисов,https://api.hh.ru/vacancies/108104300?host=hh.ru,['Бизнес-аналитик'],,,,
3985,109804803,"Аналитик данных/Бизнес-аналитик в стрим ""Виртуальные ассистенты""",https://api.hh.ru/vacancies/109804803?host=hh.ru,"['BI-аналитик, аналитик данных']",,,,
3986,109973539,System analyst,https://api.hh.ru/vacancies/109973539?host=hh.ru,['Системный аналитик'],,,,
3987,110649604,Бизнес-аналитик,https://api.hh.ru/vacancies/110649604?host=hh.ru,['Бизнес-аналитик'],,,,
3988,112147369,Архитектор ERP систем,https://api.hh.ru/vacancies/112147369?host=hh.ru,['Архитектор'],,,,
3989,112423010,BI-аналитик,https://api.hh.ru/vacancies/112423010?host=hh.ru,"['BI-аналитик, аналитик данных']",,,,
3990,113030788,Ведущий IT-рекрутер,https://api.hh.ru/vacancies/113030788?host=hh.ru,['Специалист по подбору персонала'],,,,
3991,112410454,Менеджер по CJM и спецпроектам,https://api.hh.ru/vacancies/112410454?host=hh.ru,['Администратор'],,,,
3992,112782516,Business Analyst (Web3/Crypto),https://api.hh.ru/vacancies/112782516?host=hh.ru,['Бизнес-аналитик'],,,,
3993,83671639,"Аналитик продаж со знанием SQL (г. Москва, ш. Энтузиастов)",https://api.hh.ru/vacancies/83671639?host=hh.ru,['Аналитик'],,,,
3994,114289548,Системный аналитик с банковским опытом (Кредиты ФЛ),https://api.hh.ru/vacancies/114289548?host=hh.ru,['Системный аналитик'],,,,
3995,111868245,Бизнес-аналитик (Корпоративные риск-технологии),https://api.hh.ru/vacancies/111868245?host=hh.ru,['Бизнес-аналитик'],,,,
3996,111888296,Ведущий бизнес-аналитик,https://api.hh.ru/vacancies/111888296?host=hh.ru,['Бизнес-аналитик'],,,,
3997,112310468,Бизнес-аналитик,https://api.hh.ru/vacancies/112310468?host=hh.ru,['Бизнес-аналитик'],,,,
3998,112424900,Бизнес-аналитик - Операционная модель и процессы корпоративного ИТ (Technology Consulting),https://api.hh.ru/vacancies/112424900?host=hh.ru,['Бизнес-аналитик'],,,,
3999,111577151,Бизнес-аналитик,https://api.hh.ru/vacancies/111577151?host=hh.ru,['Бизнес-аналитик'],,,,
4000,110457760,Бизнес-аналитик WMS,https://api.hh.ru/vacancies/110457760?host=hh.ru,['Аналитик'],,,,
4001,112039108,Бухгалтер на маркетплейсы,https://api.hh.ru/vacancies/112039108?host=hh.ru,['Бухгалтер'],55000.0,60000.0,RUR,False
4002,109885666,Аналитик данных (трайб POS),https://api.hh.ru/vacancies/109885666?host=hh.ru,"['BI-аналитик, аналитик данных']",,,,
4003,112509366,Главный бизнес-аналитик,https://api.hh.ru/vacancies/112509366?host=hh.ru,['Бизнес-аналитик'],,,,
4004,109789505,Бизнес-аналитик Глоссария данных Банка,https://api.hh.ru/vacancies/109789505?host=hh.ru,['Бизнес-аналитик'],,,,
4005,103296953,Бизнес-аналитик Collection,https://api.hh.ru/vacancies/103296953?host=hh.ru,['Другое'],,,,
4006,109305306,Бизнес-аналитик / Системный аналитик / Digital,https://api.hh.ru/vacancies/109305306?host=hh.ru,['Бизнес-аналитик'],,,,
4007,90453988,IT аналитик,https://api.hh.ru/vacancies/90453988?host=hh.ru,['Аналитик'],,,,
4008,111086787,Инженер по эксплуатации (2 ЛТП),https://api.hh.ru/vacancies/111086787?host=hh.ru,['Специалист технической поддержки'],,,,
4009,112841110,Ведущий аналитик 1С,https://api.hh.ru/vacancies/112841110?host=hh.ru,['Аналитик'],250000.0,,RUR,False
4010,112861281,"Аналитик (рейтинговое консультирование, финансовые институты)",https://api.hh.ru/vacancies/112861281?host=hh.ru,['Бухгалтер'],,,,
4011,102579656,Главный специалист / бизнес-аналитик (информационные технологии),https://api.hh.ru/vacancies/102579656?host=hh.ru,['Бизнес-аналитик'],,,,
4012,111064712,Ведущий бизнес-аналитик,https://api.hh.ru/vacancies/111064712?host=hh.ru,['Бизнес-аналитик'],,,,
4013,111974938,Бизнес аналитик в информационно-аналитический отдел,https://api.hh.ru/vacancies/111974938?host=hh.ru,['Бизнес-аналитик'],,,,
4014,113320102,Data engineer / Дата-инженер по работе с БД,https://api.hh.ru/vacancies/113320102?host=hh.ru,['Аналитик'],,,,
4015,107455486,Бизнес-аналитик отдела стратегического развития,https://api.hh.ru/vacancies/107455486?host=hh.ru,['Руководитель проектов'],,175500.0,RUR,True
4016,108960162,Эксперт по бизнес-процессам склада,https://api.hh.ru/vacancies/108960162?host=hh.ru,['Аналитик'],,,,
4017,112872320,Программист 1С автомобильный бизнес (удаленный формат),https://api.hh.ru/vacancies/112872320?host=hh.ru,"['Программист, разработчик']",,,,
4018,107951588,Бизнес-аналитик (финансовая структура),https://api.hh.ru/vacancies/107951588?host=hh.ru,"['Финансовый аналитик, инвестиционный аналитик']",,,,
4019,108482009,Ведущий бизнес-аналитик в продукт Госуслуги и МФЦ,https://api.hh.ru/vacancies/108482009?host=hh.ru,['Бизнес-аналитик'],,,,
4020,112303051,Бизнес-аналитик (СRM),https://api.hh.ru/vacancies/112303051?host=hh.ru,['Бизнес-аналитик'],,,,
4021,114058340,Бизнес-аналитик/консультант 1С по бухгалтерскому учёту,https://api.hh.ru/vacancies/114058340?host=hh.ru,['Аналитик'],,,,
4022,107700413,Бизнес-аналитик/Business Analyst (CRM система),https://api.hh.ru/vacancies/107700413?host=hh.ru,['Бизнес-аналитик'],,,,
4023,112342767,Бизнес аналитик (Platform V Kintsugi),https://api.hh.ru/vacancies/112342767?host=hh.ru,['Аналитик'],,,,
4024,113272324,Бизнес-аналитик (продажи),https://api.hh.ru/vacancies/113272324?host=hh.ru,['Бизнес-аналитик'],138600.0,165900.0,RUR,False
4025,106071445,Руководитель операционных проектов,https://api.hh.ru/vacancies/106071445?host=hh.ru,['Руководитель проектов'],,,,
4026,106786335,Бизнес-аналитик,https://api.hh.ru/vacancies/106786335?host=hh.ru,['Бизнес-аналитик'],150000.0,,RUR,False
4027,107363703,Бизнес-аналитик E-COM,https://api.hh.ru/vacancies/107363703?host=hh.ru,['Бизнес-аналитик'],,,,
4028,112769881,Ведущий бизнес-аналитик 1С:УТ,https://api.hh.ru/vacancies/112769881?host=hh.ru,['Бизнес-аналитик'],,,,
4029,110252563,Ведущий специалист/экономист,https://api.hh.ru/vacancies/110252563?host=hh.ru,['Экономист'],,,,
4030,110976676,"Team Lead / Ведущий разработчик (.NET, C#, Аngular), группа Разработки приложений",https://api.hh.ru/vacancies/110976676?host=hh.ru,"['Программист, разработчик']",,,,
4031,112310853,Бизнес-аналитик финансового мониторинга,https://api.hh.ru/vacancies/112310853?host=hh.ru,"['Финансовый аналитик, инвестиционный аналитик']",,,,
4032,112875106,Руководитель бэк-офиса и документооборота по лизинговым операциям,https://api.hh.ru/vacancies/112875106?host=hh.ru,"['Учитель, преподаватель, педагог']",130000.0,200000.0,RUR,False
4033,109229502,Старший специалист по аналитике рынка и бизнес-информации,https://api.hh.ru/vacancies/109229502?host=hh.ru,"['BI-аналитик, аналитик данных']",,,,
4034,108764684,Руководитель направления/методолог по ипотечным продуктам Развитие жилищной сферы,https://api.hh.ru/vacancies/108764684?host=hh.ru,['Методолог'],,,,
4035,111983370,System Analyst (Системный Аналитик),https://api.hh.ru/vacancies/111983370?host=hh.ru,['Системный аналитик'],,,,
4036,112830927,IT-рекрутер,https://api.hh.ru/vacancies/112830927?host=hh.ru,['Специалист по подбору персонала'],,,,
4037,107405169,Руководитель группы (BI - отчетность: Персонал),https://api.hh.ru/vacancies/107405169?host=hh.ru,"['BI-аналитик, аналитик данных']",,,,
4038,112533775,Архитектор/Администратор/Разработчик СУБД (MySQL и PostgreSQL),https://api.hh.ru/vacancies/112533775?host=hh.ru,"['BI-аналитик, аналитик данных']",,,,
4039,98621637,"Бизнес-аналитик / CJE (Управление ""Голосовой ассистент"")",https://api.hh.ru/vacancies/98621637?host=hh.ru,['Бизнес-аналитик'],,,,
4040,109871013,"Бизнес-аналитик SOX, Отдел сопровождения, ERP и учетные системы",https://api.hh.ru/vacancies/109871013?host=hh.ru,['Бизнес-аналитик'],,,,
4041,111061296,Бизнес-аналитик Битрикс24 / Менеджер бизнес процессов,https://api.hh.ru/vacancies/111061296?host=hh.ru,['Бизнес-аналитик'],,250000.0,RUR,False
4042,111852827,Руководитель проекта S&OP,https://api.hh.ru/vacancies/111852827?host=hh.ru,['Руководитель проектов'],,,,
4043,106127073,Бизнес-аналитик (корпоративный блок),https://api.hh.ru/vacancies/106127073?host=hh.ru,['Бизнес-аналитик'],,,,
4044,112135246,Middle Flutter (web) разработчик,https://api.hh.ru/vacancies/112135246?host=hh.ru,"['Программист, разработчик']",170000.0,250000.0,RUR,False
4045,113129373,Бизнес-аналитик 1С:ERP (Управление запасами),https://api.hh.ru/vacancies/113129373?host=hh.ru,['Аналитик'],200000.0,350000.0,RUR,False
4046,108826100,Системный аналитик DWH (банковские проекты),https://api.hh.ru/vacancies/108826100?host=hh.ru,['Системный аналитик'],,,,
4047,112068564,Бизнес-аналитик,https://api.hh.ru/vacancies/112068564?host=hh.ru,['Бизнес-аналитик'],94000.0,,RUR,True
4048,112543189,Аналитик дирекции поддержки бизнеса (Private),https://api.hh.ru/vacancies/112543189?host=hh.ru,['Аналитик'],,,,
4049,113152140,Системный аналитик senior,https://api.hh.ru/vacancies/113152140?host=hh.ru,['Системный аналитик'],,330000.0,RUR,False
4050,111987017,Проектный менеджер,https://api.hh.ru/vacancies/111987017?host=hh.ru,['Руководитель проектов'],,,,
4051,102943251,Бизнес-аналитик,https://api.hh.ru/vacancies/102943251?host=hh.ru,['Аналитик'],,,,
4052,104539223,Аналитик Anaplan,https://api.hh.ru/vacancies/104539223?host=hh.ru,['Другое'],,,,
4053,110310147,Менеджер проекта отдела анализа и бизнес-планирования,https://api.hh.ru/vacancies/110310147?host=hh.ru,['Менеджер/консультант по стратегии'],,,,
4054,111440567,System Analyst (Middle+/Senior),https://api.hh.ru/vacancies/111440567?host=hh.ru,['Аналитик'],,,,
4055,112316177,Старший консультант WMS,https://api.hh.ru/vacancies/112316177?host=hh.ru,['Методолог'],,,,
4056,113701412,Бизнес-аналитик (НСИ),https://api.hh.ru/vacancies/113701412?host=hh.ru,['Бизнес-аналитик'],,,,
4057,106008949,Consulting Account Executive,https://api.hh.ru/vacancies/106008949?host=hh.ru,"['Менеджер по продажам, менеджер по работе с клиентами']",,,,
4058,108963178,Бизнес-аналитик (логистика),https://api.hh.ru/vacancies/108963178?host=hh.ru,['Бизнес-аналитик'],,,,
4059,110981931,Бизнес-аналитик,https://api.hh.ru/vacancies/110981931?host=hh.ru,['Бизнес-аналитик'],180000.0,190000.0,RUR,True
4060,110876802,Интернет-маркетолог,https://api.hh.ru/vacancies/110876802?host=hh.ru,"['Менеджер по маркетингу, интернет-маркетолог']",120000.0,,RUR,False
4061,111308624,Главный специалист / Аналитик (Отдел контроля операционных рисков),https://api.hh.ru/vacancies/111308624?host=hh.ru,['Аналитик'],,,,
4062,112070451,Ведущий Бизнес-аналитик 1С (Закупки),https://api.hh.ru/vacancies/112070451?host=hh.ru,['Бизнес-аналитик'],300000.0,,RUR,False
4063,112402478,Бизнес-аналитик в команду ССА,https://api.hh.ru/vacancies/112402478?host=hh.ru,['Другое'],,,,
4064,108074852,Бизнес-аналитик (главный специалист),https://api.hh.ru/vacancies/108074852?host=hh.ru,['Системный аналитик'],94000.0,,RUR,True
4065,112771406,Бизнес аналитик,https://api.hh.ru/vacancies/112771406?host=hh.ru,['Бизнес-аналитик'],,,,
4066,110417600,Бизнес-аналитик (BI-отчетность по Персоналу),https://api.hh.ru/vacancies/110417600?host=hh.ru,['Бизнес-аналитик'],,,,
4067,112879442,Технический архитектор 1С (отдел разработки),https://api.hh.ru/vacancies/112879442?host=hh.ru,['Архитектор'],,,,
4068,112980874,Маркетолог-аналитик,https://api.hh.ru/vacancies/112980874?host=hh.ru,['Маркетолог-аналитик'],,,,
4069,113026063,Продуктовый аналитик,https://api.hh.ru/vacancies/113026063?host=hh.ru,['Продуктовый аналитик'],,,,
4070,104807475,Бизнес-аналитик,https://api.hh.ru/vacancies/104807475?host=hh.ru,['Бизнес-аналитик'],,,,
4071,111744947,Системный аналитик,https://api.hh.ru/vacancies/111744947?host=hh.ru,['Системный аналитик'],,,,
4072,112711915,Systems Analyst/Системный аналитик/СА,https://api.hh.ru/vacancies/112711915?host=hh.ru,['Системный аналитик'],,,,
4073,110439045,BI Аналитик,https://api.hh.ru/vacancies/110439045?host=hh.ru,['Бизнес-аналитик'],,,,
4074,105240444,"Эксперт Отдела подбора персонала (DS, DA, ML, риски)",https://api.hh.ru/vacancies/105240444?host=hh.ru,['Специалист по подбору персонала'],,,,
4075,110096270,Ведущий бизнес-аналитик,https://api.hh.ru/vacancies/110096270?host=hh.ru,['Аналитик'],,,,
4076,102079850,Бизнес-аналитик,https://api.hh.ru/vacancies/102079850?host=hh.ru,['Бизнес-аналитик'],,,,
4077,108394224,Бизнес-аналитик,https://api.hh.ru/vacancies/108394224?host=hh.ru,['Аналитик'],,,,
4078,106547611,"Бизнес-аналитик команды ""Небанковские сервисы""",https://api.hh.ru/vacancies/106547611?host=hh.ru,['Бизнес-аналитик'],,,,
4079,109080030,ETL/DWH Developer,https://api.hh.ru/vacancies/109080030?host=hh.ru,['Другое'],,,,
4080,108349762,Бизнес-аналитик,https://api.hh.ru/vacancies/108349762?host=hh.ru,['Бизнес-аналитик'],160000.0,,RUR,False
4081,111770611,Бизнес-аналитик проектов дистрибуции,https://api.hh.ru/vacancies/111770611?host=hh.ru,['Бизнес-аналитик'],,,,
4082,111877293,Ведущий бизнес-аналитик,https://api.hh.ru/vacancies/111877293?host=hh.ru,['Бизнес-аналитик'],,,,
4083,109067405,Бизнес-аналитик,https://api.hh.ru/vacancies/109067405?host=hh.ru,['Бизнес-аналитик'],,,,
4084,111772229,Бизнес-аналитик в отдел закупок,https://api.hh.ru/vacancies/111772229?host=hh.ru,"['Менеджер по маркетингу, интернет-маркетолог']",110000.0,,RUR,False
4085,110251231,Бизнес-аналитик в Управление развития учетных сервисов,https://api.hh.ru/vacancies/110251231?host=hh.ru,['Финансовый менеджер'],,,,
4086,113032441,Ассистент-аналитик,https://api.hh.ru/vacancies/113032441?host=hh.ru,"['BI-аналитик, аналитик данных']",,,,
4087,112743547,Бизнес аналитик (Кредиты юридических лиц),https://api.hh.ru/vacancies/112743547?host=hh.ru,['Бизнес-аналитик'],,,,
4088,111241145,Аналитик E-Commerce / Продуктовый аналитик,https://api.hh.ru/vacancies/111241145?host=hh.ru,['Продуктовый аналитик'],,200000.0,RUR,False
4089,112183029,Программист / разработчик 1С ERP,https://api.hh.ru/vacancies/112183029?host=hh.ru,"['Программист, разработчик']",200000.0,,RUR,True
4090,112517008,Бизнес-аналитик (Автобизнес),https://api.hh.ru/vacancies/112517008?host=hh.ru,['Бизнес-аналитик'],,,,
4091,112526272,Бизнес-аналитик middle,https://api.hh.ru/vacancies/112526272?host=hh.ru,['Бизнес-аналитик'],,,,
4092,112445762,Бизнес-аналитик продукта,https://api.hh.ru/vacancies/112445762?host=hh.ru,['Продуктовый аналитик'],,,,
4093,111941683,Бизнес-аналитик,https://api.hh.ru/vacancies/111941683?host=hh.ru,['Бизнес-аналитик'],200000.0,250000.0,RUR,False
4094,113150818,Технический руководитель проекта,https://api.hh.ru/vacancies/113150818?host=hh.ru,['Руководитель проектов'],,,,
4095,111446191,Управляющий директор (бизнес-аналитик/технолог) Департамента корпоративных кредитных рисков,https://api.hh.ru/vacancies/111446191?host=hh.ru,['Кредитный специалист'],,,,
4096,111773800,Бизнес-аналитик (Планирование товарного запаса),https://api.hh.ru/vacancies/111773800?host=hh.ru,['Бизнес-аналитик'],,,,
4097,109467628,Бизнес-аналитик/Методолог в направлении инвестиций и новых проектов,https://api.hh.ru/vacancies/109467628?host=hh.ru,"['Финансовый аналитик, инвестиционный аналитик']",,,,
4098,110254666,Аналитик данных (сопровождение процессов по расчетам показателей долговой нагрузки),https://api.hh.ru/vacancies/110254666?host=hh.ru,"['BI-аналитик, аналитик данных']",,,,
4099,112038151,Бизнес-аналитик команды «Миграция ЦФТ» (эквайринг),https://api.hh.ru/vacancies/112038151?host=hh.ru,['Бизнес-аналитик'],,,,
4100,111990108,Product Owner,https://api.hh.ru/vacancies/111990108?host=hh.ru,['Менеджер продукта'],,,,
4101,113018979,Business Analyst / Бизнес-аналитик (ERP),https://api.hh.ru/vacancies/113018979?host=hh.ru,['Бизнес-аналитик'],,,,
4102,109429596,Стажер - Аналитик 1С,https://api.hh.ru/vacancies/109429596?host=hh.ru,['Бизнес-аналитик'],,25000.0,RUR,True
4103,111574652,Бизнес-аналитик / Эксперт по управленческой отчетности транзакционного бизнеса,https://api.hh.ru/vacancies/111574652?host=hh.ru,['Другое'],,,,
4104,112874636,Бизнес-аналитик / Business analyst (c экспертизой в Crypto),https://api.hh.ru/vacancies/112874636?host=hh.ru,['Бизнес-аналитик'],,,,
4105,108533632,Бизнес-аналитик,https://api.hh.ru/vacancies/108533632?host=hh.ru,['Бизнес-аналитик'],,,,
4106,111958259,Бизнес-аналитик ERP,https://api.hh.ru/vacancies/111958259?host=hh.ru,['Бизнес-аналитик'],,,,
4107,112725742,Специалист технической поддержки / Инженер технической поддержки (ИТ компания),https://api.hh.ru/vacancies/112725742?host=hh.ru,['Специалист технической поддержки'],60000.0,130000.0,RUR,False
4108,111759821,Редактор (корпоративная отчетность),https://api.hh.ru/vacancies/111759821?host=hh.ru,"['Копирайтер, редактор, корректор']",,,,
4109,112760136,Бизнес аналитик в команду Проектного финансирования ЕЛК Транши,https://api.hh.ru/vacancies/112760136?host=hh.ru,['Бизнес-аналитик'],,,,
4110,112347997,Системный аналитик 1С ERP,https://api.hh.ru/vacancies/112347997?host=hh.ru,['Аналитик'],,,,
4111,107693512,Бизнес-аналитик в продукт POS-эквайринг,https://api.hh.ru/vacancies/107693512?host=hh.ru,['Бизнес-аналитик'],,,,
4112,112336538,Маркетолог-аналитик,https://api.hh.ru/vacancies/112336538?host=hh.ru,['Продуктовый аналитик'],,,,
4113,98607012,Руководитель группы проектов (реинжиниринг процесса оценки контрагентов),https://api.hh.ru/vacancies/98607012?host=hh.ru,['Аналитик'],,,,
4114,112586196,Менеджер по компенсациям и льготам (C&B),https://api.hh.ru/vacancies/112586196?host=hh.ru,['Менеджер по компенсациям и льготам'],,,,
4115,108627534,Аналитик 1С,https://api.hh.ru/vacancies/108627534?host=hh.ru,['Аналитик'],,,,
4116,110325509,Product Manager,https://api.hh.ru/vacancies/110325509?host=hh.ru,['Менеджер продукта'],,,,
4117,113737018,IT-консультант в консалтинге (Архитектор),https://api.hh.ru/vacancies/113737018?host=hh.ru,['Архитектор'],,,,
4118,112358231,Бизнес-аналитик,https://api.hh.ru/vacancies/112358231?host=hh.ru,['Бизнес-аналитик'],,,,
4119,112712732,Business analyst,https://api.hh.ru/vacancies/112712732?host=hh.ru,['Бизнес-аналитик'],,,,
4120,112307762,Бизнес-аналитик в IT-банк,https://api.hh.ru/vacancies/112307762?host=hh.ru,['Бизнес-аналитик'],,,,
4121,112645524,Бизнес-аналитик,https://api.hh.ru/vacancies/112645524?host=hh.ru,['Бизнес-аналитик'],250000.0,,RUR,False
4122,104633197,Бизнес-аналитик (TMS логистика),https://api.hh.ru/vacancies/104633197?host=hh.ru,['Бизнес-аналитик'],,,,
4123,111758437,Ведущий бизнес-аналитик,https://api.hh.ru/vacancies/111758437?host=hh.ru,['Бизнес-аналитик'],,,,
4124,112032813,Бизнес-ассистент / бизнес-аналитик,https://api.hh.ru/vacancies/112032813?host=hh.ru,"['Секретарь, помощник руководителя, ассистент']",,,,
4125,111894472,Заместитель руководителя отдела продаж (автозапчасти),https://api.hh.ru/vacancies/111894472?host=hh.ru,['Руководитель отдела продаж'],150000.0,,RUR,False
4126,83708836,ИТ-Консультант — Цифровая трансформация — Технологическая практика,https://api.hh.ru/vacancies/83708836?host=hh.ru,['Аналитик'],,,,
4127,112537596,Бизнес-аналитик по сопровождению транзакционных продуктов корпоративного бизнеса,https://api.hh.ru/vacancies/112537596?host=hh.ru,['Бизнес-аналитик'],,,,
4128,109216672,Ведущий аналитик-консультант 1С (Бизнес-аналитик),https://api.hh.ru/vacancies/109216672?host=hh.ru,['Аналитик'],215000.0,215000.0,RUR,True
4129,99839505,Бизнес- аналитик/продуктолог Служба методологии и риск-инструментов корпоративного кредитования КИБ,https://api.hh.ru/vacancies/99839505?host=hh.ru,['Бизнес-аналитик'],,,,
4130,104972818,Бизнес-аналитик АБС,https://api.hh.ru/vacancies/104972818?host=hh.ru,['Бизнес-аналитик'],,,,
4131,109877121,Бизнес-аналитик,https://api.hh.ru/vacancies/109877121?host=hh.ru,['Бизнес-аналитик'],150000.0,150000.0,RUR,True
4132,104897436,UX-редактор в клиентский сервис Авито,https://api.hh.ru/vacancies/104897436?host=hh.ru,"['Копирайтер, редактор, корректор']",,,,
4133,112881594,Бизнес-аналитик,https://api.hh.ru/vacancies/112881594?host=hh.ru,['Финансовый менеджер'],150000.0,180000.0,RUR,True
4134,111594858,Бизнес-аналитик (финансовый блок в маркетплейсах),https://api.hh.ru/vacancies/111594858?host=hh.ru,['Продуктовый аналитик'],,,,
4135,108016688,Руководитель проектов внедрения (IT консалтинг),https://api.hh.ru/vacancies/108016688?host=hh.ru,['Руководитель проектов'],,,,
4136,112689418,"Главный аналитик бизнес-процессов (АБС ЦФТ, направление ПОД/ФТ)",https://api.hh.ru/vacancies/112689418?host=hh.ru,['Бизнес-аналитик'],,,,
4137,111223704,Бизнес-аналитик в команду DWH Маркета,https://api.hh.ru/vacancies/111223704?host=hh.ru,"['BI-аналитик, аналитик данных']",,,,
4138,111530446,Функциональный архитектор по внедрению PDM/PLM в части построения архитектурных решений,https://api.hh.ru/vacancies/111530446?host=hh.ru,['Бизнес-аналитик'],,,,
4139,111869302,Lead Business Analyst,https://api.hh.ru/vacancies/111869302?host=hh.ru,['Бизнес-аналитик'],,,,
4140,112403238,Бизнес-аналитик,https://api.hh.ru/vacancies/112403238?host=hh.ru,['Бизнес-аналитик'],,,,
4141,109224030,Business Analyst / Бизнес-аналитик (Медийные продукты),https://api.hh.ru/vacancies/109224030?host=hh.ru,['Бизнес-аналитик'],,,,
4142,109771974,Системный аналитик (микросервисы),https://api.hh.ru/vacancies/109771974?host=hh.ru,['Системный аналитик'],,,,
4143,108198807,Менеджер по продукту (product-manager),https://api.hh.ru/vacancies/108198807?host=hh.ru,['Другое'],120000.0,,RUR,False
4144,112053990,Системный аналитик Elma,https://api.hh.ru/vacancies/112053990?host=hh.ru,['Системный аналитик'],,,,
4145,111748000,Ведущий бизнес-аналитик IT,https://api.hh.ru/vacancies/111748000?host=hh.ru,['Аналитик'],,,,
4146,111896223,Аналитик LIMS,https://api.hh.ru/vacancies/111896223?host=hh.ru,['Системный аналитик'],,,,
4147,111900017,"Руководитель направления по развитию и сохранению клиентской базы (CRM директор, AI/LLM)",https://api.hh.ru/vacancies/111900017?host=hh.ru,['Руководитель отдела маркетинга и рекламы'],,,,
4148,112573109,Ведущий бизнес-аналитик,https://api.hh.ru/vacancies/112573109?host=hh.ru,['Бизнес-аналитик'],,,,
4149,112328954,Руководитель направления бизнес-аналитики Финансового Департамента,https://api.hh.ru/vacancies/112328954?host=hh.ru,"['Финансовый аналитик, инвестиционный аналитик']",,,,
4150,104959304,Бизнес-аналитик,https://api.hh.ru/vacancies/104959304?host=hh.ru,['Бизнес-аналитик'],,,,
4151,111227839,Бизнес аналитик в команду DWH Маркета,https://api.hh.ru/vacancies/111227839?host=hh.ru,"['BI-аналитик, аналитик данных']",,,,
4152,112687259,Бизнес аналитик/Методолог (Ценные бумаги),https://api.hh.ru/vacancies/112687259?host=hh.ru,['Бизнес-аналитик'],,,,
4153,112614261,Cпециалист 2-й линии ТП (поддержка ПО),https://api.hh.ru/vacancies/112614261?host=hh.ru,['Специалист технической поддержки'],,,,
4154,111754537,Менеджер по управлению категориями LAB Industries,https://api.hh.ru/vacancies/111754537?host=hh.ru,['Товаровед'],,,,
4155,111966135,Бизнес-аналитик,https://api.hh.ru/vacancies/111966135?host=hh.ru,['Аналитик'],,200000.0,RUR,False
4156,111967204,"Аналитик 1С, Отдел технологического консалтинга",https://api.hh.ru/vacancies/111967204?host=hh.ru,['Бизнес-аналитик'],,,,
4157,112155758,Бизнес-аналитик,https://api.hh.ru/vacancies/112155758?host=hh.ru,['Бизнес-аналитик'],,,,
4158,112071265,Ведущий бизнес-аналитик (МСФО),https://api.hh.ru/vacancies/112071265?host=hh.ru,['Бизнес-аналитик'],,,,
4159,108510048,Аналитик по продажам и производству,https://api.hh.ru/vacancies/108510048?host=hh.ru,['Аналитик'],,,,
4160,110650318,Бизнес аналитик (Ценные бумаги),https://api.hh.ru/vacancies/110650318?host=hh.ru,['Бизнес-аналитик'],,,,
4161,112700267,Системный аналитик BPM,https://api.hh.ru/vacancies/112700267?host=hh.ru,['Аналитик'],,,,
4162,112062378,Менеджер по бизнес-процессам/Business processes manager,https://api.hh.ru/vacancies/112062378?host=hh.ru,['Системный аналитик'],,,,
4163,113700603,Аналитик в IT-Хаб (Бизнес/Системный/Продуктовый ),https://api.hh.ru/vacancies/113700603?host=hh.ru,['Аналитик'],,,,
4164,112078213,Middle Business Analyst,https://api.hh.ru/vacancies/112078213?host=hh.ru,['Бизнес-аналитик'],,,,
4165,112123894,Старший бизнес - аналитик 1С (Регламентированный учет),https://api.hh.ru/vacancies/112123894?host=hh.ru,['Аналитик'],,,,
4166,112763824,Бизнес-аналитик/методолог процессов валютного контроля,https://api.hh.ru/vacancies/112763824?host=hh.ru,['Методолог'],,,,
4167,114181261,Full-stack аналитик,https://api.hh.ru/vacancies/114181261?host=hh.ru,['Администратор'],,,,
4168,111739869,Бизнес-аналитик 1C,https://api.hh.ru/vacancies/111739869?host=hh.ru,['Бизнес-аналитик'],200000.0,,RUR,False
4169,112709282,Специалист по процессному управлению,https://api.hh.ru/vacancies/112709282?host=hh.ru,['Инженер по качеству'],,,,
4170,110210558,Бизнес-аналитик (специальные счета юридических лиц),https://api.hh.ru/vacancies/110210558?host=hh.ru,['Бизнес-аналитик'],,,,
4171,110240226,Бизнес-аналитик 1С:ЕРП-УХ,https://api.hh.ru/vacancies/110240226?host=hh.ru,['Аналитик'],,,,
4172,111430124,Бизнес-аналитик,https://api.hh.ru/vacancies/111430124?host=hh.ru,['Бизнес-аналитик'],,,,
4173,111765298,Финансовый аналитик (e-commerce),https://api.hh.ru/vacancies/111765298?host=hh.ru,"['Финансовый аналитик, инвестиционный аналитик']",,,,
4174,112328320,Руководитель отдела IT аналитиков,https://api.hh.ru/vacancies/112328320?host=hh.ru,['Руководитель отдела аналитики'],250000.0,300000.0,RUR,False
4175,111729486,Бизнес аналитик 1С,https://api.hh.ru/vacancies/111729486?host=hh.ru,['Бизнес-аналитик'],,250000.0,RUR,True
4176,111770021,Бизнес-аналитик,https://api.hh.ru/vacancies/111770021?host=hh.ru,['Бизнес-аналитик'],,,,
4177,113880690,Эксперт (Бизнес-аналитик) Отдела развития клиентских сервисов,https://api.hh.ru/vacancies/113880690?host=hh.ru,['Бизнес-аналитик'],,,,
4178,110781561,Бизнес-аналитик (ЭДО),https://api.hh.ru/vacancies/110781561?host=hh.ru,['Другое'],,,,
4179,111790858,Аналитик транспортных расходов,https://api.hh.ru/vacancies/111790858?host=hh.ru,['Другое'],,,,
4180,112059896,Управляющий риск-менеджер (ПВР),https://api.hh.ru/vacancies/112059896?host=hh.ru,['Другое'],,,,
4181,107133383,Ведущий системный аналитик (MES),https://api.hh.ru/vacancies/107133383?host=hh.ru,['Аналитик'],,,,
4182,112495567,Системный/Бизнес аналитик Middle (44-ФЗ),https://api.hh.ru/vacancies/112495567?host=hh.ru,['Системный аналитик'],,,,
4183,95238035,Бизнес-аналитик (РуПост),https://api.hh.ru/vacancies/95238035?host=hh.ru,['Бизнес-аналитик'],,,,
4184,112704016,Бизнес-эксперт (фронт- решения для Банков),https://api.hh.ru/vacancies/112704016?host=hh.ru,['Другое'],,,,
4185,113284753,Business Development analyst,https://api.hh.ru/vacancies/113284753?host=hh.ru,['Бизнес-аналитик'],,,,
4186,111987167,Fullstack аналитик (бизнес аналитик/системный аналитик),https://api.hh.ru/vacancies/111987167?host=hh.ru,['Аналитик'],250000.0,300000.0,RUR,False
4187,107937103,Аналитик бизнес-процессов (цифровизация инвестиционной деятельности),https://api.hh.ru/vacancies/107937103?host=hh.ru,['Бизнес-аналитик'],,,,
4188,107944091,Бизнес-аналитик (технологическое развитие торговых сервисов),https://api.hh.ru/vacancies/107944091?host=hh.ru,['Бизнес-аналитик'],,,,
4189,108959610,Бизнес-аналитик (организационное развитие),https://api.hh.ru/vacancies/108959610?host=hh.ru,['Бизнес-аналитик'],,,,
4190,110651372,Системный аналитик,https://api.hh.ru/vacancies/110651372?host=hh.ru,['Системный аналитик'],,,,
4191,104342527,Программист 1С,https://api.hh.ru/vacancies/104342527?host=hh.ru,"['Программист, разработчик']",,,,
4192,106121687,Руководитель проекта в отдел развития цифрового производства,https://api.hh.ru/vacancies/106121687?host=hh.ru,['Другое'],,,,
4193,112846114,Бизнес-аналитик (CJE),https://api.hh.ru/vacancies/112846114?host=hh.ru,['Бизнес-аналитик'],,,,
4194,112585696,"Backend Python Developer (FastAPI, Highload)",https://api.hh.ru/vacancies/112585696?host=hh.ru,"['Программист, разработчик']",,390000.0,RUR,False
4195,113150840,Финансовый бизнес-аналитик (блок тарифы/тарифная политика),https://api.hh.ru/vacancies/113150840?host=hh.ru,"['Финансовый аналитик, инвестиционный аналитик']",,,,
4196,110210789,Бизнес-аналитик в команду Расчетные продукты и платежи для корпоративных клиентов,https://api.hh.ru/vacancies/110210789?host=hh.ru,['Бизнес-аналитик'],,,,
4197,112868312,Руководитель проектов 1С,https://api.hh.ru/vacancies/112868312?host=hh.ru,['Руководитель проектов'],,,,
4198,110807941,Бизнес-аналитик (ЕХД),https://api.hh.ru/vacancies/110807941?host=hh.ru,['Бизнес-аналитик'],,,,
4199,112774159,Бизнес-аналитик / Эксперт по методологии цифровизации бизнес-процессов,https://api.hh.ru/vacancies/112774159?host=hh.ru,['Бизнес-аналитик'],,,,
4200,112397757,Руководитель IT-проектов,https://api.hh.ru/vacancies/112397757?host=hh.ru,['Руководитель проектов'],,,,
4201,113153690,Бизнес-аналитик,https://api.hh.ru/vacancies/113153690?host=hh.ru,['Бизнес-аналитик'],,,,
4202,112521921,Разработчик Java+Oracle,https://api.hh.ru/vacancies/112521921?host=hh.ru,"['Программист, разработчик']",,340000.0,RUR,False
4203,110665000,Бизнес/системный аналитик,https://api.hh.ru/vacancies/110665000?host=hh.ru,['Системный аналитик'],,,,
4204,112414921,Аналитик отдела продаж (Бизнес-аналитик),https://api.hh.ru/vacancies/112414921?host=hh.ru,['Аналитик'],,,,
4205,113718378,Бизнес-аналитик 1С,https://api.hh.ru/vacancies/113718378?host=hh.ru,['Аналитик'],,,,
4206,113759424,Technical Business Analyst,https://api.hh.ru/vacancies/113759424?host=hh.ru,['Бизнес-аналитик'],2200.0,2800.0,USD,True
4207,110854741,Аналитик RPA (IT-интегратор),https://api.hh.ru/vacancies/110854741?host=hh.ru,['Аналитик'],,150000.0,RUR,True
4208,111882081,Business Analysis Lead (Martech),https://api.hh.ru/vacancies/111882081?host=hh.ru,['Руководитель группы разработки'],,,,
4209,112457505,Data domain leader,https://api.hh.ru/vacancies/112457505?host=hh.ru,['Руководитель группы разработки'],,400000.0,RUR,True
4210,112364670,Ведущий бизнес-аналитик,https://api.hh.ru/vacancies/112364670?host=hh.ru,['Бизнес-аналитик'],,,,
4211,112769605,Ведущий менеджер CRM,https://api.hh.ru/vacancies/112769605?host=hh.ru,['Бизнес-аналитик'],,,,
4212,114187493,Ведущий разработчик 1С (Склад/Логистика),https://api.hh.ru/vacancies/114187493?host=hh.ru,"['Программист, разработчик']",,,,
4213,111057926,Бизнес-аналитик/Аналитик 1С,https://api.hh.ru/vacancies/111057926?host=hh.ru,['Бизнес-аналитик'],,,,
4214,110256808,Бизнес-аналитик (LIMS),https://api.hh.ru/vacancies/110256808?host=hh.ru,['Бизнес-аналитик'],,,,
4215,112301529,Старший бизнес-аналитик,https://api.hh.ru/vacancies/112301529?host=hh.ru,['Бизнес-аналитик'],,,,
4216,111724979,Эксперт по сервис-дизайну B2B,https://api.hh.ru/vacancies/111724979?host=hh.ru,['Другое'],,,,
4217,111897454,Ведущий системный аналитик (Финтех),https://api.hh.ru/vacancies/111897454?host=hh.ru,['Аналитик'],350000.0,,RUR,False
4218,104491248,"Бизнес-аналитик (Кредитный конвейер,КБ)",https://api.hh.ru/vacancies/104491248?host=hh.ru,['Бизнес-аналитик'],,,,
4219,114036464,Ведущий системный архитектор,https://api.hh.ru/vacancies/114036464?host=hh.ru,['Архитектор'],,,,
4220,104010742,Аналитик по управлению требованиями к ПО,https://api.hh.ru/vacancies/104010742?host=hh.ru,['Бизнес-аналитик'],,,,
4221,108639395,Аналитик 1С,https://api.hh.ru/vacancies/108639395?host=hh.ru,['Аналитик'],,,,
4222,112526289,Бизнес-аналитик по промышленному оптимизатору и оптимизационным задачам,https://api.hh.ru/vacancies/112526289?host=hh.ru,['Бизнес-аналитик'],,,,
4223,112531235,Бизнес-аналитик,https://api.hh.ru/vacancies/112531235?host=hh.ru,['Бизнес-аналитик'],,,,
4224,105403439,Бизнес-аналитик (кредитный конвейер),https://api.hh.ru/vacancies/105403439?host=hh.ru,['Бизнес-аналитик'],,,,
4225,111221381,Senior business analyst (Лимасол),https://api.hh.ru/vacancies/111221381?host=hh.ru,['Бизнес-аналитик'],,,,
4226,109573354,Бизнес эксперт (дебетовые карты),https://api.hh.ru/vacancies/109573354?host=hh.ru,['Продуктовый аналитик'],,,,
4227,112236874,Бизнес-аналитик по автоматизации склада,https://api.hh.ru/vacancies/112236874?host=hh.ru,['Бизнес-аналитик'],160000.0,191500.0,RUR,False
4228,101365466,Бизнес- аналитик (автоматизация бизнес-процессов),https://api.hh.ru/vacancies/101365466?host=hh.ru,['Аналитик'],,,,
4229,110101076,"Бизнес-аналитик (1С, логистика)",https://api.hh.ru/vacancies/110101076?host=hh.ru,['Аналитик'],,,,
4230,111057725,Senior Business Analyst (MedTech),https://api.hh.ru/vacancies/111057725?host=hh.ru,['Бизнес-аналитик'],,310000.0,RUR,False
4231,112990141,Project Manager,https://api.hh.ru/vacancies/112990141?host=hh.ru,['Руководитель проектов'],,,,
4232,107051308,Бизнес-аналитик,https://api.hh.ru/vacancies/107051308?host=hh.ru,['Бизнес-аналитик'],,,,
4233,110975438,Бизнес-аналитик (ГосОблако),https://api.hh.ru/vacancies/110975438?host=hh.ru,['Аналитик'],,,,
4234,111856438,Руководитель проектов 1С,https://api.hh.ru/vacancies/111856438?host=hh.ru,['Руководитель проектов'],270000.0,340000.0,RUR,True
4235,112356641,"Аналитик 1C, Группа B2B-аналитики, Ozon Банк",https://api.hh.ru/vacancies/112356641?host=hh.ru,['Аналитик'],,,,
4236,112596920,Бизнес-аналитик (MES-проекты),https://api.hh.ru/vacancies/112596920?host=hh.ru,['Бизнес-аналитик'],,,,
4237,108803008,Бизнес-аналитик,https://api.hh.ru/vacancies/108803008?host=hh.ru,['Бизнес-аналитик'],,,,
4238,108634540,Руководитель направления/бизнес-аналитик CRM и отчетность Развитие жилищной сферы,https://api.hh.ru/vacancies/108634540?host=hh.ru,['Бизнес-аналитик'],,,,
4239,95080138,Старший бизнес-аналитик,https://api.hh.ru/vacancies/95080138?host=hh.ru,['Бизнес-аналитик'],,,,
4240,112311914,Функциональный архитектор 1C ERP,https://api.hh.ru/vacancies/112311914?host=hh.ru,['Архитектор'],,,,
4241,83611619,Методолог систем бюджетного управления,https://api.hh.ru/vacancies/83611619?host=hh.ru,['Методолог'],,,,
4242,107949634,Бизнес-аналитик/Тестировщик -аналитик( управленческий учет),https://api.hh.ru/vacancies/107949634?host=hh.ru,['Другое'],,,,
4243,111395072,Бизнес-аналитик (доставка/маршрутизация/последняя миля),https://api.hh.ru/vacancies/111395072?host=hh.ru,['Бизнес-аналитик'],,,,
4244,108091517,IT Архитектор,https://api.hh.ru/vacancies/108091517?host=hh.ru,['Системный аналитик'],,,,
4245,113317947,Ведущий бизнес-аналитик (Информационная безопасность),https://api.hh.ru/vacancies/113317947?host=hh.ru,['Бизнес-аналитик'],,,,
4246,109950087,Бизнес-аналитик/эксперт по визуализации,https://api.hh.ru/vacancies/109950087?host=hh.ru,['Бизнес-аналитик'],,,,
4247,111978983,Бизнес-аналитик,https://api.hh.ru/vacancies/111978983?host=hh.ru,['Бизнес-аналитик'],,,,
4248,111036982,Ведущий специалист по разработке бизнес-аналитики,https://api.hh.ru/vacancies/111036982?host=hh.ru,"['BI-аналитик, аналитик данных']",,,,
4249,113269823,Бизнес-аналитик с SQL,https://api.hh.ru/vacancies/113269823?host=hh.ru,"['BI-аналитик, аналитик данных']",,,,
4250,105656081,Бизнес-аналитик (Корпоративное кредитование),https://api.hh.ru/vacancies/105656081?host=hh.ru,['Бизнес-аналитик'],,,,
4251,112695875,Бизнес-аналитик (продукт CRM),https://api.hh.ru/vacancies/112695875?host=hh.ru,['Продуктовый аналитик'],,,,
4252,112709251,Финансовый директор (управление недвижимостью),https://api.hh.ru/vacancies/112709251?host=hh.ru,['Финансовый директор (CFO)'],,,,
4253,112293804,Бизнес-аналитик в IT-Хаб,https://api.hh.ru/vacancies/112293804?host=hh.ru,['Бизнес-аналитик'],,,,
4254,111431590,Бизнес-аналитик (поддержка цифровых сервисов) junior,https://api.hh.ru/vacancies/111431590?host=hh.ru,['Системный администратор'],,,,
4255,113907272,Бизнес-аналитик в кластер нотификации ВТБ Онлайн,https://api.hh.ru/vacancies/113907272?host=hh.ru,['Бизнес-аналитик'],,,,
4256,103069401,Старший аналитик,https://api.hh.ru/vacancies/103069401?host=hh.ru,['Руководитель проектов'],,,,
4257,112835364,Ведущий специалист отдела бизнес аналитики,https://api.hh.ru/vacancies/112835364?host=hh.ru,['Экономист'],150000.0,150000.0,RUR,False
4258,112398420,Системный аналитик,https://api.hh.ru/vacancies/112398420?host=hh.ru,['Аналитик'],,,,
4259,107323523,Ведущий консультант/бизнес-аналитик на развитие HR-системы МИРАПОЛИС,https://api.hh.ru/vacancies/107323523?host=hh.ru,['Аналитик'],,,,
4260,110088936,Бизнес-аналитик,https://api.hh.ru/vacancies/110088936?host=hh.ru,['Бизнес-аналитик'],,,,
4261,111871580,Бизнес-аналитик,https://api.hh.ru/vacancies/111871580?host=hh.ru,['Бизнес-аналитик'],,120000.0,RUR,False
4262,110369808,Бизнес-аналитик/Менеджер по качеству (СМК),https://api.hh.ru/vacancies/110369808?host=hh.ru,['Инженер по качеству'],,,,
4263,112747640,Бизнес-аналитик (интеграция с учетной системой 1С),https://api.hh.ru/vacancies/112747640?host=hh.ru,['Бизнес-аналитик'],,,,
4264,113709159,Системный аналитик (Команда развития Депозитария),https://api.hh.ru/vacancies/113709159?host=hh.ru,['Системный аналитик'],,,,
4265,108462581,Бизнес аналитик отдела продаж,https://api.hh.ru/vacancies/108462581?host=hh.ru,['Бизнес-аналитик'],,,,
4266,111752252,Портфельный менеджер,https://api.hh.ru/vacancies/111752252?host=hh.ru,['Аналитик'],,,,
4267,112361053,Бизнес-аналитик 1С,https://api.hh.ru/vacancies/112361053?host=hh.ru,['Аналитик'],220000.0,,RUR,False
4268,112525164,Бизнес-аналитик Б24,https://api.hh.ru/vacancies/112525164?host=hh.ru,['Бизнес-аналитик'],,,,
4269,113255971,Бизнес-консультант / Пресейл-менеджер,https://api.hh.ru/vacancies/113255971?host=hh.ru,['Другое'],,,,
4270,112143337,Бизнес-аналитик 1С ERP,https://api.hh.ru/vacancies/112143337?host=hh.ru,['Аналитик'],,,,
4271,114196646,Старший системный аналитик 1C (Sminex HR),https://api.hh.ru/vacancies/114196646?host=hh.ru,['Методолог'],320000.0,425000.0,RUR,True
4272,103788092,Бизнес-аналитик (senior),https://api.hh.ru/vacancies/103788092?host=hh.ru,['Аналитик'],,,,
4273,110256967,Бизнес аналитик (Офис главного конструктора),https://api.hh.ru/vacancies/110256967?host=hh.ru,['Бизнес-аналитик'],,,,
4274,112873433,Руководитель проектов по разработке программного обеспечения/Team leader/Tech Lead (м. Медведково),https://api.hh.ru/vacancies/112873433?host=hh.ru,['Руководитель группы разработки'],,,,
4275,108271755,Бизнес-аналитик (CRM),https://api.hh.ru/vacancies/108271755?host=hh.ru,['Бизнес-аналитик'],,,,
4276,108934072,"Консультант/Бизнес-аналитик по предметной области ""ТОиР промышленного оборудования, EAM, RCM, APM""",https://api.hh.ru/vacancies/108934072?host=hh.ru,['Бизнес-аналитик'],150000.0,,RUR,False
4277,93802812,Менеджер проекта (бизнес-аналитик по цифровой трансформации),https://api.hh.ru/vacancies/93802812?host=hh.ru,['Менеджер продукта'],,,,
4278,108990000,Бизнес-аналитик (интеграция с маркетплейсами),https://api.hh.ru/vacancies/108990000?host=hh.ru,['Бизнес-аналитик'],,,,
4279,111958917,Ведущий аналитик 1С (Финансовый контур со знанием МСФО),https://api.hh.ru/vacancies/111958917?host=hh.ru,['Системный аналитик'],,,,
4280,112059358,Методолог в Управление аналитики по расходам и Process Mining,https://api.hh.ru/vacancies/112059358?host=hh.ru,['Финансовый менеджер'],,,,
4281,111959055,Старший продуктовый аналитик,https://api.hh.ru/vacancies/111959055?host=hh.ru,['Продуктовый аналитик'],,,,
4282,111972276,Бизнес-аналитик / Project manager в области ИИ,https://api.hh.ru/vacancies/111972276?host=hh.ru,['Бизнес-аналитик'],,,,
4283,112035297,Бизнес-аналитик по управлению данными от АС для КХД,https://api.hh.ru/vacancies/112035297?host=hh.ru,['Бизнес-аналитик'],,,,
4284,112749746,Веб-аналитик,https://api.hh.ru/vacancies/112749746?host=hh.ru,['Аналитик'],,,,
4285,80415986,Бизнес-аналитик (обеспечение производственной безопасности),https://api.hh.ru/vacancies/80415986?host=hh.ru,['Бизнес-аналитик'],80000.0,,RUR,True
4286,111962400,Производственный аналитик/экономист,https://api.hh.ru/vacancies/111962400?host=hh.ru,['Аналитик'],,,,
4287,101862574,Бизнес аналитик 1С,https://api.hh.ru/vacancies/101862574?host=hh.ru,['Аналитик'],,,,
4288,112712017,Бизнес-аналитик 1С,https://api.hh.ru/vacancies/112712017?host=hh.ru,['Аналитик'],250000.0,,RUR,False
4289,112330736,Руководитель проекта c опытом финмоделирования,https://api.hh.ru/vacancies/112330736?host=hh.ru,['Финансовый менеджер'],,,,
4290,111887815,"Бизнес-аналитик (повышение операционной эффективности процессов, финансовое управление)",https://api.hh.ru/vacancies/111887815?host=hh.ru,['Бизнес-аналитик'],,,,
4291,112699363,"Бизнес-аналитик (ERP, НСИ, 1С-МДМ)",https://api.hh.ru/vacancies/112699363?host=hh.ru,['Бизнес-аналитик'],,,,
4292,112854814,Бизнес-аналитик по управлению запасами в 1C ERP,https://api.hh.ru/vacancies/112854814?host=hh.ru,['Бизнес-аналитик'],,,,
4293,112998523,"Бизнес-аналитик/CJE (команда ""Военная ипотека)",https://api.hh.ru/vacancies/112998523?host=hh.ru,['Бизнес-аналитик'],,,,
4294,93796716,Бизнес-аналитик 1С,https://api.hh.ru/vacancies/93796716?host=hh.ru,['Аналитик'],210000.0,,RUR,True
4295,112873352,Технолог (банковские продукты),https://api.hh.ru/vacancies/112873352?host=hh.ru,['Бизнес-аналитик'],,,,
4296,109433689,Product manager/ Product owner (mobile app)/ Менеджер по развитию цифрового продукта,https://api.hh.ru/vacancies/109433689?host=hh.ru,['Другое'],,,,
4297,109773652,Ведущий Аналитик 1С,https://api.hh.ru/vacancies/109773652?host=hh.ru,['Аналитик'],,,,
4298,111663561,Эксперт по производственным системам,https://api.hh.ru/vacancies/111663561?host=hh.ru,['Руководитель проектов'],185000.0,,RUR,False
4299,112689419,Консультант / Бизнес-аналитик (Banking),https://api.hh.ru/vacancies/112689419?host=hh.ru,['Бизнес-аналитик'],,,,
4300,112749212,Бизнес-аналитик 1С,https://api.hh.ru/vacancies/112749212?host=hh.ru,['Аналитик'],,,,
4301,106411966,Бизнес-аналитик (Департамент по работе с премиальными клиентами),https://api.hh.ru/vacancies/106411966?host=hh.ru,['Бизнес-аналитик'],,,,
4302,107052003,Бизнес-аналитик (Luxms BI),https://api.hh.ru/vacancies/107052003?host=hh.ru,"['BI-аналитик, аналитик данных']",,,,
4303,106310739,Бизнес-аналитик,https://api.hh.ru/vacancies/106310739?host=hh.ru,['Бизнес-аналитик'],,,,
4304,112697300,Middle Бизнес Аналитик (коммерция),https://api.hh.ru/vacancies/112697300?host=hh.ru,['Бизнес-аналитик'],,,,
4305,111978294,Бизнес-аналитик (Личный кабинет),https://api.hh.ru/vacancies/111978294?host=hh.ru,['Бизнес-аналитик'],,,,
4306,113286469,Senior Business/System Analyst,https://api.hh.ru/vacancies/113286469?host=hh.ru,['Аналитик'],,,,
4307,108679522,Ведущий системный аналитик 1C,https://api.hh.ru/vacancies/108679522?host=hh.ru,['Системный аналитик'],,,,
4308,112056049,Менеджер ИТ-проектов,https://api.hh.ru/vacancies/112056049?host=hh.ru,['Руководитель проектов'],,,,
4309,112546042,Ведущий специалист BPMSoft,https://api.hh.ru/vacancies/112546042?host=hh.ru,['Руководитель отдела аналитики'],,,,
4310,108725609,Бизнес-аналитик (офис/гибрид),https://api.hh.ru/vacancies/108725609?host=hh.ru,['Бизнес-аналитик'],,,,
4311,109442493,Бизнес-аналитик в направлении «Стандарт качества Сервисов»,https://api.hh.ru/vacancies/109442493?host=hh.ru,['Бизнес-аналитик'],,,,
4312,112355962,Senior Retail Analytics Manager,https://api.hh.ru/vacancies/112355962?host=hh.ru,['Аналитик'],,,,
4313,91136667,Бизнес-аналитик (Департамент информационных технологий),https://api.hh.ru/vacancies/91136667?host=hh.ru,['Бизнес-аналитик'],,,,
4314,112489642,Бизнес-аналитик 1С,https://api.hh.ru/vacancies/112489642?host=hh.ru,['Системный аналитик'],,,,
4315,110407425,Бренд менеджер,https://api.hh.ru/vacancies/110407425?host=hh.ru,"['Менеджер по маркетингу, интернет-маркетолог']",,,,
4316,113011974,Менеджер проектов РСЯ,https://api.hh.ru/vacancies/113011974?host=hh.ru,['Руководитель проектов'],,,,
4317,114184763,System Analyst (Kaspersky Endpoint Security для Linux),https://api.hh.ru/vacancies/114184763?host=hh.ru,['DevOps-инженер'],,,,
4318,111734764,Консультант 1С,https://api.hh.ru/vacancies/111734764?host=hh.ru,['Бизнес-аналитик'],85000.0,,RUR,False
4319,108297682,Бизнес-аналитик 1С,https://api.hh.ru/vacancies/108297682?host=hh.ru,['Бизнес-аналитик'],140000.0,200000.0,RUR,False
4320,112583238,Full-stack аналитик,https://api.hh.ru/vacancies/112583238?host=hh.ru,['Администратор'],,,,
4321,108604605,Backend разработчик Node.js,https://api.hh.ru/vacancies/108604605?host=hh.ru,"['Программист, разработчик']",,,,
4322,108946745,Бизнес-аналитик (Market Insights and Research),https://api.hh.ru/vacancies/108946745?host=hh.ru,['Бизнес-аналитик'],,,,
4323,110613249,Ведущий бизнес аналитик (Телеком),https://api.hh.ru/vacancies/110613249?host=hh.ru,['Системный аналитик'],,,,
4324,112442246,Системный аналитик (финансовые проекты),https://api.hh.ru/vacancies/112442246?host=hh.ru,['Системный аналитик'],,,,
4325,111396043,Бизнес-аналитик 1С ERP (Middle+/Senior),https://api.hh.ru/vacancies/111396043?host=hh.ru,['Аналитик'],,,,
4326,110587748,Аналитик отдела продаж / Бизнес-аналитик,https://api.hh.ru/vacancies/110587748?host=hh.ru,['Аналитик'],130000.0,,RUR,False
4327,111749375,Бизнес-аналитик/ Менеджер по эффективности торговых команд,https://api.hh.ru/vacancies/111749375?host=hh.ru,['Бизнес-аналитик'],,,,
4328,113142107,Руководитель направления методологии и операционной эффективности (Медиа - холдинг),https://api.hh.ru/vacancies/113142107?host=hh.ru,['Методолог'],,,,
4329,110117669,Бизнес-аналитик/технолог проекта ВТБ Pay,https://api.hh.ru/vacancies/110117669?host=hh.ru,['Бизнес-аналитик'],,,,
4330,110150208,Бизнес-аналитик 1С (бюджетирование),https://api.hh.ru/vacancies/110150208?host=hh.ru,['Бизнес-аналитик'],,,,
4331,110892070,Systems Analyst,https://api.hh.ru/vacancies/110892070?host=hh.ru,['Системный аналитик'],,,,
4332,111848526,Бизнес-аналитик,https://api.hh.ru/vacancies/111848526?host=hh.ru,['Бизнес-аналитик'],,,,
4333,108617076,Business Analyst for FinTech,https://api.hh.ru/vacancies/108617076?host=hh.ru,['Бизнес-аналитик'],100000.0,120000.0,RUR,False
4334,112341095,Бизнес аналитик по операционному учету,https://api.hh.ru/vacancies/112341095?host=hh.ru,['Страховой агент'],,,,
4335,112506902,Разработчик имитационных моделей (AnyLogic),https://api.hh.ru/vacancies/112506902?host=hh.ru,"['Программист, разработчик']",,,,
4336,113311128,Бизнес-аналитик,https://api.hh.ru/vacancies/113311128?host=hh.ru,['Бизнес-аналитик'],,,,
4337,110376881,Главный специалист (бизнес-аналитик),https://api.hh.ru/vacancies/110376881?host=hh.ru,['Бизнес-аналитик'],,,,
4338,108125721,Ведущий бизнес аналитик (Solar Dozor),https://api.hh.ru/vacancies/108125721?host=hh.ru,['Бизнес-аналитик'],,,,
4339,98635876,Бизнес-аналитик 1С,https://api.hh.ru/vacancies/98635876?host=hh.ru,['Аналитик'],,,,
4340,112038160,Ведущий разработчик 1С,https://api.hh.ru/vacancies/112038160?host=hh.ru,"['Программист, разработчик']",,,,
4341,112134623,Бизнес Аналитик,https://api.hh.ru/vacancies/112134623?host=hh.ru,['Бизнес-аналитик'],180000.0,,RUR,False
4342,110645374,"Fullstack-разработчик (.NET, C#, Angular), группа Разработки приложений",https://api.hh.ru/vacancies/110645374?host=hh.ru,"['Программист, разработчик']",,,,
4343,110980457,Продуктовый / Бизнес аналитик,https://api.hh.ru/vacancies/110980457?host=hh.ru,['Страховой агент'],,,,
4344,112357843,Бизнес-аналитик Директум,https://api.hh.ru/vacancies/112357843?host=hh.ru,['Бизнес-аналитик'],,,,
4345,113833940,Бизнес-аналитик в IT-Хаб,https://api.hh.ru/vacancies/113833940?host=hh.ru,['Бизнес-аналитик'],,,,
4346,107384972,BDM/Менеджер по развитию бизнеса (IT / Бизнес приклад / ПО / Телеком),https://api.hh.ru/vacancies/107384972?host=hh.ru,"['Менеджер по продажам, менеджер по работе с клиентами']",,,,
4347,112574070,Разработчик систем бизнес-аналитики,https://api.hh.ru/vacancies/112574070?host=hh.ru,"['BI-аналитик, аналитик данных']",120000.0,,RUR,True
4348,110429902,Аналитик (пруденциальный рыночный риск),https://api.hh.ru/vacancies/110429902?host=hh.ru,['Комплаенс-менеджер'],,,,
4349,111440013,Старший менеджер проектов 1С,https://api.hh.ru/vacancies/111440013?host=hh.ru,['Руководитель проектов'],,,,
4350,111237866,Бизнес-аналитик,https://api.hh.ru/vacancies/111237866?host=hh.ru,['Бизнес-аналитик'],,120000.0,RUR,False
4351,110431483,Старший системный аналитик 1С,https://api.hh.ru/vacancies/110431483?host=hh.ru,['Аналитик'],,,,
4352,107413702,Бизнес-аналитик 1С (Финансы),https://api.hh.ru/vacancies/107413702?host=hh.ru,['Бизнес-аналитик'],,,,
4353,111846907,Рекрутер / HR-менеджер,https://api.hh.ru/vacancies/111846907?host=hh.ru,"['Секретарь, помощник руководителя, ассистент']",,,,
4354,112874706,Бизнес-аналитик,https://api.hh.ru/vacancies/112874706?host=hh.ru,['Бизнес-аналитик'],,,,
4355,112766330,Аналитик 1С (регламентированный учет),https://api.hh.ru/vacancies/112766330?host=hh.ru,['Аналитик'],,,,
4356,110206396,Ведущий инженер-программист,https://api.hh.ru/vacancies/110206396?host=hh.ru,"['Программист, разработчик']",,,,
4357,113270062,Старший бизнес-аналитик,https://api.hh.ru/vacancies/113270062?host=hh.ru,['Бизнес-аналитик'],,,,
4358,113761652,Бизнес-аналитик 1C ERP УХ,https://api.hh.ru/vacancies/113761652?host=hh.ru,['Аналитик'],,,,
4359,111607967,Системный аналитик 1С:ERP (удаленно),https://api.hh.ru/vacancies/111607967?host=hh.ru,['Аналитик'],,,,
4360,111528203,Бизнес-аналитик 1С:ERP,https://api.hh.ru/vacancies/111528203?host=hh.ru,['Аналитик'],,,,
4361,111888860,Бизнес-аналитик,https://api.hh.ru/vacancies/111888860?host=hh.ru,['Бизнес-аналитик'],,150000.0,RUR,True
4362,109948105,Бизнес-аналитик технологий сопровождения транзакционных продуктов,https://api.hh.ru/vacancies/109948105?host=hh.ru,['Другое'],,,,
4363,108867986,Ведущий специалист проектного офиса перспективных разработок (Экономист),https://api.hh.ru/vacancies/108867986?host=hh.ru,['Экономист'],100000.0,120000.0,RUR,True
4364,79102373,Старший Бизнес-Аналитик в управленческом консалтинге (S&O T&L),https://api.hh.ru/vacancies/79102373?host=hh.ru,['Аналитик'],,,,
4365,107868580,Руководитель технической команды (Серверы),https://api.hh.ru/vacancies/107868580?host=hh.ru,['Технический директор (CTO)'],,,,
4366,109646692,Бизнес-аналитик,https://api.hh.ru/vacancies/109646692?host=hh.ru,['Бизнес-аналитик'],,,,
4367,107354730,"Эксперт Оценка кредитного риска и автоматизация (Бизнес-аналитик, Data-инженер)",https://api.hh.ru/vacancies/107354730?host=hh.ru,['Бизнес-аналитик'],,,,
4368,112697180,"Senior Бизнес Аналитик (коммерция, pnl)",https://api.hh.ru/vacancies/112697180?host=hh.ru,['Бизнес-аналитик'],,,,
4369,112135899,Главный аналитик отдела разработки и внедрения корпоративных информационных систем,https://api.hh.ru/vacancies/112135899?host=hh.ru,"['BI-аналитик, аналитик данных']",,,,
4370,112826248,Риск-методолог/Аналитик Данных,https://api.hh.ru/vacancies/112826248?host=hh.ru,['Аналитик'],,,,
4371,111740820,Бизнес-аналитик,https://api.hh.ru/vacancies/111740820?host=hh.ru,['Бизнес-аналитик'],110000.0,143000.0,RUR,True
4372,112883202,Специалист сервиса и поддержки Битрикс24,https://api.hh.ru/vacancies/112883202?host=hh.ru,['Специалист технической поддержки'],,60000.0,RUR,True
4373,112417220,Бизнес-аналитик - Архитектура и разработка (TeDo Technology Consulting),https://api.hh.ru/vacancies/112417220?host=hh.ru,['Бизнес-аналитик'],,,,
4374,112449299,Аналитик 1С,https://api.hh.ru/vacancies/112449299?host=hh.ru,['Аналитик'],,220000.0,RUR,False
4375,106985765,Бизнес-аналитик 1C ERP,https://api.hh.ru/vacancies/106985765?host=hh.ru,['Бизнес-аналитик'],,,,
4376,113752274,Бизнес-аналитик 1С УАТ,https://api.hh.ru/vacancies/113752274?host=hh.ru,['Аналитик'],,,,
4377,105921565,Ведущий Бизнес-аналитик 1С ERP,https://api.hh.ru/vacancies/105921565?host=hh.ru,['Аналитик'],,,,
4378,111798021,Консультант/Аналитик 1С,https://api.hh.ru/vacancies/111798021?host=hh.ru,['Бизнес-аналитик'],250000.0,,RUR,False
4379,112433017,Бизнес-аналитик отдела развития сервисов и корпоративной культуры (автоматизация HR-процессов),https://api.hh.ru/vacancies/112433017?host=hh.ru,['Бизнес-аналитик'],,,,
4380,111782459,Функциональный архитектор,https://api.hh.ru/vacancies/111782459?host=hh.ru,['Архитектор'],,,,
4381,106904980,Системный аналитик (SberBrowser),https://api.hh.ru/vacancies/106904980?host=hh.ru,['Аналитик'],,,,
4382,108637829,Бизнес-аналитик 1С,https://api.hh.ru/vacancies/108637829?host=hh.ru,['Аналитик'],,,,
4383,112666050,Системный аналитик 1С департамента ИТ,https://api.hh.ru/vacancies/112666050?host=hh.ru,['Аналитик'],,,,
4384,111899887,Бизнес-аналитик (администрирование платежей),https://api.hh.ru/vacancies/111899887?host=hh.ru,['Бизнес-аналитик'],,,,
4385,111607240,Системный аналитик 1С:ERP,https://api.hh.ru/vacancies/111607240?host=hh.ru,['Аналитик'],,,,
4386,112712921,Преподаватель онлайн курсов в сфере IT,https://api.hh.ru/vacancies/112712921?host=hh.ru,"['Учитель, преподаватель, педагог']",,,,
4387,112551118,Machine Learning Engineer (Pricing),https://api.hh.ru/vacancies/112551118?host=hh.ru,['Дата-сайентист'],,,,
4388,112703947,Системный аналитик,https://api.hh.ru/vacancies/112703947?host=hh.ru,['Системный аналитик'],,,,
4389,108585678,Бизнес-аналитик с функциями Product Owner (Кредитный конвейер),https://api.hh.ru/vacancies/108585678?host=hh.ru,['Бизнес-аналитик'],,,,
4390,108757149,Специалист проектного офиса перспективных разработок гражданского и двойного назначения (экономист),https://api.hh.ru/vacancies/108757149?host=hh.ru,['Экономист'],90000.0,100000.0,RUR,True
4391,110998652,Ассистент ИТ-аудитора,https://api.hh.ru/vacancies/110998652?host=hh.ru,['Специалист по информационной безопасности'],,,,
4392,113153829,Бизнес Аналитик,https://api.hh.ru/vacancies/113153829?host=hh.ru,['Бизнес-аналитик'],,,,
4393,107410935,Ведущий аналитик-разработчик BI,https://api.hh.ru/vacancies/107410935?host=hh.ru,['Другое'],,,,
4394,110461254,"Проектный бизнес-аналитик 1С (ERP, УХ, УТ, ЗУП)",https://api.hh.ru/vacancies/110461254?host=hh.ru,['Аналитик'],170000.0,,RUR,True
4395,108139354,Бизнес Аналитик в IT Компанию РольфТех,https://api.hh.ru/vacancies/108139354?host=hh.ru,['Бизнес-аналитик'],,,,
4396,112666235,Бизнес-эксперт (кредиты),https://api.hh.ru/vacancies/112666235?host=hh.ru,['Комплаенс-менеджер'],,,,
4397,110444370,Бизнес-аналитик 1С,https://api.hh.ru/vacancies/110444370?host=hh.ru,['Аналитик'],,,,
4398,110140111,Главный бизнес-аналитик,https://api.hh.ru/vacancies/110140111?host=hh.ru,['Бизнес-аналитик'],,,,
4399,112757979,Бизнес/Системный аналитик (Системы планирования),https://api.hh.ru/vacancies/112757979?host=hh.ru,['Руководитель проектов'],,,,
4400,106348832,Бизнес-аналитик направления проектирования и управления изменениями,https://api.hh.ru/vacancies/106348832?host=hh.ru,['Бизнес-аналитик'],,,,
4401,110210834,"Бизнес/системный аналитик стрима ""Документарный бизнес"" (импортозамещение бэк-офисных систем)",https://api.hh.ru/vacancies/110210834?host=hh.ru,['Бизнес-аналитик'],,,,
4402,105271224,Аналитик (развитие розничных сетей),https://api.hh.ru/vacancies/105271224?host=hh.ru,['Аналитик'],,,,
4403,108685534,Владелец продукта (ITSM),https://api.hh.ru/vacancies/108685534?host=hh.ru,['Менеджер продукта'],,,,
4404,112073032,Разработчик системы BI (MULTIVERSE),https://api.hh.ru/vacancies/112073032?host=hh.ru,"['Программист, разработчик']",,,,
4405,112755727,Бизнес-аналитик (CRM),https://api.hh.ru/vacancies/112755727?host=hh.ru,['Другое'],,,,
4406,111755581,Senior Системный аналитик,https://api.hh.ru/vacancies/111755581?host=hh.ru,['Системный аналитик'],,,,
4407,112598618,Менеджер ИТ проектов инвестиционно-строительной деятельности,https://api.hh.ru/vacancies/112598618?host=hh.ru,['Руководитель строительного проекта'],,,,
4408,106800033,Аналитик по внедрению и сопровождению,https://api.hh.ru/vacancies/106800033?host=hh.ru,['Аналитик'],90000.0,,RUR,True
4409,106696211,Бизнес-аналитик 1C,https://api.hh.ru/vacancies/106696211?host=hh.ru,['Бизнес-аналитик'],,,,
4410,108196937,Аналитик поддержки / Специалист технической поддержки,https://api.hh.ru/vacancies/108196937?host=hh.ru,['Специалист технической поддержки'],,,,
4411,112037240,Бизнес-аналитик 1С ЗУП КОРП,https://api.hh.ru/vacancies/112037240?host=hh.ru,['Аналитик'],,,,
4412,109282553,Консультант-методолог 1С,https://api.hh.ru/vacancies/109282553?host=hh.ru,['Методолог'],,,,
4413,107112559,Системный аналитик в направлении Дата инженерии,https://api.hh.ru/vacancies/107112559?host=hh.ru,['Аналитик'],250000.0,,RUR,False
4414,112346388,Владелец продукта (Ядро),https://api.hh.ru/vacancies/112346388?host=hh.ru,['Менеджер продукта'],,,,
4415,106976499,Бизнес-аналитик по казначейским операциям (Менеджер),https://api.hh.ru/vacancies/106976499?host=hh.ru,['Другое'],,,,
4416,113022587,Старший консультант центра методологии проектной деятельности,https://api.hh.ru/vacancies/113022587?host=hh.ru,['Методолог'],,,,
4417,106431442,Ведущий консультант по информационным системам 1C,https://api.hh.ru/vacancies/106431442?host=hh.ru,['Бизнес-аналитик'],216000.0,216000.0,RUR,True
4418,112349997,Бизнес-аналитик (middle),https://api.hh.ru/vacancies/112349997?host=hh.ru,['Бизнес-аналитик'],,,,
4419,109821892,"Бизнес-аналитика в продуктовую команду ""Конкурсный канал"" (тендеры)",https://api.hh.ru/vacancies/109821892?host=hh.ru,['Специалист по тендерам'],,,,
4420,112130591,Data Science Tech Lead,https://api.hh.ru/vacancies/112130591?host=hh.ru,['Дата-сайентист'],,,,
4421,112289118,"Рекрутер-ресерчер, HR-аналитик с китайским языком",https://api.hh.ru/vacancies/112289118?host=hh.ru,['Специалист по подбору персонала'],25000.0,40000.0,RUR,True
4422,112749145,Специалист по ИТ-аудиту,https://api.hh.ru/vacancies/112749145?host=hh.ru,['Специалист по информационной безопасности'],,,,
4423,112404028,Team Lead Bitrix 24 (PHP),https://api.hh.ru/vacancies/112404028?host=hh.ru,['Руководитель группы разработки'],,,,
4424,112772656,Бизнес-аналитик,https://api.hh.ru/vacancies/112772656?host=hh.ru,['Бизнес-аналитик'],,,,
4425,112688395,Бизнес-аналитик,https://api.hh.ru/vacancies/112688395?host=hh.ru,['Бизнес-аналитик'],,,,
4426,108426538,Инженер СМК (Бизнес-аналитик),https://api.hh.ru/vacancies/108426538?host=hh.ru,['Инженер по качеству'],,,,
4427,109931824,"Бизнес-аналитик каналов ДБО, сайта банка",https://api.hh.ru/vacancies/109931824?host=hh.ru,['Бизнес-аналитик'],,,,
4428,112854846,PHP Developer (Symfony),https://api.hh.ru/vacancies/112854846?host=hh.ru,"['Программист, разработчик']",,250000.0,RUR,False
4429,110249953,Проектный менеджер / Бизнес-аналитик,https://api.hh.ru/vacancies/110249953?host=hh.ru,['Бизнес-аналитик'],150000.0,,RUR,False
4430,112338807,Бизнес аналитик по перестрахованию,https://api.hh.ru/vacancies/112338807?host=hh.ru,['Страховой агент'],,,,
4431,112716527,Менеджер по маркетингу категории,https://api.hh.ru/vacancies/112716527?host=hh.ru,"['Менеджер по маркетингу, интернет-маркетолог']",,,,
4432,111782274,"Бизнес-аналитик/CJE в команду ""Подписка ВТБ Плюс""",https://api.hh.ru/vacancies/111782274?host=hh.ru,['Бизнес-аналитик'],,,,
4433,112545618,Бизнес-аналитик,https://api.hh.ru/vacancies/112545618?host=hh.ru,['Бизнес-аналитик'],,,,
4434,112701545,Специалист технической поддержки/Консультант 1С: Документооборот,https://api.hh.ru/vacancies/112701545?host=hh.ru,['Аналитик'],,,,
4435,111768561,"Бизнес-аналитик (разработка, модернизация ИС)",https://api.hh.ru/vacancies/111768561?host=hh.ru,['Бизнес-аналитик'],,,,
4436,111981580,Бизнес аналитик (Доставка),https://api.hh.ru/vacancies/111981580?host=hh.ru,['Бизнес-аналитик'],,,,
4437,112448484,Бизнес-аналитик,https://api.hh.ru/vacancies/112448484?host=hh.ru,['Бизнес-аналитик'],80000.0,120000.0,RUR,True
4438,112589357,Бизнес-аналитик/фуллстек аналитик (RMS)/Офис Москва,https://api.hh.ru/vacancies/112589357?host=hh.ru,['Бизнес-аналитик'],,,,
4439,112864129,Менеджер по работе с партнерами,https://api.hh.ru/vacancies/112864129?host=hh.ru,"['Менеджер по продажам, менеджер по работе с клиентами']",50000.0,65000.0,RUR,False
4440,112053928,"Бизнес-аналитик, построение FX продуктов для инвестиционного банка",https://api.hh.ru/vacancies/112053928?host=hh.ru,['Бизнес-аналитик'],,,,
4441,112394413,"Бизнес-аналитик ""Каталог и контент""",https://api.hh.ru/vacancies/112394413?host=hh.ru,['Бизнес-аналитик'],,,,
4442,112699421,IT аналитик Web,https://api.hh.ru/vacancies/112699421?host=hh.ru,['Аналитик'],,,,
4443,111769282,Бизнес-аналитик 1С,https://api.hh.ru/vacancies/111769282?host=hh.ru,['Аналитик'],,,,
4444,111882655,Бизнес-аналитик 1С,https://api.hh.ru/vacancies/111882655?host=hh.ru,['Бизнес-аналитик'],190000.0,225000.0,RUR,False
4445,111235244,"Бизнес-аналитик (Управление ""Зарплатные проекты"")",https://api.hh.ru/vacancies/111235244?host=hh.ru,['Бизнес-аналитик'],,,,
4446,107115346,Бизнес-аналитик 1С ERP(производство),https://api.hh.ru/vacancies/107115346?host=hh.ru,['Бизнес-аналитик'],,,,
4447,101748769,Product оwner / бизнес- аналитик Антифрод ЮЛ,https://api.hh.ru/vacancies/101748769?host=hh.ru,['Бизнес-аналитик'],,,,
4448,110337869,Бизнес-аналитик 1С (ЗУП),https://api.hh.ru/vacancies/110337869?host=hh.ru,['Аналитик'],,,,
4449,107652509,Бизнес аналитик,https://api.hh.ru/vacancies/107652509?host=hh.ru,['Аналитик'],,,,
4450,109749944,Бизнес-аналитик ПОД/ФТ/ФРОМУ,https://api.hh.ru/vacancies/109749944?host=hh.ru,['Бизнес-аналитик'],,,,
4451,111768882,Бизнес-аналитик (моделирование бизнес процессов),https://api.hh.ru/vacancies/111768882?host=hh.ru,['Бизнес-аналитик'],,,,
4452,106644996,Ведущий Архитектор ПО (SW Architect Lead),https://api.hh.ru/vacancies/106644996?host=hh.ru,"['Программист, разработчик']",,,,
4453,112418308,Бизнес-аналитик на мобильные приложения,https://api.hh.ru/vacancies/112418308?host=hh.ru,['Бизнес-аналитик'],150000.0,200000.0,RUR,False
4454,89853510,Big Data infrastructure engineer/DWH (Москва),https://api.hh.ru/vacancies/89853510?host=hh.ru,['Другое'],,,,
4455,110797690,Бизнес-аналитик (офис),https://api.hh.ru/vacancies/110797690?host=hh.ru,['Бизнес-аналитик'],100000.0,120000.0,RUR,True
4456,112645828,Sales Data Domain Leader,https://api.hh.ru/vacancies/112645828?host=hh.ru,['Руководитель группы разработки'],350000.0,,RUR,False
4457,113012299,Бизнес-аналитик / Консультант,https://api.hh.ru/vacancies/113012299?host=hh.ru,['Бизнес-аналитик'],,,,
4458,104883592,Бизнес-аналитик (Главный специалист/Эксперт),https://api.hh.ru/vacancies/104883592?host=hh.ru,['Бизнес-аналитик'],,,,
4459,112999795,Аккаунт-менеджер проектов в области исследования и аналитики информационного поля,https://api.hh.ru/vacancies/112999795?host=hh.ru,['Другое'],120000.0,150000.0,RUR,False
4460,110136669,Бизнес-аналитик по цифровой трансформации,https://api.hh.ru/vacancies/110136669?host=hh.ru,['Бизнес-аналитик'],,,,
4461,111242920,Ведущий Бизнес-аналитик 1С,https://api.hh.ru/vacancies/111242920?host=hh.ru,['Аналитик'],,,,
4462,105303933,Бизнес-аналитик 1C (блок закупок),https://api.hh.ru/vacancies/105303933?host=hh.ru,['Бизнес-аналитик'],,,,
4463,110766409,DevOps / SRE инженер,https://api.hh.ru/vacancies/110766409?host=hh.ru,['DevOps-инженер'],350000.0,,RUR,False
4464,111736203,Бизнес-аналитик (Управление безакцизной пищевой продукции),https://api.hh.ru/vacancies/111736203?host=hh.ru,['Бизнес-аналитик'],,,,
4465,107383704,Бизнес-аналитик,https://api.hh.ru/vacancies/107383704?host=hh.ru,['Бизнес-аналитик'],140000.0,,RUR,True
4466,105780776,Начальник отдела по разработке и поддержке маркетинговой активности на сайтах,https://api.hh.ru/vacancies/105780776?host=hh.ru,['Руководитель отдела маркетинга и рекламы'],,,,
4467,94758921,Ведущий Разработчик 1С,https://api.hh.ru/vacancies/94758921?host=hh.ru,"['Программист, разработчик']",,,,
4468,111748293,Feature Delivery Manager,https://api.hh.ru/vacancies/111748293?host=hh.ru,['Менеджер продукта'],,,,
4469,107618626,Специалист по внедрению Битрикс 24/Интегратор,https://api.hh.ru/vacancies/107618626?host=hh.ru,['Бизнес-аналитик'],120000.0,,RUR,False
4470,83709116,Менеджер / Старший консультант (ИТ/ Цифровая Стратегия) — Технологическая практика,https://api.hh.ru/vacancies/83709116?host=hh.ru,['Аналитик'],,,,
4471,79101767,Старший бизнес-аналитик в управленческом консалтинге (S&O T&L),https://api.hh.ru/vacancies/79101767?host=hh.ru,['Аналитик'],,,,
4472,110484432,Service Request Manager в команду Мультивариативного анализа,https://api.hh.ru/vacancies/110484432?host=hh.ru,['Бизнес-аналитик'],,,,
4473,112258048,Системный бизнес аналитик 1С,https://api.hh.ru/vacancies/112258048?host=hh.ru,['Аналитик'],,,,
4474,113268747,Разработчик 1С,https://api.hh.ru/vacancies/113268747?host=hh.ru,"['Программист, разработчик']",,,,
4475,110642802,Руководитель проектов,https://api.hh.ru/vacancies/110642802?host=hh.ru,['Руководитель группы разработки'],,,,
4476,111349154,Бизнес-аналитик ITSM (работа в офисе),https://api.hh.ru/vacancies/111349154?host=hh.ru,['Бизнес-аналитик'],,,,
4477,109649441,Ведущий бизнес-аналитик,https://api.hh.ru/vacancies/109649441?host=hh.ru,['Бизнес-аналитик'],,,,
4478,109661656,Консультант-аналитик 1С Документооборот 2.1,https://api.hh.ru/vacancies/109661656?host=hh.ru,['Аналитик'],180000.0,200000.0,RUR,True
4479,108251180,Бизнес-аналитик (LIMS),https://api.hh.ru/vacancies/108251180?host=hh.ru,['Бизнес-аналитик'],,,,
4480,112346579,Методолог отдела продаж в партнерских каналах,https://api.hh.ru/vacancies/112346579?host=hh.ru,['Менеджер по работе с партнерами'],,,,
4481,110420750,Бизнес-аналитик в продукт Градостроительство,https://api.hh.ru/vacancies/110420750?host=hh.ru,['Бизнес-аналитик'],,,,
4482,80417035,Бизнес-аналитик (маркетинг),https://api.hh.ru/vacancies/80417035?host=hh.ru,['Бизнес-аналитик'],80000.0,,RUR,True
4483,112300496,Бизнес-аналитик,https://api.hh.ru/vacancies/112300496?host=hh.ru,['Бизнес-аналитик'],,,,
4484,108743912,Старший системный аналитик DWH,https://api.hh.ru/vacancies/108743912?host=hh.ru,['Системный аналитик'],,,,
4485,112690657,Аналитик 1С и веб-сайтов,https://api.hh.ru/vacancies/112690657?host=hh.ru,['Системный аналитик'],,,,
4486,112723546,Бренд-менеджер,https://api.hh.ru/vacancies/112723546?host=hh.ru,['PR-менеджер'],,,,
4487,103673992,Разработчик 1С ERP,https://api.hh.ru/vacancies/103673992?host=hh.ru,"['Программист, разработчик']",200000.0,250000.0,RUR,False
4488,112551145,Бизнес/Системный аналитик,https://api.hh.ru/vacancies/112551145?host=hh.ru,['Системный аналитик'],,,,
4489,112148695,Бизнес/Системный аналитик (Системы планирования),https://api.hh.ru/vacancies/112148695?host=hh.ru,['Руководитель проектов'],,,,
4490,112843675,Контролер качества данных (DQ аналитик),https://api.hh.ru/vacancies/112843675?host=hh.ru,['Системный аналитик'],,,,
4491,103992694,Старший аналитик по импортным закупкам,https://api.hh.ru/vacancies/103992694?host=hh.ru,['Аналитик'],,,,
4492,112424862,Бизнес-аналитик - Data Governance (TeDo Technology Consulting),https://api.hh.ru/vacancies/112424862?host=hh.ru,"['BI-аналитик, аналитик данных']",,,,
4493,109479477,Бизнес - аналитик (специалист по управлению рисками),https://api.hh.ru/vacancies/109479477?host=hh.ru,['Бизнес-аналитик'],,,,
4494,112452535,Senior Product Analyst,https://api.hh.ru/vacancies/112452535?host=hh.ru,['Продуктовый аналитик'],,,,
4495,112642563,Бизнес-аналитик (Построение FX продуктов для инвестиционного банка),https://api.hh.ru/vacancies/112642563?host=hh.ru,"['Финансовый аналитик, инвестиционный аналитик']",,,,
4496,110294838,Ведущий аналитик бизнес-процессов,https://api.hh.ru/vacancies/110294838?host=hh.ru,['Бизнес-аналитик'],,,,
4497,111579873,Бизнес-аналитик 1С Отдела методологии и стандартизации,https://api.hh.ru/vacancies/111579873?host=hh.ru,['Бизнес-аналитик'],200000.0,200000.0,RUR,False
4498,112738853,Team lead PHP,https://api.hh.ru/vacancies/112738853?host=hh.ru,"['Программист, разработчик']",,,,
4499,111741515,Product-manager 1С/Продакт-менеджер по направлению 1С,https://api.hh.ru/vacancies/111741515?host=hh.ru,['Менеджер продукта'],,,,
4500,112447627,Бизнес-аналитик службы контроля кассовых сервисов,https://api.hh.ru/vacancies/112447627?host=hh.ru,['Другое'],,,,
4501,108628048,Ведущий бизнес-аналитик,https://api.hh.ru/vacancies/108628048?host=hh.ru,['Бизнес-аналитик'],,,,
4502,111309385,Консультант-аналитик 1С,https://api.hh.ru/vacancies/111309385?host=hh.ru,['Аналитик'],,,,
4503,110998659,Специалист по ИТ-аудиту,https://api.hh.ru/vacancies/110998659?host=hh.ru,['Аналитик'],,,,
4504,112741784,Бизнес-аналитик в IT-Хаб,https://api.hh.ru/vacancies/112741784?host=hh.ru,['Бизнес-аналитик'],,,,
4505,112426777,Бизнес-аналитик на web-сайт,https://api.hh.ru/vacancies/112426777?host=hh.ru,['Аналитик'],150000.0,200000.0,RUR,False
4506,109068677,Системный аналитик (Моделирование РБ),https://api.hh.ru/vacancies/109068677?host=hh.ru,['Системный аналитик'],,,,
4507,107866647,Бизнес-аналитик 1С: ERP,https://api.hh.ru/vacancies/107866647?host=hh.ru,['Аналитик'],,,,
4508,109559850,Ведущий программист-разработчик 1С (POS),https://api.hh.ru/vacancies/109559850?host=hh.ru,"['Программист, разработчик']",,,,
4509,111905359,"Разработчик Go, Платежные продукты, Ozon Банк",https://api.hh.ru/vacancies/111905359?host=hh.ru,"['Программист, разработчик']",,,,
4510,109475510,Руководитель группы разработки/Lead back-end (Symfony),https://api.hh.ru/vacancies/109475510?host=hh.ru,['Руководитель группы разработки'],,,,
4511,112435734,Главный аналитик-методолог ресурсного управления,https://api.hh.ru/vacancies/112435734?host=hh.ru,['Аналитик'],,,,
4512,112713764,Бизнес-тренер в области бизнес-анализа и аналитики данных,https://api.hh.ru/vacancies/112713764?host=hh.ru,['Бизнес-тренер'],,,,
4513,111490319,"Менеджер продукта/CJE (Управление ""Сбережения"")",https://api.hh.ru/vacancies/111490319?host=hh.ru,['Менеджер продукта'],,,,
4514,112550763,Программист 1С / Разработчик 1С,https://api.hh.ru/vacancies/112550763?host=hh.ru,"['Программист, разработчик']",120000.0,300000.0,RUR,True
4515,112769008,"Лидер команды развития ИС, корпоративных процессов и брендовых сайтов",https://api.hh.ru/vacancies/112769008?host=hh.ru,['Руководитель проектов'],,,,
4516,112171479,"Главный архитектор, Архитектура Бизнес-приложений и интеграции",https://api.hh.ru/vacancies/112171479?host=hh.ru,['Архитектор'],,,,
4517,109639944,Product Manager Data Science,https://api.hh.ru/vacancies/109639944?host=hh.ru,['Менеджер продукта'],,,,
4518,112521632,Бизнес-аналитик по организационной эффективности в системе снабжения,https://api.hh.ru/vacancies/112521632?host=hh.ru,['Бизнес-аналитик'],,,,
4519,112600855,Бизнес-аналитик Департамента развития цифровых продуктов и сервисов,https://api.hh.ru/vacancies/112600855?host=hh.ru,['Бизнес-аналитик'],,170000.0,RUR,True
4520,112389555,Системный аналитик 1С,https://api.hh.ru/vacancies/112389555?host=hh.ru,['Аналитик'],,,,
4521,109431009,Менеджер СМБ,https://api.hh.ru/vacancies/109431009?host=hh.ru,['Менеджер продукта'],,,,
4522,106644951,Архитектор ПО,https://api.hh.ru/vacancies/106644951?host=hh.ru,"['Программист, разработчик']",,,,
4523,111756245,Бизнес-аналитик,https://api.hh.ru/vacancies/111756245?host=hh.ru,['Бизнес-аналитик'],,,,
4524,113688291,Бизнес-аналитик в IT-Хаб,https://api.hh.ru/vacancies/113688291?host=hh.ru,['Бизнес-аналитик'],,,,
4525,109056070,Руководитель проекта «Миграция в 1С:Комплексная автоматизация»/ системный аналитик,https://api.hh.ru/vacancies/109056070?host=hh.ru,['Руководитель проектов'],,,,
4526,105002372,Стратегический аналитик (бизнес-аналитик),https://api.hh.ru/vacancies/105002372?host=hh.ru,['Маркетолог-аналитик'],,,,
4527,101241231,"CJE в команду ""Анкетный сервис""",https://api.hh.ru/vacancies/101241231?host=hh.ru,['Аналитик'],,,,
4528,108683563,"Преподаватель направления ""Аналитики""",https://api.hh.ru/vacancies/108683563?host=hh.ru,"['Учитель, преподаватель, педагог']",,,,
4529,112640583,Системный аналитик (Интеллектуальная система управления),https://api.hh.ru/vacancies/112640583?host=hh.ru,['Другое'],,,,
4530,108397014,Бизнес-аналитик/ Ведущий специалист по процессному планированию,https://api.hh.ru/vacancies/108397014?host=hh.ru,['Метролог'],,,,
4531,109535527,Младший менеджер по управлению финансовыми показателями продаж,https://api.hh.ru/vacancies/109535527?host=hh.ru,['Финансовый менеджер'],,,,
4532,111966204,Бизнес-аналитик,https://api.hh.ru/vacancies/111966204?host=hh.ru,['Бизнес-аналитик'],,,,
4533,112684480,Программист 1С/Разработчик 1С,https://api.hh.ru/vacancies/112684480?host=hh.ru,"['Программист, разработчик']",230000.0,,RUR,False
4534,107191702,BDM/Менеджер по развитию бизнеса (IT / Бизнес приклад / ПО / Промышленный сектор),https://api.hh.ru/vacancies/107191702?host=hh.ru,"['Менеджер по продажам, менеджер по работе с клиентами']",,,,
4535,112159768,Автор студенческих работ по бизнес-аналитике,https://api.hh.ru/vacancies/112159768?host=hh.ru,['Бизнес-аналитик'],,90000.0,RUR,False
4536,112741812,Аналитик в IT-Хаб (Бизнес/Системный/Продуктовый ),https://api.hh.ru/vacancies/112741812?host=hh.ru,['Бизнес-аналитик'],,,,
4537,112743887,Старший бизнес-аналитик 1с,https://api.hh.ru/vacancies/112743887?host=hh.ru,['Аналитик'],,,,
4538,93804394,Gameplay Programmer C++/UE5 (Middle/Senior),https://api.hh.ru/vacancies/93804394?host=hh.ru,"['Программист, разработчик']",,,,
4539,111978668,TechLead Java,https://api.hh.ru/vacancies/111978668?host=hh.ru,['Руководитель группы разработки'],,,,
4540,113143536,Руководитель проектов (Отдел видеоаналитики),https://api.hh.ru/vacancies/113143536?host=hh.ru,['Руководитель проектов'],,,,
4541,112677606,Программист 1С: УТ,https://api.hh.ru/vacancies/112677606?host=hh.ru,"['Программист, разработчик']",,,,
4542,111970399,Специалист технической поддержки 1С,https://api.hh.ru/vacancies/111970399?host=hh.ru,['Специалист технической поддержки'],,,,
4543,111877555,Бизнес Аналитик 1C / IT Business Analyst (1C),https://api.hh.ru/vacancies/111877555?host=hh.ru,['Аналитик'],,,,
4544,107564497,Бизнес – аналитик (интеграция информационных систем),https://api.hh.ru/vacancies/107564497?host=hh.ru,"['Менеджер по маркетингу, интернет-маркетолог']",,,,
4545,109558153,Ведущий разработчик 1С (Направление 1С Retail),https://api.hh.ru/vacancies/109558153?host=hh.ru,"['Программист, разработчик']",,,,
4546,112505738,Руководитель направления портфельной автоматизации CRM (data science),https://api.hh.ru/vacancies/112505738?host=hh.ru,['Дата-сайентист'],,,,
4547,112775444,Старший бизнес-аналитик по управлению поставками (методолог),https://api.hh.ru/vacancies/112775444?host=hh.ru,['Бизнес-аналитик'],,,,
4548,92062435,Разработчик 1С (отраслевые и специализированные решения),https://api.hh.ru/vacancies/92062435?host=hh.ru,"['Программист, разработчик']",,,,
4549,105738161,Старший Бизнес-аналитик (BI-отчетность по Каналам Реализации),https://api.hh.ru/vacancies/105738161?host=hh.ru,['Бизнес-аналитик'],,,,
4550,109631082,Технолог корпоративных продуктов,https://api.hh.ru/vacancies/109631082?host=hh.ru,['Менеджер продукта'],,,,
4551,112656805,Ведущий аналитик 1С,https://api.hh.ru/vacancies/112656805?host=hh.ru,['Аналитик'],,,,
4552,113700577,Бизнес-аналитик в IT-Хаб,https://api.hh.ru/vacancies/113700577?host=hh.ru,['Бизнес-аналитик'],,,,
4553,85440334,Ведущий консультант Optimacros,https://api.hh.ru/vacancies/85440334?host=hh.ru,['Аналитик'],,,,
4554,112144709,Руководитель проектов 1С,https://api.hh.ru/vacancies/112144709?host=hh.ru,['Руководитель проектов'],,,,
4555,113887709,Team Lead Битрикс24,https://api.hh.ru/vacancies/113887709?host=hh.ru,"['Программист, разработчик']",,,,
4556,102780809,Senior Knowledge Integration manager / Старший аналитик,https://api.hh.ru/vacancies/102780809?host=hh.ru,['Аналитик'],,,,
4557,113016998,Full-stack аналитик,https://api.hh.ru/vacancies/113016998?host=hh.ru,['Администратор'],,,,
4558,113255354,Аналитик инженерных данных,https://api.hh.ru/vacancies/113255354?host=hh.ru,"['BI-аналитик, аналитик данных']",,,,
4559,107725319,"Бизнес-аналитик (блок Финансы, 1С)",https://api.hh.ru/vacancies/107725319?host=hh.ru,['Бизнес-аналитик'],,,,
4560,112775479,Full-stack аналитик,https://api.hh.ru/vacancies/112775479?host=hh.ru,['Администратор'],,,,
4561,88145962,TeamLead BI,https://api.hh.ru/vacancies/88145962?host=hh.ru,"['BI-аналитик, аналитик данных']",,,,
4562,108270596,Системный аналитик 1С,https://api.hh.ru/vacancies/108270596?host=hh.ru,['Аналитик'],150000.0,200000.0,RUR,False
4563,112758470,Sales Data Domain Leader,https://api.hh.ru/vacancies/112758470?host=hh.ru,['Другое'],,,,
4564,104918889,Менеджер проекта (перевод услуг в электронный вид),https://api.hh.ru/vacancies/104918889?host=hh.ru,['Руководитель проектов'],,,,
4565,103669495,Консультант Oracle Hyperion,https://api.hh.ru/vacancies/103669495?host=hh.ru,['Аналитик'],,,,
4566,111246938,Консультант ERP/бизнес-аналитик,https://api.hh.ru/vacancies/111246938?host=hh.ru,['Аналитик'],150000.0,220000.0,RUR,True
4567,108137060,Консультант-аналитик Бит:Финанс.Бит:Строительство:,https://api.hh.ru/vacancies/108137060?host=hh.ru,['Бизнес-аналитик'],150000.0,200000.0,RUR,True
4568,112809226,"Бизнес-аналитик (Бухгалтерский учет, МСФО)",https://api.hh.ru/vacancies/112809226?host=hh.ru,['Бизнес-аналитик'],,,,
4569,112735731,Бизнес-аналитик в IT-Хаб,https://api.hh.ru/vacancies/112735731?host=hh.ru,['Бизнес-аналитик'],,,,
4570,112530094,Бизнес-аналитик Отдела планирования операционной деятельности,https://api.hh.ru/vacancies/112530094?host=hh.ru,['Бизнес-аналитик'],,,,
4571,112875003,Full-stack аналитик,https://api.hh.ru/vacancies/112875003?host=hh.ru,['Администратор'],,,,
4572,106914361,Системный архитектор (ЛКК),https://api.hh.ru/vacancies/106914361?host=hh.ru,"['Программист, разработчик']",,,,
4573,103170172,Бизнес-аналитик,https://api.hh.ru/vacancies/103170172?host=hh.ru,['Бизнес-аналитик'],,,,
4574,111885338,Ведущий системный аналитик,https://api.hh.ru/vacancies/111885338?host=hh.ru,['Системный аналитик'],,,,
4575,112307904,Go Developer в команду автоматизации отчётности в сервис путешествий,https://api.hh.ru/vacancies/112307904?host=hh.ru,"['Программист, разработчик']",,,,
4576,108244725,Руководитель группы администраторов баз данных PostgreSQL / Lead DBA,https://api.hh.ru/vacancies/108244725?host=hh.ru,['Системный инженер'],350000.0,,RUR,False
4577,112815324,Бизнес-аналитик в IT-Хаб,https://api.hh.ru/vacancies/112815324?host=hh.ru,['Бизнес-аналитик'],,,,
4578,94194025,Ведущий программист 1С (дистанционно),https://api.hh.ru/vacancies/94194025?host=hh.ru,"['Программист, разработчик']",,,,
4579,112984406,"Старший консультант SAP BW/BPC, отдел технологического консалтинга",https://api.hh.ru/vacancies/112984406?host=hh.ru,['Руководитель группы разработки'],,,,
4580,108483864,Senior Product Analyst,https://api.hh.ru/vacancies/108483864?host=hh.ru,['Продуктовый аналитик'],,,,
4581,112984539,Консультант SAP BPC,https://api.hh.ru/vacancies/112984539?host=hh.ru,"['Программист, разработчик']",,,,
4582,112684814,"Менеджер по управлению процессом ""Партнерский профиль""",https://api.hh.ru/vacancies/112684814?host=hh.ru,['Менеджер по работе с партнерами'],,,,
4583,114037954,Директор департамента аналитики,https://api.hh.ru/vacancies/114037954?host=hh.ru,['Руководитель отдела аналитики'],,,,
4584,111887817,Data Engineer,https://api.hh.ru/vacancies/111887817?host=hh.ru,['Дата-сайентист'],,365000.0,RUR,False
4585,114188863,BI\Data Аналитик,https://api.hh.ru/vacancies/114188863?host=hh.ru,"['BI-аналитик, аналитик данных']",,,,
4586,113704844,Интернет-маркетолог/Трафик-менеджер,https://api.hh.ru/vacancies/113704844?host=hh.ru,"['Менеджер по маркетингу, интернет-маркетолог']",,,,
4587,113704817,Контент-менеджер,https://api.hh.ru/vacancies/113704817?host=hh.ru,"['SMM-менеджер, контент-менеджер']",50000.0,50000.0,RUR,False
4588,109737239,Data Analyst (Python) / Аналитик данных,https://api.hh.ru/vacancies/109737239?host=hh.ru,['Аналитик'],180000.0,230000.0,RUR,False
4589,114289220,Бизнес-аналитик ML,https://api.hh.ru/vacancies/114289220?host=hh.ru,['Бизнес-аналитик'],,,,
4590,112623988,Data Engineer,https://api.hh.ru/vacancies/112623988?host=hh.ru,['Аналитик'],,,,
4591,112667743,Data Scientist,https://api.hh.ru/vacancies/112667743?host=hh.ru,['Дата-сайентист'],,450000.0,RUR,False
4592,110386529,Middle/Senior Data Scientist в команду NLP,https://api.hh.ru/vacancies/110386529?host=hh.ru,['Дата-сайентист'],,,,
4593,112349032,Data Engineer,https://api.hh.ru/vacancies/112349032?host=hh.ru,['Дата-сайентист'],,,,
4594,112128064,Data Scientist NLP (портал gosuslugi.ru),https://api.hh.ru/vacancies/112128064?host=hh.ru,['Дата-сайентист'],,,,
4595,107028794,NLP Data Scientist,https://api.hh.ru/vacancies/107028794?host=hh.ru,['Дата-сайентист'],,450000.0,RUR,False
4596,109934658,Дата-сайентист в Маркет,https://api.hh.ru/vacancies/109934658?host=hh.ru,"['SMM-менеджер, контент-менеджер']",,,,
4597,112846384,QA-инженер в Яндекс Образование,https://api.hh.ru/vacancies/112846384?host=hh.ru,['Тестировщик'],,,,
4598,113006235,Game designer (junior),https://api.hh.ru/vacancies/113006235?host=hh.ru,['Гейм-дизайнер'],,,,
4599,112545185,Младший тестировщик (Junior QA),https://api.hh.ru/vacancies/112545185?host=hh.ru,['Тестировщик'],90000.0,110000.0,RUR,False
4600,112644654,Project manager,https://api.hh.ru/vacancies/112644654?host=hh.ru,['Менеджер продукта'],,,,
4601,111974339,Руководитель юридического департамента,https://api.hh.ru/vacancies/111974339?host=hh.ru,['Директор юридического департамента (CLO)'],,500000.0,RUR,False
4602,114012844,Заместитель главного бухгалтера,https://api.hh.ru/vacancies/114012844?host=hh.ru,['Бухгалтер'],220000.0,,RUR,False
4603,112344023,Junior Golang-разработчик,https://api.hh.ru/vacancies/112344023?host=hh.ru,"['Программист, разработчик']",100000.0,160000.0,RUR,False
4604,113853070,Junior+ Python Developer,https://api.hh.ru/vacancies/113853070?host=hh.ru,"['Программист, разработчик']",90000.0,150000.0,RUR,False
4605,108466126,Инженер технической поддержки (серверное оборудование),https://api.hh.ru/vacancies/108466126?host=hh.ru,['Специалист технической поддержки'],,,,
4606,112334914,Middle специалист по контекстной рекламе/Директолог(гибрид),https://api.hh.ru/vacancies/112334914?host=hh.ru,"['Менеджер по маркетингу, интернет-маркетолог']",150000.0,,RUR,False
4607,112690973,Python-разработчик (Junior),https://api.hh.ru/vacancies/112690973?host=hh.ru,"['Программист, разработчик']",100000.0,120000.0,RUR,False
4608,114303872,Финансовый директор (CFO),https://api.hh.ru/vacancies/114303872?host=hh.ru,['Финансовый директор (CFO)'],,,,
4609,114194316,Frontend разработчик,https://api.hh.ru/vacancies/114194316?host=hh.ru,"['Программист, разработчик']",,170000.0,RUR,True
4610,109680557,Старший бухгалтер,https://api.hh.ru/vacancies/109680557?host=hh.ru,['Бухгалтер'],110000.0,,RUR,False
4611,114437388,CEO Central Asia region/CRO,https://api.hh.ru/vacancies/114437388?host=hh.ru,"['Генеральный директор, исполнительный директор (CEO)']",,,,
4612,113710084,Бизнес-ассистент владельца бизнеса,https://api.hh.ru/vacancies/113710084?host=hh.ru,"['Секретарь, помощник руководителя, ассистент']",225000.0,,RUR,False
4613,113702279,Администратор сайта,https://api.hh.ru/vacancies/113702279?host=hh.ru,"['Менеджер по маркетингу, интернет-маркетолог']",150000.0,,RUR,False
4614,110761150,Маркетолог,https://api.hh.ru/vacancies/110761150?host=hh.ru,"['Менеджер по маркетингу, интернет-маркетолог']",100000.0,130000.0,RUR,False
4615,114478278,Frontend - разработчик,https://api.hh.ru/vacancies/114478278?host=hh.ru,"['Программист, разработчик']",,,,
4616,113764071,Frontend Developer (React),https://api.hh.ru/vacancies/113764071?host=hh.ru,"['Программист, разработчик']",,140000.0,RUR,False
4617,114065503,Ручной тестировщик (QA manual) в продукт Цифровое правосудие,https://api.hh.ru/vacancies/114065503?host=hh.ru,['Тестировщик'],,,,
4618,113876521,Frontend-разработчик на React,https://api.hh.ru/vacancies/113876521?host=hh.ru,"['Программист, разработчик']",,,,
4619,113709901,Manual QA,https://api.hh.ru/vacancies/113709901?host=hh.ru,['Тестировщик'],,,,
4620,114178966,React разработчик,https://api.hh.ru/vacancies/114178966?host=hh.ru,"['Программист, разработчик']",,,,
4621,112714795,Junior Golang разработчик,https://api.hh.ru/vacancies/112714795?host=hh.ru,"['Программист, разработчик']",,,,
4622,110816369,"Инженер-программист отдела комплексной разработки, сопровождения и отладки специальных систем",https://api.hh.ru/vacancies/110816369?host=hh.ru,"['Программист, разработчик']",100000.0,,RUR,False
4623,113704799,IOS Разработчик (Junior),https://api.hh.ru/vacancies/113704799?host=hh.ru,"['Программист, разработчик']",,,,
4624,113890143,Стажер-аналитик,https://api.hh.ru/vacancies/113890143?host=hh.ru,['Другое'],,,,
4625,114176654,English Teacher (NES),https://api.hh.ru/vacancies/114176654?host=hh.ru,"['Учитель, преподаватель, педагог']",200000.0,,RUR,False
4626,114200470,Business Development Manager,https://api.hh.ru/vacancies/114200470?host=hh.ru,"['Программист, разработчик']",,,,
4627,113713596,Коммерческий директор (CCO),https://api.hh.ru/vacancies/113713596?host=hh.ru,['Коммерческий директор (CCO)'],,,,
4628,113704439,Middle+ QA Engineer,https://api.hh.ru/vacancies/113704439?host=hh.ru,['Тестировщик'],,,,
4629,114036287,Тестировщик ПО,https://api.hh.ru/vacancies/114036287?host=hh.ru,['Тестировщик'],,,,
4630,114290866,Frontend-разработчик,https://api.hh.ru/vacancies/114290866?host=hh.ru,"['Программист, разработчик']",180000.0,,RUR,False
4631,114039120,Junior разработчик .Net,https://api.hh.ru/vacancies/114039120?host=hh.ru,"['Программист, разработчик']",,,,
4632,109225941,Системный аналитик,https://api.hh.ru/vacancies/109225941?host=hh.ru,['Системный аналитик'],150000.0,180000.0,RUR,False
4633,111204740,Главный бухгалтер (торговое направление),https://api.hh.ru/vacancies/111204740?host=hh.ru,['Бухгалтер'],195400.0,195400.0,RUR,True
4634,113755017,"Frontend-разработчик (Портал ""Рамблер"")",https://api.hh.ru/vacancies/113755017?host=hh.ru,"['Программист, разработчик']",,,,
4635,114314349,SQL-разработчик (Junior),https://api.hh.ru/vacancies/114314349?host=hh.ru,['Другое'],,,,
4636,109972097,Manual QA engineer,https://api.hh.ru/vacancies/109972097?host=hh.ru,['Тестировщик'],,,,
4637,114298834,Python developer,https://api.hh.ru/vacancies/114298834?host=hh.ru,"['Программист, разработчик']",,,,
4638,114305099,Операционный директор в онлайн стартап COO (удаленная работа),https://api.hh.ru/vacancies/114305099?host=hh.ru,['Операционный директор (COO)'],300000.0,,RUR,False
4639,113658404,Программист-стажёр,https://api.hh.ru/vacancies/113658404?host=hh.ru,"['Программист, разработчик']",17000.0,17000.0,RUR,False
4640,114053537,Специалист (Frontend-разработчик),https://api.hh.ru/vacancies/114053537?host=hh.ru,"['Программист, разработчик']",,,,
4641,114173213,React Frontend-Developer,https://api.hh.ru/vacancies/114173213?host=hh.ru,"['Программист, разработчик']",150000.0,,RUR,True
4642,113853554,Главный бухгалтер,https://api.hh.ru/vacancies/113853554?host=hh.ru,['Бухгалтер'],300000.0,300000.0,RUR,True
4643,114409104,Менеджер проектов,https://api.hh.ru/vacancies/114409104?host=hh.ru,['Руководитель проектов'],200000.0,400000.0,RUR,False
4644,114186342,Junior Web Developer,https://api.hh.ru/vacancies/114186342?host=hh.ru,"['Программист, разработчик']",,,,
4645,111784182,Frontend-разработчик,https://api.hh.ru/vacancies/111784182?host=hh.ru,"['Программист, разработчик']",140000.0,,RUR,False
4646,112701676,Главный экономист,https://api.hh.ru/vacancies/112701676?host=hh.ru,['Экономист'],195400.0,195400.0,RUR,True
4647,106777138,Тестировщик,https://api.hh.ru/vacancies/106777138?host=hh.ru,['Тестировщик'],180000.0,,RUR,True
4648,108939852,Тестировщик ПО,https://api.hh.ru/vacancies/108939852?host=hh.ru,['Тестировщик'],,,,
4649,111351970,QA engineer,https://api.hh.ru/vacancies/111351970?host=hh.ru,['Тестировщик'],,,,
4650,111208519,Программист/Разработчик 1С ЗУП,https://api.hh.ru/vacancies/111208519?host=hh.ru,"['Программист, разработчик']",,,,
4651,114181258,Unity-разработчик,https://api.hh.ru/vacancies/114181258?host=hh.ru,"['Программист, разработчик']",,,,
4652,114200820,"Младший продуктовый дизайнер, Ozon fresh, группа продуктового дизайна",https://api.hh.ru/vacancies/114200820?host=hh.ru,"['Дизайнер, художник']",,,,
4653,114304794,Специалист по тестированию,https://api.hh.ru/vacancies/114304794?host=hh.ru,['Тестировщик'],,,,
4654,112494402,Стажер - программист,https://api.hh.ru/vacancies/112494402?host=hh.ru,"['Программист, разработчик']",60000.0,60000.0,RUR,True
4655,114035860,Руководитель отдела обучения,https://api.hh.ru/vacancies/114035860?host=hh.ru,['Другое'],,,,
4656,110081935,QA engineer (ручное тестирование),https://api.hh.ru/vacancies/110081935?host=hh.ru,['Тестировщик'],,,,
4657,111968116,Тестировщик,https://api.hh.ru/vacancies/111968116?host=hh.ru,['Тестировщик'],,,,
4658,114055064,Программист Python,https://api.hh.ru/vacancies/114055064?host=hh.ru,"['Программист, разработчик']",,,,
4659,114035401,Python-разработчик,https://api.hh.ru/vacancies/114035401?host=hh.ru,"['Программист, разработчик']",,180000.0,RUR,False
4660,112349609,Сетевой инженер (Senior),https://api.hh.ru/vacancies/112349609?host=hh.ru,['Сетевой инженер'],,340000.0,RUR,False
4661,114030513,SEO-специалист,https://api.hh.ru/vacancies/114030513?host=hh.ru,"['Менеджер по маркетингу, интернет-маркетолог']",,,,
4662,110426467,Frontend Developer,https://api.hh.ru/vacancies/110426467?host=hh.ru,"['Программист, разработчик']",,,,
4663,114552525,Директор по маркетингу,https://api.hh.ru/vacancies/114552525?host=hh.ru,['Директор по маркетингу и PR (CMO)'],,,,
4664,114301798,Ruby Developer,https://api.hh.ru/vacancies/114301798?host=hh.ru,"['Программист, разработчик']",,,,
4665,114180591,Python developer,https://api.hh.ru/vacancies/114180591?host=hh.ru,"['Программист, разработчик']",,,,
4666,112969506,NodeJS-разработчик,https://api.hh.ru/vacancies/112969506?host=hh.ru,"['Программист, разработчик']",,100000.0,RUR,False
4667,112602893,Frontend developer (JavaScript),https://api.hh.ru/vacancies/112602893?host=hh.ru,"['Программист, разработчик']",4000.0,,EUR,False
4668,114294649,Junior Go Developer,https://api.hh.ru/vacancies/114294649?host=hh.ru,"['Программист, разработчик']",,,,
4669,88474606,Middle Java Developer,https://api.hh.ru/vacancies/88474606?host=hh.ru,"['Программист, разработчик']",,,,
4670,111974146,QA Engineer,https://api.hh.ru/vacancies/111974146?host=hh.ru,['Тестировщик'],,,,
4671,113709452,Frontend-разработчик/Верстальщик,https://api.hh.ru/vacancies/113709452?host=hh.ru,"['Программист, разработчик']",200000.0,,RUR,False
4672,113748398,Frontend-разработчик,https://api.hh.ru/vacancies/113748398?host=hh.ru,"['Программист, разработчик']",300000.0,,RUR,False
4673,113777606,"Javascript разработчик (React, Typescript)",https://api.hh.ru/vacancies/113777606?host=hh.ru,"['Программист, разработчик']",,250000.0,RUR,True
4674,111973801,QA Manual,https://api.hh.ru/vacancies/111973801?host=hh.ru,['Тестировщик'],,,,
4675,114289415,Project Manager в стартап,https://api.hh.ru/vacancies/114289415?host=hh.ru,['Руководитель проектов'],300000.0,,RUR,False
4676,113737900,Младший Web3-разработчик (Junior),https://api.hh.ru/vacancies/113737900?host=hh.ru,"['Программист, разработчик']",500.0,3000.0,USD,False
4677,110125834,Менеджер по продажам B2B,https://api.hh.ru/vacancies/110125834?host=hh.ru,"['Менеджер по продажам, менеджер по работе с клиентами']",80000.0,150000.0,RUR,True
4678,112440990,Руководитель проектов,https://api.hh.ru/vacancies/112440990?host=hh.ru,['Руководитель проектов'],450000.0,,RUR,False
4679,106472891,Куратор студентов в Яндекс Практикум,https://api.hh.ru/vacancies/106472891?host=hh.ru,['Другое'],50000.0,50000.0,RUR,False
4680,112578308,Стажер-разработчик,https://api.hh.ru/vacancies/112578308?host=hh.ru,"['Программист, разработчик']",,,,
4681,113708255,Директор по персоналу (HRD),https://api.hh.ru/vacancies/113708255?host=hh.ru,['Директор по персоналу (HRD)'],,,,
4682,114291916,Аналитик данных,https://api.hh.ru/vacancies/114291916?host=hh.ru,"['BI-аналитик, аналитик данных']",,,,
4683,113708679,Младший программист C# (Junior C#),https://api.hh.ru/vacancies/113708679?host=hh.ru,"['Программист, разработчик']",60000.0,,RUR,True
4684,113753387,Middle + IOS разработчик,https://api.hh.ru/vacancies/113753387?host=hh.ru,"['Программист, разработчик']",,,,
4685,114174696,Дизайнер по продукту,https://api.hh.ru/vacancies/114174696?host=hh.ru,"['Дизайнер, художник']",,,,
4686,114186206,Python-разработчик,https://api.hh.ru/vacancies/114186206?host=hh.ru,"['Программист, разработчик']",,,,
4687,113734033,Тестировщик,https://api.hh.ru/vacancies/113734033?host=hh.ru,['Тестировщик'],80000.0,90000.0,RUR,False
4688,113749302,IOS (Swift) Разработчик,https://api.hh.ru/vacancies/113749302?host=hh.ru,"['Программист, разработчик']",,,,
4689,112181553,"Frontend-разработчик (React, JS)",https://api.hh.ru/vacancies/112181553?host=hh.ru,"['Программист, разработчик']",,,,
4690,112564663,Junior/Middle Frontend разработчик (React),https://api.hh.ru/vacancies/112564663?host=hh.ru,"['Программист, разработчик']",,70000.0,RUR,False
4691,111902695,QA Manual,https://api.hh.ru/vacancies/111902695?host=hh.ru,['Тестировщик'],,,,
4692,112299415,Фронтенд разработчик (Typescript+React),https://api.hh.ru/vacancies/112299415?host=hh.ru,"['Программист, разработчик']",,,,
4693,112777719,Программист станков с ЧПУ,https://api.hh.ru/vacancies/112777719?host=hh.ru,['Оператор станков с ЧПУ'],300000.0,,RUR,True
4694,111961397,Frontend Developer (Vue.JS),https://api.hh.ru/vacancies/111961397?host=hh.ru,"['Программист, разработчик']",150000.0,250000.0,RUR,False
4695,112344567,Стажер-программист Go/Golang,https://api.hh.ru/vacancies/112344567?host=hh.ru,"['Программист, разработчик']",,,,
4696,113915186,Младший аналитик (разработка отчетности),https://api.hh.ru/vacancies/113915186?host=hh.ru,['Системный аналитик'],60000.0,120000.0,RUR,True
4697,111806448,Инженер по тестированию,https://api.hh.ru/vacancies/111806448?host=hh.ru,['Тестировщик'],,,,
4698,113011660,Web/Mobile QA Engineer,https://api.hh.ru/vacancies/113011660?host=hh.ru,['Тестировщик'],,,,
4699,113734701,Оператор интернет-магазина,https://api.hh.ru/vacancies/113734701?host=hh.ru,['Специалист технической поддержки'],70000.0,,RUR,False
4700,113741866,Руководитель юридического отдела (GLA),https://api.hh.ru/vacancies/113741866?host=hh.ru,['Директор юридического департамента (CLO)'],400000.0,550000.0,RUR,True
4701,114077445,Frontend-разработчик,https://api.hh.ru/vacancies/114077445?host=hh.ru,"['Программист, разработчик']",200000.0,,RUR,False
4702,113313389,Бухгалтер / Главный бухгалтер в единственном лице,https://api.hh.ru/vacancies/113313389?host=hh.ru,['Бухгалтер'],150000.0,,RUR,True
4703,113718498,UX/UI-дизайнер,https://api.hh.ru/vacancies/113718498?host=hh.ru,"['Дизайнер, художник']",150000.0,,RUR,False
4704,113905430,QA Manual Engineer,https://api.hh.ru/vacancies/113905430?host=hh.ru,['Тестировщик'],,,,
4705,113925950,Junior Game Designer,https://api.hh.ru/vacancies/113925950?host=hh.ru,['Гейм-дизайнер'],65000.0,95000.0,RUR,False
4706,110625167,QA manual engineer (Middle),https://api.hh.ru/vacancies/110625167?host=hh.ru,['Тестировщик'],,,,
4707,113913079,Junior 2D-Artist,https://api.hh.ru/vacancies/113913079?host=hh.ru,"['Дизайнер, художник']",75000.0,125000.0,RUR,False
4708,114183497,Product Owner,https://api.hh.ru/vacancies/114183497?host=hh.ru,['Менеджер продукта'],,,,
4709,114314858,Программист Python,https://api.hh.ru/vacancies/114314858?host=hh.ru,"['Программист, разработчик']",,,,
4710,112647431,Frontend-разработчик,https://api.hh.ru/vacancies/112647431?host=hh.ru,"['Программист, разработчик']",,,,
4711,93563062,Разработчик С++ (Junior),https://api.hh.ru/vacancies/93563062?host=hh.ru,"['Программист, разработчик']",,130000.0,RUR,False
4712,112880774,Тестировщик,https://api.hh.ru/vacancies/112880774?host=hh.ru,['Тестировщик'],60000.0,80000.0,RUR,True
4713,113326253,Junior Java разработчик,https://api.hh.ru/vacancies/113326253?host=hh.ru,"['Программист, разработчик']",,,,
4714,112769129,QA Manual,https://api.hh.ru/vacancies/112769129?host=hh.ru,['Тестировщик'],,,,
4715,113742722,QA Junior,https://api.hh.ru/vacancies/113742722?host=hh.ru,['Тестировщик'],,,,
4716,113812224,Разработчик Python,https://api.hh.ru/vacancies/113812224?host=hh.ru,"['Программист, разработчик']",150000.0,250000.0,RUR,True
4717,112774797,Бухгалтер - экономист,https://api.hh.ru/vacancies/112774797?host=hh.ru,['Бухгалтер'],80000.0,,RUR,False
4718,114301805,Frontend-разработчик junior +,https://api.hh.ru/vacancies/114301805?host=hh.ru,"['Программист, разработчик']",50000.0,70000.0,RUR,False
4719,112993609,Junior Java Developer,https://api.hh.ru/vacancies/112993609?host=hh.ru,"['Программист, разработчик']",100000.0,150000.0,RUR,False
4720,114021968,Unity-разработчик (GameDev),https://api.hh.ru/vacancies/114021968?host=hh.ru,"['Режиссер, сценарист']",,,,
4721,111312670,Личный помощник руководителя/личный ассистент,https://api.hh.ru/vacancies/111312670?host=hh.ru,"['Секретарь, помощник руководителя, ассистент']",200000.0,200000.0,RUR,False
4722,112047738,Product manager / Менеджер продукта,https://api.hh.ru/vacancies/112047738?host=hh.ru,['Менеджер продукта'],4000.0,,EUR,False
4723,114303354,Управляющий складом,https://api.hh.ru/vacancies/114303354?host=hh.ru,['Другое'],150000.0,180000.0,RUR,False
4724,111895265,Frontend Developer,https://api.hh.ru/vacancies/111895265?host=hh.ru,"['Программист, разработчик']",,,,
4725,112449354,Офис-менеджер,https://api.hh.ru/vacancies/112449354?host=hh.ru,['Офис-менеджер'],,100000.0,RUR,False
4726,113150600,Frontend-разработчик,https://api.hh.ru/vacancies/113150600?host=hh.ru,"['Программист, разработчик']",,,,
4727,114020282,HR Business Partner,https://api.hh.ru/vacancies/114020282?host=hh.ru,['Менеджер по персоналу'],,,,
4728,106883136,"Frontend-разработчик в Only (Next.js, React)",https://api.hh.ru/vacancies/106883136?host=hh.ru,"['Программист, разработчик']",140000.0,,RUR,False
4729,113713223,QA-специалист / Тестировщик,https://api.hh.ru/vacancies/113713223?host=hh.ru,['Тестировщик'],100000.0,120000.0,RUR,False
4730,114295085,Frontend-разработчик,https://api.hh.ru/vacancies/114295085?host=hh.ru,"['Программист, разработчик']",,,,
4731,114530644,Инженер поддержки (3 линия) в команду железнодорожного сервиса путешествий,https://api.hh.ru/vacancies/114530644?host=hh.ru,['Специалист технической поддержки'],,,,
4732,113876985,Frontend-разработчик,https://api.hh.ru/vacancies/113876985?host=hh.ru,"['Программист, разработчик']",110000.0,280000.0,RUR,False
4733,106289021,Специалист (в офис),https://api.hh.ru/vacancies/106289021?host=hh.ru,['Другое'],200000.0,250000.0,RUR,False
4734,112772568,Тестировщик / специалист технической поддержки,https://api.hh.ru/vacancies/112772568?host=hh.ru,['Специалист технической поддержки'],50000.0,80000.0,RUR,False
4735,114290757,2D artist / 2D-художник,https://api.hh.ru/vacancies/114290757?host=hh.ru,"['Дизайнер, художник']",,,,
4736,113805704,Frontend Developer,https://api.hh.ru/vacancies/113805704?host=hh.ru,"['Программист, разработчик']",,300000.0,RUR,False
4737,114172002,Специалист по кадрам,https://api.hh.ru/vacancies/114172002?host=hh.ru,['Специалист по кадрам'],130000.0,,RUR,False
4738,113347504,Frontend-разработчик (Middle | React),https://api.hh.ru/vacancies/113347504?host=hh.ru,"['Программист, разработчик']",190000.0,,RUR,False
4739,113712225,Chief Legal Officer,https://api.hh.ru/vacancies/113712225?host=hh.ru,['Юрист'],,,,
4740,114177484,QA Head,https://api.hh.ru/vacancies/114177484?host=hh.ru,['Тестировщик'],400000.0,550000.0,RUR,False
4741,114019571,Frontend Developer,https://api.hh.ru/vacancies/114019571?host=hh.ru,"['Программист, разработчик']",,,,
4742,114200605,Frontend-разработчик,https://api.hh.ru/vacancies/114200605?host=hh.ru,"['Программист, разработчик']",,,,
4743,113855510,HR Business Partner / HRBP,https://api.hh.ru/vacancies/113855510?host=hh.ru,['Менеджер по персоналу'],,,,
4744,112743163,Junior IT специалист | Системный аналитик,https://api.hh.ru/vacancies/112743163?host=hh.ru,['Системный аналитик'],100000.0,160000.0,RUR,False
4745,111956488,Frontend-разработчик Typescript React в IT-компанию,https://api.hh.ru/vacancies/111956488?host=hh.ru,"['Программист, разработчик']",,,,
4746,113728840,Химик в R&D в лабораторию,https://api.hh.ru/vacancies/113728840?host=hh.ru,"['Научный специалист, исследователь']",120000.0,,RUR,True
4747,109066452,Junior Python Backend Developer,https://api.hh.ru/vacancies/109066452?host=hh.ru,"['Программист, разработчик']",,,,
4748,112350661,QA Backend,https://api.hh.ru/vacancies/112350661?host=hh.ru,['Тестировщик'],70000.0,,RUR,False
4749,112842588,Junior QA-инженер (мануальное тестирование),https://api.hh.ru/vacancies/112842588?host=hh.ru,['Тестировщик'],,,,
4750,113752249,QA manual,https://api.hh.ru/vacancies/113752249?host=hh.ru,['Тестировщик'],180000.0,180000.0,RUR,False
4751,113014935,Тестировщик ПО,https://api.hh.ru/vacancies/113014935?host=hh.ru,['Тестировщик'],,,,
4752,113726487,"Frontend-разработчик (TypeScript, React)",https://api.hh.ru/vacancies/113726487?host=hh.ru,"['Программист, разработчик']",,,,
4753,113858605,Главный бухгалтер (собственная коммерческая недвижимость),https://api.hh.ru/vacancies/113858605?host=hh.ru,['Бухгалтер'],,,,
4754,112334724,"QA-специалист/тестировщик, middle",https://api.hh.ru/vacancies/112334724?host=hh.ru,['Тестировщик'],,,,
4755,113708271,QA Engineer (manual),https://api.hh.ru/vacancies/113708271?host=hh.ru,['Тестировщик'],,,,
4756,114185515,Специалист по тестированию,https://api.hh.ru/vacancies/114185515?host=hh.ru,['Тестировщик'],,,,
4757,113121530,Head of Sales / Руководитель отдела продаж (AI),https://api.hh.ru/vacancies/113121530?host=hh.ru,['Руководитель отдела продаж'],800000.0,,RUR,False
4758,114296956,Junior QA Engineer,https://api.hh.ru/vacancies/114296956?host=hh.ru,['Тестировщик'],60000.0,100000.0,RUR,False
4759,111752683,Frontend-разработчик (React),https://api.hh.ru/vacancies/111752683?host=hh.ru,"['Программист, разработчик']",,,,
4760,114023206,Product Owner,https://api.hh.ru/vacancies/114023206?host=hh.ru,['Менеджер продукта'],,8000.0,USD,False
4761,112054332,QA Engineer,https://api.hh.ru/vacancies/112054332?host=hh.ru,['Тестировщик'],140000.0,,RUR,False
4762,113879507,"Модератор социального сервиса (Фото, Чаты и Верификация)",https://api.hh.ru/vacancies/113879507?host=hh.ru,"['Копирайтер, редактор, корректор']",21125.0,27375.0,RUR,False
4763,112725665,Веб-программист,https://api.hh.ru/vacancies/112725665?host=hh.ru,"['Программист, разработчик']",53000.0,155000.0,RUR,False
4764,113153597,Front-End разработчик React,https://api.hh.ru/vacancies/113153597?host=hh.ru,"['Программист, разработчик']",150000.0,250000.0,RUR,False
4765,114407458,Менеджер по продажам B2B,https://api.hh.ru/vacancies/114407458?host=hh.ru,"['Менеджер по продажам, менеджер по работе с клиентами']",200000.0,,RUR,False
4766,114315341,Дизайнер UX/UI,https://api.hh.ru/vacancies/114315341?host=hh.ru,"['Дизайнер, художник']",80000.0,,RUR,False
4767,112793704,Инженер по тестированию (Middle),https://api.hh.ru/vacancies/112793704?host=hh.ru,['Тестировщик'],,,,
4768,112794615,SEO-специалист,https://api.hh.ru/vacancies/112794615?host=hh.ru,"['Менеджер по маркетингу, интернет-маркетолог']",100000.0,,RUR,True
4769,114180038,Java-разработчик,https://api.hh.ru/vacancies/114180038?host=hh.ru,"['Программист, разработчик']",,,,
4770,113311450,HR-бизнес-партнер (HR BP),https://api.hh.ru/vacancies/113311450?host=hh.ru,['Менеджер по персоналу'],,,,
4771,113700892,Golang developer (middle),https://api.hh.ru/vacancies/113700892?host=hh.ru,"['Программист, разработчик']",,,,
4772,113994009,Веб-дизайнер (UI/UX дизайнер),https://api.hh.ru/vacancies/113994009?host=hh.ru,"['Дизайнер, художник']",100000.0,,RUR,True
4773,113862353,Frontend-разработчик (React),https://api.hh.ru/vacancies/113862353?host=hh.ru,"['Программист, разработчик']",250000.0,300000.0,RUR,False
4774,114302837,Vue frontend middle+/senior,https://api.hh.ru/vacancies/114302837?host=hh.ru,"['Программист, разработчик']",300000.0,400000.0,RUR,False
4775,113850442,Senior frontend-разработчик (react),https://api.hh.ru/vacancies/113850442?host=hh.ru,"['Программист, разработчик']",,,,
4776,113324900,Программист Front-End (junior),https://api.hh.ru/vacancies/113324900?host=hh.ru,"['Программист, разработчик']",,,,
4777,113757802,Специалист технической поддержки/Системный администратор,https://api.hh.ru/vacancies/113757802?host=hh.ru,['Системный администратор'],,200000.0,RUR,True
4778,109061781,Middle QA-engineer (гибридный формат работы),https://api.hh.ru/vacancies/109061781?host=hh.ru,['Тестировщик'],,,,
4779,113727368,Middle Frontend Developer в онлайн-проект,https://api.hh.ru/vacancies/113727368?host=hh.ru,"['Программист, разработчик']",250000.0,,RUR,True
4780,114278782,React developer,https://api.hh.ru/vacancies/114278782?host=hh.ru,"['Программист, разработчик']",200000.0,,RUR,False
4781,114088852,Middle QA engineer,https://api.hh.ru/vacancies/114088852?host=hh.ru,['Тестировщик'],,,,
4782,114163817,Data scientist (Junior) в консалтинг,https://api.hh.ru/vacancies/114163817?host=hh.ru,['Аналитик'],50000.0,,RUR,False
4783,114070003,Python разработчик,https://api.hh.ru/vacancies/114070003?host=hh.ru,"['Программист, разработчик']",,,,
4784,112551325,Коммерческий директор (CCO),https://api.hh.ru/vacancies/112551325?host=hh.ru,['Коммерческий директор (CCO)'],300000.0,,RUR,True
4785,114042880,Web-разработчик,https://api.hh.ru/vacancies/114042880?host=hh.ru,"['Программист, разработчик']",150000.0,,RUR,False
4786,111811536,Специалист по тестированию ПО/QA,https://api.hh.ru/vacancies/111811536?host=hh.ru,['Тестировщик'],,,,
4787,113710459,3D Artist,https://api.hh.ru/vacancies/113710459?host=hh.ru,"['Дизайнер, художник']",,,,
4788,114034854,Middle C# Unity Developer в стартап: перевернуть геймдев!,https://api.hh.ru/vacancies/114034854?host=hh.ru,"['Программист, разработчик']",120000.0,,RUR,False
4789,109825393,"Frontend разработчик (JavaScript/TypeScript, react)",https://api.hh.ru/vacancies/109825393?host=hh.ru,"['Программист, разработчик']",,,,
4790,113880307,Frontend developer(middle),https://api.hh.ru/vacancies/113880307?host=hh.ru,"['Программист, разработчик']",200000.0,250000.0,RUR,False
4791,112345947,Vue разработчик,https://api.hh.ru/vacancies/112345947?host=hh.ru,"['Программист, разработчик']",200000.0,,RUR,True
4792,113862844,Head of Direct Procurement Department (strategic raw materials procurement team),https://api.hh.ru/vacancies/113862844?host=hh.ru,['Менеджер по закупкам'],,,,
4793,114077366,Технический руководитель направления,https://api.hh.ru/vacancies/114077366?host=hh.ru,['Технический директор (CTO)'],,,,
4794,114291502,Коммерческий директор (CCO),https://api.hh.ru/vacancies/114291502?host=hh.ru,['Коммерческий директор (CCO)'],5000.0,,USD,False
4795,113732618,Руководитель управления по контрактной работе и закупкам,https://api.hh.ru/vacancies/113732618?host=hh.ru,['Менеджер по закупкам'],,,,
4796,113739398,Аналитик данных,https://api.hh.ru/vacancies/113739398?host=hh.ru,"['BI-аналитик, аналитик данных']",230000.0,,RUR,True
4797,113915291,Коммерческий директор,https://api.hh.ru/vacancies/113915291?host=hh.ru,['Коммерческий директор (CCO)'],2500.0,,EUR,True
4798,112075013,Офис-менеджер,https://api.hh.ru/vacancies/112075013?host=hh.ru,['Офис-менеджер'],,,,
4799,112033038,Golang developer,https://api.hh.ru/vacancies/112033038?host=hh.ru,"['Программист, разработчик']",,,,
4800,111421964,Старший Java разработчик,https://api.hh.ru/vacancies/111421964?host=hh.ru,"['Программист, разработчик']",,,,
4801,114016276,Python Backend Developer,https://api.hh.ru/vacancies/114016276?host=hh.ru,"['Программист, разработчик']",,,,
4802,112704970,Инженер-тестировщик,https://api.hh.ru/vacancies/112704970?host=hh.ru,['Тестировщик'],,,,
4803,114186405,Frontend-разработчик в команду Цифровизации малого бизнеса,https://api.hh.ru/vacancies/114186405?host=hh.ru,"['Программист, разработчик']",,,,
4804,114299129,UX/UI-дизайнер,https://api.hh.ru/vacancies/114299129?host=hh.ru,"['Дизайнер, художник']",,,,
4805,112031098,Senior Frontend разработчик,https://api.hh.ru/vacancies/112031098?host=hh.ru,"['Программист, разработчик']",,5000.0,USD,True
4806,112389317,Менеджер по работе с клиентами,https://api.hh.ru/vacancies/112389317?host=hh.ru,"['Менеджер по продажам, менеджер по работе с клиентами']",110000.0,,RUR,False
4807,114292016,Middle-разработчик Java,https://api.hh.ru/vacancies/114292016?host=hh.ru,"['Программист, разработчик']",,,,
4808,113724797,Менеджер проектов / Менеджер продукта,https://api.hh.ru/vacancies/113724797?host=hh.ru,['Менеджер продукта'],90000.0,180000.0,RUR,False
4809,114296381,Сценарист (Gamedev),https://api.hh.ru/vacancies/114296381?host=hh.ru,"['Режиссер, сценарист']",,,,
4810,114303987,Head of Marketing (CMO),https://api.hh.ru/vacancies/114303987?host=hh.ru,['Директор по маркетингу и PR (CMO)'],,,,
4811,113269738,Fronted-разработчик,https://api.hh.ru/vacancies/113269738?host=hh.ru,"['Программист, разработчик']",180000.0,,RUR,False
4812,112736638,Руководитель административно-хозяйственного отдела,https://api.hh.ru/vacancies/112736638?host=hh.ru,['Менеджер/руководитель АХО'],,,,
4813,113709947,2D Artist,https://api.hh.ru/vacancies/113709947?host=hh.ru,"['Дизайнер, художник']",,,,
4814,114555249,.NET разработчик,https://api.hh.ru/vacancies/114555249?host=hh.ru,"['Программист, разработчик']",,,,
4815,113802862,PHP-разработчик (Laravel),https://api.hh.ru/vacancies/113802862?host=hh.ru,"['Программист, разработчик']",,,,
4816,113468531,Стажер-программист ASP.NET (C#),https://api.hh.ru/vacancies/113468531?host=hh.ru,"['Программист, разработчик']",50000.0,150000.0,RUR,False
4817,114206273,Проектный менеджер/Бизнес-аналитик,https://api.hh.ru/vacancies/114206273?host=hh.ru,['Бизнес-аналитик'],300000.0,,RUR,False
4818,114252164,Руководитель 1С,https://api.hh.ru/vacancies/114252164?host=hh.ru,['Руководитель проектов'],400000.0,,RUR,False
4819,113205784,UI/UX-дизайнер,https://api.hh.ru/vacancies/113205784?host=hh.ru,"['Дизайнер, художник']",120000.0,160000.0,RUR,True
4820,112753288,Node.js разработчик,https://api.hh.ru/vacancies/112753288?host=hh.ru,"['Программист, разработчик']",,,,
4821,112833390,Младший тестировщик BI,https://api.hh.ru/vacancies/112833390?host=hh.ru,['Тестировщик'],,,,
4822,114177279,Младший разработчик,https://api.hh.ru/vacancies/114177279?host=hh.ru,"['Программист, разработчик']",,,,
4823,114477880,Младший системный администратор,https://api.hh.ru/vacancies/114477880?host=hh.ru,['Системный администратор'],40000.0,80000.0,RUR,False
4824,114173266,Системный аналитик,https://api.hh.ru/vacancies/114173266?host=hh.ru,['Системный аналитик'],,,,
4825,114296896,Middle QA Engineer,https://api.hh.ru/vacancies/114296896?host=hh.ru,['Тестировщик'],110000.0,160000.0,RUR,False
4826,113848091,Middle frontend developer,https://api.hh.ru/vacancies/113848091?host=hh.ru,"['Программист, разработчик']",,200000.0,RUR,False
4827,114177184,Python-разработчик,https://api.hh.ru/vacancies/114177184?host=hh.ru,"['Программист, разработчик']",120000.0,250000.0,RUR,False
4828,114175400,Middle frontend developer,https://api.hh.ru/vacancies/114175400?host=hh.ru,"['Программист, разработчик']",,,,
4829,112735810,QA тестировщик,https://api.hh.ru/vacancies/112735810?host=hh.ru,['Тестировщик'],,,,
4830,110286826,Intern Data Analyst / Стажер - аналитик данных,https://api.hh.ru/vacancies/110286826?host=hh.ru,['Другое'],100000.0,,RUR,True
4831,112237717,Frontend-разработчик ReactJS,https://api.hh.ru/vacancies/112237717?host=hh.ru,"['Программист, разработчик']",80000.0,140000.0,RUR,False
4832,112765424,Менеджер продукта,https://api.hh.ru/vacancies/112765424?host=hh.ru,['Менеджер продукта'],,,,
4833,111881952,Frontend-разработчик React/TypeScript (продуктовая разработка),https://api.hh.ru/vacancies/111881952?host=hh.ru,"['Программист, разработчик']",,,,
4834,112970946,Программист 1С,https://api.hh.ru/vacancies/112970946?host=hh.ru,"['Программист, разработчик']",450000.0,,RUR,True
4835,108988570,Junior Frontend Developer React,https://api.hh.ru/vacancies/108988570?host=hh.ru,"['Программист, разработчик']",60000.0,,RUR,False
4836,112984972,Middle frontend developer (React),https://api.hh.ru/vacancies/112984972?host=hh.ru,"['Программист, разработчик']",,300000.0,RUR,False
4837,114088958,"Frontend developer (vue, nuxt) Fanzee Labs",https://api.hh.ru/vacancies/114088958?host=hh.ru,"['Программист, разработчик']",,,,
4838,112579543,Специалист клиентской поддержки (Customer support manager),https://api.hh.ru/vacancies/112579543?host=hh.ru,['Специалист технической поддержки'],,100000.0,RUR,False
4839,113142356,Методист,https://api.hh.ru/vacancies/113142356?host=hh.ru,['Методист'],100000.0,140000.0,RUR,False
4840,112687371,Разработчик Python,https://api.hh.ru/vacancies/112687371?host=hh.ru,"['Программист, разработчик']",,,,
4841,113722925,Системный аналитик,https://api.hh.ru/vacancies/113722925?host=hh.ru,['Системный аналитик'],,,,
4842,113874688,Web Designer,https://api.hh.ru/vacancies/113874688?host=hh.ru,"['Дизайнер, художник']",,,,
4843,113878966,Java developer (MiddleUpper-middle),https://api.hh.ru/vacancies/113878966?host=hh.ru,"['Программист, разработчик']",,,,
4844,108474700,Инженер-тестировщик ПО,https://api.hh.ru/vacancies/108474700?host=hh.ru,['Тестировщик'],,,,
4845,113716284,Тестировщик/QA engineer,https://api.hh.ru/vacancies/113716284?host=hh.ru,['Тестировщик'],,,,
4846,113880536,Дизайнер образовательного опыта/методист,https://api.hh.ru/vacancies/113880536?host=hh.ru,['Методист'],120000.0,,RUR,False
4847,113737795,GR директор,https://api.hh.ru/vacancies/113737795?host=hh.ru,['PR-менеджер'],,,,
4848,114177058,Контент-менеджер\Администратор сайтов (гибрид),https://api.hh.ru/vacancies/114177058?host=hh.ru,"['SMM-менеджер, контент-менеджер']",80000.0,90000.0,RUR,False
4849,114181477,3D Character Artist,https://api.hh.ru/vacancies/114181477?host=hh.ru,"['Дизайнер, художник']",,,,
4850,112787920,Junior game designer,https://api.hh.ru/vacancies/112787920?host=hh.ru,['Гейм-дизайнер'],,50000.0,RUR,False
4851,113031965,User Experience Manager,https://api.hh.ru/vacancies/113031965?host=hh.ru,"['Менеджер по маркетингу, интернет-маркетолог']",,,,
4852,111742154,Специалист по тестированию,https://api.hh.ru/vacancies/111742154?host=hh.ru,['Тестировщик'],,,,
4853,112536445,Менеджер по продажам 1 линии / Квалификатор / Менеджер call-центра,https://api.hh.ru/vacancies/112536445?host=hh.ru,"['Менеджер по продажам, менеджер по работе с клиентами']",50000.0,,RUR,False
4854,113705555,"Frontend Developer (JS, React)",https://api.hh.ru/vacancies/113705555?host=hh.ru,"['Программист, разработчик']",,,,
4855,113757918,Программист/разработчик PHP-backend,https://api.hh.ru/vacancies/113757918?host=hh.ru,"['Программист, разработчик']",180000.0,,RUR,True
4856,113856677,Unreal Engine Developer,https://api.hh.ru/vacancies/113856677?host=hh.ru,"['Программист, разработчик']",,,,
4857,114017541,Руководитель технической поддержки,https://api.hh.ru/vacancies/114017541?host=hh.ru,['Специалист технической поддержки'],150000.0,150000.0,RUR,False
4858,111210824,Консультант 1С ЗУП,https://api.hh.ru/vacancies/111210824?host=hh.ru,"['Программист, разработчик']",,,,
4859,113205571,Python-разработчик (full stack),https://api.hh.ru/vacancies/113205571?host=hh.ru,"['Программист, разработчик']",70000.0,110000.0,RUR,True
4860,113945751,Senior Frontend разработчик,https://api.hh.ru/vacancies/113945751?host=hh.ru,"['Программист, разработчик']",,,,
4861,113719450,Qa engineer,https://api.hh.ru/vacancies/113719450?host=hh.ru,['Тестировщик'],,,,
4862,114075080,Middle IOS developer,https://api.hh.ru/vacancies/114075080?host=hh.ru,"['Программист, разработчик']",,,,
4863,114187358,"Копирайтер (Хабр, VC)",https://api.hh.ru/vacancies/114187358?host=hh.ru,"['Копирайтер, редактор, корректор']",100000.0,,RUR,False
4864,112250837,Программист C++ Junior,https://api.hh.ru/vacancies/112250837?host=hh.ru,"['Программист, разработчик']",50000.0,,RUR,False
4865,114077326,Помощник/ассистент руководителя,https://api.hh.ru/vacancies/114077326?host=hh.ru,"['Секретарь, помощник руководителя, ассистент']",,,,
4866,112650455,Frontend Developer,https://api.hh.ru/vacancies/112650455?host=hh.ru,"['Программист, разработчик']",3000.0,5000.0,USD,True
4867,114067392,Frontend разработчик Vue,https://api.hh.ru/vacancies/114067392?host=hh.ru,"['Программист, разработчик']",,,,
4868,113743381,Тестировщик ПО,https://api.hh.ru/vacancies/113743381?host=hh.ru,['Тестировщик'],,,,
4869,113132496,QA WEB engineer,https://api.hh.ru/vacancies/113132496?host=hh.ru,['Тестировщик'],,,,
4870,114042241,Frontend-разработчик в DataPlatform,https://api.hh.ru/vacancies/114042241?host=hh.ru,"['Программист, разработчик']",,,,
4871,114211174,SQL-разработчик,https://api.hh.ru/vacancies/114211174?host=hh.ru,"['Программист, разработчик']",,,,
4872,114294619,Java Developer,https://api.hh.ru/vacancies/114294619?host=hh.ru,"['Программист, разработчик']",,,,
4873,113703287,Senior Backend Engineer,https://api.hh.ru/vacancies/113703287?host=hh.ru,"['Программист, разработчик']",5000.0,10000.0,USD,False
4874,112755025,Ведущий специалист казначейства,https://api.hh.ru/vacancies/112755025?host=hh.ru,['Казначей'],,,,
4875,112848425,Программист-стажёр,https://api.hh.ru/vacancies/112848425?host=hh.ru,['Другое'],,,,
4876,112746981,Frontend-разработчик,https://api.hh.ru/vacancies/112746981?host=hh.ru,"['Программист, разработчик']",70000.0,,RUR,False
4877,112341670,Специалист по тестированию ПО (Middle QA Engineer),https://api.hh.ru/vacancies/112341670?host=hh.ru,['Тестировщик'],130000.0,150000.0,RUR,False
4878,112704230,Оператор чата,https://api.hh.ru/vacancies/112704230?host=hh.ru,"['Оператор call-центра, специалист контактного центра']",,33000.0,RUR,False
4879,112713552,Junior Python Developer,https://api.hh.ru/vacancies/112713552?host=hh.ru,"['Программист, разработчик']",,,,
4880,114015671,Главный бухгалтер/бухгалтер в единственном числе,https://api.hh.ru/vacancies/114015671?host=hh.ru,['Бухгалтер'],140000.0,180000.0,RUR,False
4881,112709536,Frontend-разработчик,https://api.hh.ru/vacancies/112709536?host=hh.ru,"['Программист, разработчик']",,,,
4882,114289138,Unity Developer,https://api.hh.ru/vacancies/114289138?host=hh.ru,"['Программист, разработчик']",,,,
4883,112770647,Python Разработчик (Middle),https://api.hh.ru/vacancies/112770647?host=hh.ru,"['Программист, разработчик']",200000.0,250000.0,RUR,False
4884,113783213,Junior Machine Learning Developer,https://api.hh.ru/vacancies/113783213?host=hh.ru,['Дата-сайентист'],,,,
4885,110256668,Тестировщик,https://api.hh.ru/vacancies/110256668?host=hh.ru,['Тестировщик'],,,,
4886,113785716,Fullstack QA engineer,https://api.hh.ru/vacancies/113785716?host=hh.ru,['Тестировщик'],,200000.0,RUR,False
4887,112845056,Заместитель Главного бухгалтера по расчету заработной платы,https://api.hh.ru/vacancies/112845056?host=hh.ru,['Бухгалтер'],180000.0,,RUR,False
4888,111902514,HTML-верстальщик,https://api.hh.ru/vacancies/111902514?host=hh.ru,"['Программист, разработчик']",,,,
4889,114182830,Backend-разработчик python,https://api.hh.ru/vacancies/114182830?host=hh.ru,"['Программист, разработчик']",1000.0,2000.0,USD,False
4890,114182189,Руководитель службы поддержки пользователей,https://api.hh.ru/vacancies/114182189?host=hh.ru,['Специалист технической поддержки'],1400.0,1700.0,USD,True
4891,114201049,Frontend-разработчик,https://api.hh.ru/vacancies/114201049?host=hh.ru,"['Программист, разработчик']",,,,
4892,112627541,UX/UI-дизайнер,https://api.hh.ru/vacancies/112627541?host=hh.ru,"['Дизайнер, художник']",,,,
4893,113738966,Travel Manager,https://api.hh.ru/vacancies/113738966?host=hh.ru,['Другое'],,,,
4894,114184895,Golang-разработчик,https://api.hh.ru/vacancies/114184895?host=hh.ru,"['Программист, разработчик']",,170000.0,RUR,False
4895,113752525,Backend-разработчик,https://api.hh.ru/vacancies/113752525?host=hh.ru,"['Программист, разработчик']",,,,
4896,113127516,Фронтенд разработчик,https://api.hh.ru/vacancies/113127516?host=hh.ru,"['Программист, разработчик']",,,,
4897,114043335,Java Разработчик (Middle+),https://api.hh.ru/vacancies/114043335?host=hh.ru,"['Программист, разработчик']",,,,
4898,114409127,C# .NET Backend Middle разработчик,https://api.hh.ru/vacancies/114409127?host=hh.ru,"['Программист, разработчик']",100000.0,160000.0,RUR,True
4899,112339034,Middle java разработчик,https://api.hh.ru/vacancies/112339034?host=hh.ru,"['Программист, разработчик']",,,,
4900,113914707,Variable Pay Programs Lead (Compensation & Benefits),https://api.hh.ru/vacancies/113914707?host=hh.ru,['Менеджер по компенсациям и льготам'],,,,
4901,114189323,Разработчик C#,https://api.hh.ru/vacancies/114189323?host=hh.ru,"['Программист, разработчик']",,,,
4902,113712336,Менеджер по интернет-маркетингу,https://api.hh.ru/vacancies/113712336?host=hh.ru,"['Менеджер по маркетингу, интернет-маркетолог']",,,,
4903,105230178,Специалист по ручному тестированию\QA Middle,https://api.hh.ru/vacancies/105230178?host=hh.ru,['Тестировщик'],,,,
4904,111876904,"Middle QA Engineer (Kibana/Grafana, Kafka)",https://api.hh.ru/vacancies/111876904?host=hh.ru,['Тестировщик'],,,,
4905,112489199,Middle Frontend Developer (JavaScript),https://api.hh.ru/vacancies/112489199?host=hh.ru,"['Программист, разработчик']",,,,
4906,114285038,Специалист поддержки в Яндекс Практикум,https://api.hh.ru/vacancies/114285038?host=hh.ru,['Специалист технической поддержки'],50000.0,50000.0,RUR,False
4907,111986458,Инженер-программист junior,https://api.hh.ru/vacancies/111986458?host=hh.ru,"['Программист, разработчик']",110000.0,,RUR,True
4908,111422944,Менеджер по продажам (ИТ направление),https://api.hh.ru/vacancies/111422944?host=hh.ru,"['Менеджер по продажам, менеджер по работе с клиентами']",150000.0,,RUR,True
4909,114289628,Ведущий программист микроконтроллеров (Кипр),https://api.hh.ru/vacancies/114289628?host=hh.ru,"['Программист, разработчик']",5500.0,6000.0,EUR,False
4910,114158491,Технический лидер / Архитектор безопасности,https://api.hh.ru/vacancies/114158491?host=hh.ru,['Специалист по информационной безопасности'],700000.0,,RUR,False
4911,114184194,Руководитель проектов,https://api.hh.ru/vacancies/114184194?host=hh.ru,['Руководитель проектов'],,,,
4912,99835057,React Frontend Developer,https://api.hh.ru/vacancies/99835057?host=hh.ru,"['Программист, разработчик']",,,,
4913,112188638,Разработчик электронных курсов,https://api.hh.ru/vacancies/112188638?host=hh.ru,"['Программист, разработчик']",80000.0,80000.0,RUR,False
4914,114293641,Веб-разработчик,https://api.hh.ru/vacancies/114293641?host=hh.ru,"['Программист, разработчик']",100000.0,300000.0,RUR,True
4915,114301050,C#/.NET-разработчик,https://api.hh.ru/vacancies/114301050?host=hh.ru,"['Программист, разработчик']",,,,
4916,109454210,Системный аналитик ИТ-систем платёжного контура,https://api.hh.ru/vacancies/109454210?host=hh.ru,['Системный аналитик'],,,,
4917,109886655,"Junior Game Analyst (casual games, удаленно)",https://api.hh.ru/vacancies/109886655?host=hh.ru,['Аналитик'],,,,
4918,112873832,Junior Media buyer,https://api.hh.ru/vacancies/112873832?host=hh.ru,"['Менеджер по маркетингу, интернет-маркетолог']",,,,
4919,112765358,Junior JavaScript разработчик,https://api.hh.ru/vacancies/112765358?host=hh.ru,"['Программист, разработчик']",,,,
4920,113159941,Младший Python-разработчик (FastAPI),https://api.hh.ru/vacancies/113159941?host=hh.ru,"['Программист, разработчик']",,100000.0,RUR,False
4921,112351107,Frontend-разработчик (UI-Kit),https://api.hh.ru/vacancies/112351107?host=hh.ru,"['Программист, разработчик']",,,,
4922,114171572,Middle JavaScript Developer,https://api.hh.ru/vacancies/114171572?host=hh.ru,"['Программист, разработчик']",,,,
4923,112478635,QA Engineer,https://api.hh.ru/vacancies/112478635?host=hh.ru,['Тестировщик'],,,,
4924,112846665,Middle Java Developer,https://api.hh.ru/vacancies/112846665?host=hh.ru,"['Программист, разработчик']",,,,
4925,112436052,Младший тестировщик игр,https://api.hh.ru/vacancies/112436052?host=hh.ru,['Тестировщик'],80000.0,80000.0,RUR,True
4926,113858586,Frontend-разработчик (Junior)++,https://api.hh.ru/vacancies/113858586?host=hh.ru,"['Программист, разработчик']",,,,
4927,113866978,Project Manager (GameDev),https://api.hh.ru/vacancies/113866978?host=hh.ru,['Руководитель проектов'],,,,
4928,114292494,Юрист,https://api.hh.ru/vacancies/114292494?host=hh.ru,['Юрист'],100000.0,130000.0,RUR,False
4929,107340434,Инженер по тестированию,https://api.hh.ru/vacancies/107340434?host=hh.ru,['Тестировщик'],,,,
4930,113864421,Асессор/Специалист по разметке данных,https://api.hh.ru/vacancies/113864421?host=hh.ru,['Другое'],20000.0,,RUR,False
4931,114306373,Python Интеграция по API (Middle/Middle+),https://api.hh.ru/vacancies/114306373?host=hh.ru,"['Программист, разработчик']",150000.0,200000.0,RUR,False
4932,114184497,Бизнес/системный аналитик,https://api.hh.ru/vacancies/114184497?host=hh.ru,['Бизнес-аналитик'],,,,
4933,112262856,Инженер по тестированию ПО,https://api.hh.ru/vacancies/112262856?host=hh.ru,['Тестировщик'],,,,
4934,113277435,Директор по маркетингу,https://api.hh.ru/vacancies/113277435?host=hh.ru,['Директор по маркетингу и PR (CMO)'],300000.0,400000.0,RUR,False
4935,114027875,Senior Frontend Engineer,https://api.hh.ru/vacancies/114027875?host=hh.ru,"['Программист, разработчик']",,5000.0,USD,True
4936,112071890,Разработчик-стажер,https://api.hh.ru/vacancies/112071890?host=hh.ru,"['Программист, разработчик']",,,,
4937,114179274,Фронтед-разработчик,https://api.hh.ru/vacancies/114179274?host=hh.ru,"['Программист, разработчик']",,,,
4938,106966968,Ведущий программист,https://api.hh.ru/vacancies/106966968?host=hh.ru,"['Программист, разработчик']",,,,
4939,113727988,Ведущий HR менеджер / HRG,https://api.hh.ru/vacancies/113727988?host=hh.ru,['Специалист по подбору персонала'],,,,
4940,114048326,Middle Python Developer,https://api.hh.ru/vacancies/114048326?host=hh.ru,"['Программист, разработчик']",,,,
4941,114187102,Менеджер проектов в направлении инклюзии,https://api.hh.ru/vacancies/114187102?host=hh.ru,['Другое'],,,,
4942,112223045,Python Django Разработчик,https://api.hh.ru/vacancies/112223045?host=hh.ru,"['Программист, разработчик']",,,,
4943,114077322,PHP-разработчик,https://api.hh.ru/vacancies/114077322?host=hh.ru,"['Программист, разработчик']",300000.0,,RUR,False
4944,114350142,Бухгалтер по кассовым операциям и учету услуг,https://api.hh.ru/vacancies/114350142?host=hh.ru,['Бухгалтер'],,,,
4945,111524053,Middle / Middle+ Python разработчик,https://api.hh.ru/vacancies/111524053?host=hh.ru,"['Программист, разработчик']",,,,
4946,113741257,Руководитель отдела продаж (РОП),https://api.hh.ru/vacancies/113741257?host=hh.ru,['Руководитель отдела продаж'],,,,
4947,112770750,Системный аналитик (Планшеты),https://api.hh.ru/vacancies/112770750?host=hh.ru,['Системный аналитик'],,,,
4948,105749972,Digital Project Manager,https://api.hh.ru/vacancies/105749972?host=hh.ru,['Руководитель проектов'],,,,
4949,111939254,TeamLead / TeachLead Руководитель отдела разработки,https://api.hh.ru/vacancies/111939254?host=hh.ru,['Руководитель группы разработки'],500000.0,1500000.0,RUR,False
4950,112855753,Frontend-разработчик в IT-компанию,https://api.hh.ru/vacancies/112855753?host=hh.ru,"['Программист, разработчик']",170000.0,,RUR,False
4951,113744692,PHP Разработчик (Laravel),https://api.hh.ru/vacancies/113744692?host=hh.ru,"['Программист, разработчик']",100000.0,120000.0,RUR,False
4952,111327612,Junior верстальщик (Widget developer Team),https://api.hh.ru/vacancies/111327612?host=hh.ru,"['Программист, разработчик']",,,,
4953,112436992,Стажер DevOps-инженер,https://api.hh.ru/vacancies/112436992?host=hh.ru,['DevOps-инженер'],50000.0,,RUR,False
4954,112164673,Junior Process Analyst,https://api.hh.ru/vacancies/112164673?host=hh.ru,['Бизнес-аналитик'],100000.0,140000.0,RUR,True
4955,112577588,Продакт-менеджер сайта,https://api.hh.ru/vacancies/112577588?host=hh.ru,['Менеджер продукта'],,,,
4956,114184502,Программист C/C++,https://api.hh.ru/vacancies/114184502?host=hh.ru,"['Программист, разработчик']",190000.0,259000.0,RUR,False
4957,111889882,Секретарь офиса,https://api.hh.ru/vacancies/111889882?host=hh.ru,"['Секретарь, помощник руководителя, ассистент']",,,,
4958,112761585,"Full-stack разработчик (JavaScript, PostgreSQL)",https://api.hh.ru/vacancies/112761585?host=hh.ru,"['Программист, разработчик']",1000000.0,,RUR,False
4959,113703178,Промпт-инженер/Promp-engineer,https://api.hh.ru/vacancies/113703178?host=hh.ru,['Другое'],45000.0,75000.0,RUR,False
4960,112505507,QA engineer (Middle),https://api.hh.ru/vacancies/112505507?host=hh.ru,['Тестировщик'],,,,
4961,113272599,Менеджер по продажам,https://api.hh.ru/vacancies/113272599?host=hh.ru,"['Менеджер по продажам, менеджер по работе с клиентами']",110000.0,,RUR,False
4962,113836610,Бизнес-аналитик (Junior),https://api.hh.ru/vacancies/113836610?host=hh.ru,['Бизнес-аналитик'],90000.0,130000.0,RUR,False
4963,114301855,Маркетолог,https://api.hh.ru/vacancies/114301855?host=hh.ru,"['Менеджер по маркетингу, интернет-маркетолог']",120000.0,150000.0,RUR,False
4964,111986443,Тестировщик ПО (manual),https://api.hh.ru/vacancies/111986443?host=hh.ru,['Тестировщик'],150000.0,250000.0,RUR,False
4965,113865775,Руководитель группы международного маркетинга,https://api.hh.ru/vacancies/113865775?host=hh.ru,['Руководитель отдела маркетинга и рекламы'],,300000.0,RUR,True
4966,112352624,Специалист технической поддержки,https://api.hh.ru/vacancies/112352624?host=hh.ru,['Специалист технической поддержки'],80000.0,,RUR,False
4967,114022169,Project Manager (GameDev),https://api.hh.ru/vacancies/114022169?host=hh.ru,['Руководитель проектов'],,,,
4968,114297206,Python backend разработчик (Middle+),https://api.hh.ru/vacancies/114297206?host=hh.ru,"['Программист, разработчик']",160000.0,,RUR,False
4969,111975819,Junior Android-разработчик,https://api.hh.ru/vacancies/111975819?host=hh.ru,"['Программист, разработчик']",,120000.0,RUR,False
4970,111985987,QA Engineer/Тестировщик,https://api.hh.ru/vacancies/111985987?host=hh.ru,['Тестировщик'],100000.0,140000.0,RUR,False
4971,112869494,Технический интегратор,https://api.hh.ru/vacancies/112869494?host=hh.ru,['Руководитель группы разработки'],,,,
4972,107777551,Junior разработчик C#,https://api.hh.ru/vacancies/107777551?host=hh.ru,"['Программист, разработчик']",60000.0,120000.0,RUR,False
4973,112607639,Project manager,https://api.hh.ru/vacancies/112607639?host=hh.ru,['Другое'],280000.0,350000.0,RUR,False
4974,113019101,Digital-маркетолог,https://api.hh.ru/vacancies/113019101?host=hh.ru,"['Менеджер по маркетингу, интернет-маркетолог']",,,,
4975,112522800,Customer Support Agent,https://api.hh.ru/vacancies/112522800?host=hh.ru,['Специалист технической поддержки'],80000.0,,RUR,False
4976,111807231,Тестировщик / QA Engineer (Middle) (Удаленно),https://api.hh.ru/vacancies/111807231?host=hh.ru,['Тестировщик'],2100.0,2300.0,USD,False
4977,112506699,Инженер по тестированию,https://api.hh.ru/vacancies/112506699?host=hh.ru,['Тестировщик'],,,,
4978,113008773,Специалист административно-хозяйственного отдела (АХО),https://api.hh.ru/vacancies/113008773?host=hh.ru,['Менеджер/руководитель АХО'],130000.0,,RUR,False
4979,111978837,QA,https://api.hh.ru/vacancies/111978837?host=hh.ru,['Тестировщик'],,,,
4980,112063941,ML-инженер,https://api.hh.ru/vacancies/112063941?host=hh.ru,['Другое'],,,,
4981,112305961,Golang Developer (Москва),https://api.hh.ru/vacancies/112305961?host=hh.ru,"['Программист, разработчик']",90000.0,136100.0,RUR,False
4982,114014759,Junior PR специалист (офис),https://api.hh.ru/vacancies/114014759?host=hh.ru,['PR-менеджер'],130000.0,,RUR,True
4983,113736904,Персональный ассистент (собственник бизнеса),https://api.hh.ru/vacancies/113736904?host=hh.ru,"['Секретарь, помощник руководителя, ассистент']",,,,
4984,114292219,Администратор 1С: Документооборот,https://api.hh.ru/vacancies/114292219?host=hh.ru,['Другое'],170000.0,,RUR,False
4985,112064259,Python developer,https://api.hh.ru/vacancies/112064259?host=hh.ru,"['Программист, разработчик']",,,,
4986,112170542,Java-разработчик,https://api.hh.ru/vacancies/112170542?host=hh.ru,"['Программист, разработчик']",,,,
4987,113722263,Продуктовый дизайнер (B2B),https://api.hh.ru/vacancies/113722263?host=hh.ru,"['Дизайнер, художник']",,,,
4988,114177898,Payments Manager,https://api.hh.ru/vacancies/114177898?host=hh.ru,['Другое'],,,,
4989,113703823,Бэкенд-разработчик (C# .NET 8) middle,https://api.hh.ru/vacancies/113703823?host=hh.ru,"['Программист, разработчик']",180000.0,,RUR,False
4990,113741283,Frontend-разработчик (Vue.js),https://api.hh.ru/vacancies/113741283?host=hh.ru,"['Программист, разработчик']",,300000.0,RUR,False
4991,114314961,Flutter Developer,https://api.hh.ru/vacancies/114314961?host=hh.ru,"['Программист, разработчик']",200000.0,270000.0,RUR,False
4992,113876515,Бизнес-ассистент руководителя (удаленно),https://api.hh.ru/vacancies/113876515?host=hh.ru,"['Секретарь, помощник руководителя, ассистент']",50000.0,,RUR,False
4993,111872841,Тестировщик информационных систем,https://api.hh.ru/vacancies/111872841?host=hh.ru,['Тестировщик'],,,,
4994,112440894,Сценарист,https://api.hh.ru/vacancies/112440894?host=hh.ru,"['Режиссер, сценарист']",,,,
4995,114200163,Бухгалтер,https://api.hh.ru/vacancies/114200163?host=hh.ru,['Бухгалтер'],,,,
4996,113881125,Менеджер продукта ERP-системы для цветочных магазинов (middle),https://api.hh.ru/vacancies/113881125?host=hh.ru,['Менеджер продукта'],,160000.0,RUR,False
4997,114069907,Руководитель разработки сайта,https://api.hh.ru/vacancies/114069907?host=hh.ru,['Руководитель группы разработки'],,,,
4998,114214547,Senior PHP developer (Telecom),https://api.hh.ru/vacancies/114214547?host=hh.ru,"['Программист, разработчик']",450000.0,,RUR,False
4999,114300788,Prompt-engineer,https://api.hh.ru/vacancies/114300788?host=hh.ru,['Технический писатель'],100000.0,300000.0,RUR,False
5000,113742695,Специалист по информационной безопасности (junior),https://api.hh.ru/vacancies/113742695?host=hh.ru,['Специалист по информационной безопасности'],,150000.0,RUR,True
5001,113704551,Backend-разработчик,https://api.hh.ru/vacancies/113704551?host=hh.ru,"['Программист, разработчик']",,200000.0,RUR,False
5002,112551233,Разработчик C#,https://api.hh.ru/vacancies/112551233?host=hh.ru,"['Программист, разработчик']",,,,
5003,113000839,Frontend-разработчик,https://api.hh.ru/vacancies/113000839?host=hh.ru,"['Программист, разработчик']",,,,
5004,113323040,Business Advisor with English,https://api.hh.ru/vacancies/113323040?host=hh.ru,"['Менеджер по продажам, менеджер по работе с клиентами']",150000.0,300000.0,RUR,True
5005,112320392,Менеджер по продажам. Фикс 50000 р,https://api.hh.ru/vacancies/112320392?host=hh.ru,"['Менеджер по продажам, менеджер по работе с клиентами']",50000.0,180000.0,RUR,False
5006,114183613,Frontend developer middle/senior (Честный знак),https://api.hh.ru/vacancies/114183613?host=hh.ru,"['Программист, разработчик']",,,,
5007,110748312,Junior Java-разработчик,https://api.hh.ru/vacancies/110748312?host=hh.ru,"['Программист, разработчик']",,,,
5008,113648352,Backend .NET Developer,https://api.hh.ru/vacancies/113648352?host=hh.ru,"['Программист, разработчик']",,,,
5009,106858767,UX/UI Дизайнер (Gamedev),https://api.hh.ru/vacancies/106858767?host=hh.ru,"['Дизайнер, художник']",,,,
5010,111764531,Python-разработчик,https://api.hh.ru/vacancies/111764531?host=hh.ru,"['Программист, разработчик']",,,,
5011,113736893,Директор по маркетингу,https://api.hh.ru/vacancies/113736893?host=hh.ru,['Директор по маркетингу и PR (CMO)'],300000.0,400000.0,RUR,False
5012,114477394,Младший юрист,https://api.hh.ru/vacancies/114477394?host=hh.ru,['Юрист'],100000.0,,RUR,False
5013,111747905,Специалист контакт-центра,https://api.hh.ru/vacancies/111747905?host=hh.ru,['Другое'],,80000.0,RUR,True
5014,112298770,Стажер/аналитик направления Applied Intelligence,https://api.hh.ru/vacancies/112298770?host=hh.ru,['Аналитик'],,,,
5015,111903222,Frontend-разработчик,https://api.hh.ru/vacancies/111903222?host=hh.ru,"['Программист, разработчик']",120000.0,150000.0,RUR,False
5016,113298679,Ruby Developer / Разработчик на Ruby,https://api.hh.ru/vacancies/113298679?host=hh.ru,"['Программист, разработчик']",,,,
5017,113703567,Rust Developer,https://api.hh.ru/vacancies/113703567?host=hh.ru,"['Программист, разработчик']",,,,
5018,112480285,"Junior+ Python разработчик, удаленно",https://api.hh.ru/vacancies/112480285?host=hh.ru,"['Программист, разработчик']",60000.0,80000.0,RUR,False
5019,113014582,Unity разработчик в GameDev,https://api.hh.ru/vacancies/113014582?host=hh.ru,"['Программист, разработчик']",3000.0,,EUR,False
5020,113775788,Технический директор в IT компанию,https://api.hh.ru/vacancies/113775788?host=hh.ru,['Технический директор (CTO)'],350000.0,,RUR,False
5021,111428010,ИТ-Медик,https://api.hh.ru/vacancies/111428010?host=hh.ru,['Другое'],,,,
5022,113713868,Менеджер интернет-проекта,https://api.hh.ru/vacancies/113713868?host=hh.ru,"['Менеджер по маркетингу, интернет-маркетолог']",,,,
5023,111965403,Lead Frontend Developer (react),https://api.hh.ru/vacancies/111965403?host=hh.ru,"['Программист, разработчик']",,,,
5024,112317563,Frontend-разработчик,https://api.hh.ru/vacancies/112317563?host=hh.ru,"['Программист, разработчик']",,,,
5025,113697747,Системный аналитик,https://api.hh.ru/vacancies/113697747?host=hh.ru,['Системный аналитик'],160000.0,,RUR,False
5026,111044026,Frontend developer,https://api.hh.ru/vacancies/111044026?host=hh.ru,"['Программист, разработчик']",,,,
5027,114013953,Финансовый казначей,https://api.hh.ru/vacancies/114013953?host=hh.ru,['Казначей'],140000.0,,RUR,False
5028,113157236,Python-разработчик,https://api.hh.ru/vacancies/113157236?host=hh.ru,"['Программист, разработчик']",100000.0,150000.0,RUR,False
5029,113877940,Operations Manager in a Fintech Startup (Web3),https://api.hh.ru/vacancies/113877940?host=hh.ru,['Операционный директор (COO)'],2200.0,3000.0,USD,False
5030,111628143,Python-разработчик,https://api.hh.ru/vacancies/111628143?host=hh.ru,"['Программист, разработчик']",,240000.0,RUR,False
5031,114477697,Procurement Specialist,https://api.hh.ru/vacancies/114477697?host=hh.ru,['Менеджер по закупкам'],,,,
5032,112357169,Инженер программист проектировщик АСУ ТП,https://api.hh.ru/vacancies/112357169?host=hh.ru,"['Инженер-энергетик, инженер-электрик']",85000.0,160000.0,RUR,False
5033,113691015,Бизнес-аналитик,https://api.hh.ru/vacancies/113691015?host=hh.ru,['Бизнес-аналитик'],200000.0,,RUR,False
5034,113727933,Unity/C# Developer,https://api.hh.ru/vacancies/113727933?host=hh.ru,"['Программист, разработчик']",,4000.0,USD,True
5035,113010852,Java-разработчик (middle),https://api.hh.ru/vacancies/113010852?host=hh.ru,"['Программист, разработчик']",,200000.0,RUR,True
5036,110590531,Системный аналитик,https://api.hh.ru/vacancies/110590531?host=hh.ru,['Системный аналитик'],,,,
5037,111780178,Frontend Developer (React) Middle+/Senior,https://api.hh.ru/vacancies/111780178?host=hh.ru,"['Программист, разработчик']",,,,
5038,112325484,Frontend-разработчик React (стажер),https://api.hh.ru/vacancies/112325484?host=hh.ru,"['Программист, разработчик']",,,,
5039,112964371,Frontend Developer (React),https://api.hh.ru/vacancies/112964371?host=hh.ru,"['Программист, разработчик']",,,,
5040,112347786,Тестировщик QA,https://api.hh.ru/vacancies/112347786?host=hh.ru,['Тестировщик'],100000.0,,RUR,False
5041,113139347,Системный аналитик,https://api.hh.ru/vacancies/113139347?host=hh.ru,['Системный аналитик'],,,,
5042,109452582,Java-разработчик,https://api.hh.ru/vacancies/109452582?host=hh.ru,"['Программист, разработчик']",,,,
5043,111749326,Фронтенд-разработчик,https://api.hh.ru/vacancies/111749326?host=hh.ru,"['Программист, разработчик']",200000.0,,RUR,True
5044,112073280,Специалист по тестированию ПО,https://api.hh.ru/vacancies/112073280?host=hh.ru,['Тестировщик'],60000.0,,RUR,False
5045,103528956,Human Resources Intern / Стажер отдела персонала,https://api.hh.ru/vacancies/103528956?host=hh.ru,['Другое'],100000.0,,RUR,True
5046,110872832,Системный аналитик,https://api.hh.ru/vacancies/110872832?host=hh.ru,['Системный аналитик'],,,,
5047,111757941,Стажер в команду тестирования / QA Intern,https://api.hh.ru/vacancies/111757941?host=hh.ru,['Тестировщик'],50000.0,,RUR,True
5048,112137619,Разработчик С# (дистанционный формат),https://api.hh.ru/vacancies/112137619?host=hh.ru,"['Менеджер по продажам, менеджер по работе с клиентами']",160000.0,,RUR,False
5049,114251111,Дизайнер мобильного приложения (UI/UX),https://api.hh.ru/vacancies/114251111?host=hh.ru,"['Дизайнер, художник']",100000.0,250000.0,RUR,True
5050,113858646,Python разработчик,https://api.hh.ru/vacancies/113858646?host=hh.ru,"['Программист, разработчик']",,,,
5051,113862791,UX/UI-дизайнер,https://api.hh.ru/vacancies/113862791?host=hh.ru,"['Дизайнер, художник']",,,,
5052,114171810,Специалист по земельно-имущественным отношениям,https://api.hh.ru/vacancies/114171810?host=hh.ru,['Другое'],,,,
5053,114183555,Системный аналитик,https://api.hh.ru/vacancies/114183555?host=hh.ru,['Системный аналитик'],,,,
5054,112489402,Главный бухгалтер,https://api.hh.ru/vacancies/112489402?host=hh.ru,['Бухгалтер'],250000.0,270000.0,RUR,False
5055,113292208,Java-разработчик,https://api.hh.ru/vacancies/113292208?host=hh.ru,"['Программист, разработчик']",,,,
5056,113708553,Программист-технолог станков с ЧПУ,https://api.hh.ru/vacancies/113708553?host=hh.ru,"['Инженер-конструктор, инженер-проектировщик']",200000.0,250000.0,RUR,False
5057,112846276,Менеджер продукта,https://api.hh.ru/vacancies/112846276?host=hh.ru,['Менеджер продукта'],,,,
5058,112145923,Senior QA automation engineer,https://api.hh.ru/vacancies/112145923?host=hh.ru,['Тестировщик'],,,,
5059,112364246,Водитель-испытатель,https://api.hh.ru/vacancies/112364246?host=hh.ru,['Водитель'],120000.0,180000.0,RUR,False
5060,113859171,Java Developer,https://api.hh.ru/vacancies/113859171?host=hh.ru,"['Программист, разработчик']",200000.0,350000.0,RUR,False
5061,111766679,Менеджер по персоналу,https://api.hh.ru/vacancies/111766679?host=hh.ru,['Менеджер по персоналу'],,,,
5062,112355107,Программист-разработчик (Junior),https://api.hh.ru/vacancies/112355107?host=hh.ru,"['Программист, разработчик']",30000.0,,RUR,False
5063,108984240,Frontend-разработчик,https://api.hh.ru/vacancies/108984240?host=hh.ru,"['Программист, разработчик']",,,,
5064,113868032,Manual QA engineer (middle),https://api.hh.ru/vacancies/113868032?host=hh.ru,['Тестировщик'],,,,
5065,111499034,Бухгалтер на первичную документацию (направьте ОТКЛИК),https://api.hh.ru/vacancies/111499034?host=hh.ru,['Бухгалтер'],115000.0,,RUR,True
5066,112174751,Junior QA Engineer,https://api.hh.ru/vacancies/112174751?host=hh.ru,['Тестировщик'],,100000.0,RUR,False
5067,113711233,Python разработчик,https://api.hh.ru/vacancies/113711233?host=hh.ru,"['Программист, разработчик']",,150000.0,RUR,False
5068,113723696,Системный аналитик,https://api.hh.ru/vacancies/113723696?host=hh.ru,['Системный аналитик'],180000.0,,RUR,False
5069,112842374,Аналитик стажер,https://api.hh.ru/vacancies/112842374?host=hh.ru,['Аналитик'],,,,
5070,113863282,Java разработчик (Middle),https://api.hh.ru/vacancies/113863282?host=hh.ru,"['Программист, разработчик']",270000.0,330000.0,RUR,False
5071,112144112,Java разработчик,https://api.hh.ru/vacancies/112144112?host=hh.ru,"['Программист, разработчик']",,,,
5072,112602566,Администратор,https://api.hh.ru/vacancies/112602566?host=hh.ru,['Администратор'],130000.0,,RUR,True
5073,113148290,Контент менеджер / Администратор сайта,https://api.hh.ru/vacancies/113148290?host=hh.ru,"['Менеджер по маркетингу, интернет-маркетолог']",80000.0,135000.0,RUR,False
5074,113742902,UI/UX дизайнер (UI/UX designer),https://api.hh.ru/vacancies/113742902?host=hh.ru,"['Дизайнер, художник']",,,,
5075,113878724,Quality Senior Specialist / Старший специалист по управлению качеством,https://api.hh.ru/vacancies/113878724?host=hh.ru,['Инженер по качеству'],,,,
5076,105220721,Java Core разработчик (middle),https://api.hh.ru/vacancies/105220721?host=hh.ru,"['Программист, разработчик']",,,,
5077,112299326,Backend-разработчик на Java,https://api.hh.ru/vacancies/112299326?host=hh.ru,"['Программист, разработчик']",,,,
5078,114291819,Технический директор (CTO),https://api.hh.ru/vacancies/114291819?host=hh.ru,['Технический директор (CTO)'],350000.0,,RUR,False
5079,112527513,Системный аналитик/System analyst,https://api.hh.ru/vacancies/112527513?host=hh.ru,['Системный аналитик'],,260000.0,RUR,False
5080,112544987,IT-рекрутер,https://api.hh.ru/vacancies/112544987?host=hh.ru,['Специалист по подбору персонала'],,,,
5081,113145557,Middle python-разработчик,https://api.hh.ru/vacancies/113145557?host=hh.ru,"['Программист, разработчик']",,200000.0,RUR,True
5082,114187309,Руководитель отдела закупок,https://api.hh.ru/vacancies/114187309?host=hh.ru,['Менеджер по закупкам'],200000.0,,RUR,False
5083,114200705,Главный специалист отдела организации обучения,https://api.hh.ru/vacancies/114200705?host=hh.ru,['Методолог'],140000.0,140000.0,RUR,True
5084,113885004,ML-инженер,https://api.hh.ru/vacancies/113885004?host=hh.ru,['Другое'],,,,
5085,114200884,Middle iOS Developer,https://api.hh.ru/vacancies/114200884?host=hh.ru,"['Программист, разработчик']",250000.0,,RUR,False
5086,113909976,Руководитель по управлению IT проектами (Junior/middle),https://api.hh.ru/vacancies/113909976?host=hh.ru,['Руководитель проектов'],,,,
5087,114161192,Python-разработчик,https://api.hh.ru/vacancies/114161192?host=hh.ru,"['Программист, разработчик']",140000.0,200000.0,RUR,True
5088,113253528,Младший DevOps инженер,https://api.hh.ru/vacancies/113253528?host=hh.ru,['DevOps-инженер'],120000.0,180000.0,RUR,False
5089,114314964,Программист Delphi,https://api.hh.ru/vacancies/114314964?host=hh.ru,"['Программист, разработчик']",,,,
5090,112366420,Специалист по сборке электронных курсов,https://api.hh.ru/vacancies/112366420?host=hh.ru,['Методист'],50000.0,75000.0,RUR,True
5091,113880684,Сreative Middle HTML-верстальщик (Frontend-разработчик),https://api.hh.ru/vacancies/113880684?host=hh.ru,"['Программист, разработчик']",,,,
5092,114086993,Менеджер по кадровому делопроизводству,https://api.hh.ru/vacancies/114086993?host=hh.ru,['Специалист по кадрам'],100000.0,150000.0,RUR,False
5093,77298446,Программист C# + SQL,https://api.hh.ru/vacancies/77298446?host=hh.ru,"['Программист, разработчик']",275000.0,375000.0,RUR,False
5094,110986004,Разработчик С++ (junior),https://api.hh.ru/vacancies/110986004?host=hh.ru,"['Программист, разработчик']",130000.0,,RUR,True
5095,114233616,Customer Support Specialist,https://api.hh.ru/vacancies/114233616?host=hh.ru,['Другое'],,,,
5096,114297136,Senior Android-разработчик,https://api.hh.ru/vacancies/114297136?host=hh.ru,"['Программист, разработчик']",,,,
5097,111956461,Сборщик ПК,https://api.hh.ru/vacancies/111956461?host=hh.ru,"['Мастер по ремонту оборудования, техники']",55000.0,,RUR,False
5098,113876517,New Business Director,https://api.hh.ru/vacancies/113876517?host=hh.ru,['Руководитель отдела продаж'],,,,
5099,112260932,Руководитель проектов международной биотех стартап-студии,https://api.hh.ru/vacancies/112260932?host=hh.ru,['Руководитель проектов'],120000.0,160000.0,RUR,True
5100,106727773,Химик-хроматографист,https://api.hh.ru/vacancies/106727773?host=hh.ru,"['Научный специалист, исследователь']",,,,
5101,114057325,Заместитель технического директора (IT),https://api.hh.ru/vacancies/114057325?host=hh.ru,['Технический директор (CTO)'],,,,
5102,114035261,Специалист технической поддержки,https://api.hh.ru/vacancies/114035261?host=hh.ru,['Специалист технической поддержки'],70000.0,70000.0,RUR,False
5103,112178966,Тестировщик,https://api.hh.ru/vacancies/112178966?host=hh.ru,['Тестировщик'],,200000.0,RUR,False
5104,113715858,Junior+ Unity3D developer,https://api.hh.ru/vacancies/113715858?host=hh.ru,"['Программист, разработчик']",,,,
5105,113728500,Менеджер по работе с ключевыми клиентами,https://api.hh.ru/vacancies/113728500?host=hh.ru,"['Менеджер по продажам, менеджер по работе с клиентами']",,,,
5106,114201234,Аналитик отдела разработки,https://api.hh.ru/vacancies/114201234?host=hh.ru,['Аналитик'],90000.0,160000.0,RUR,False
5107,109935369,Ведущий системный аналитик (Senior),https://api.hh.ru/vacancies/109935369?host=hh.ru,['Системный аналитик'],,,,
5108,114174427,Unity/С# разработчик (мобильные казуальные игры),https://api.hh.ru/vacancies/114174427?host=hh.ru,"['Программист, разработчик']",,,,
5109,113139833,Оператор ПК,https://api.hh.ru/vacancies/113139833?host=hh.ru,"['Оператор ПК, оператор базы данных']",50000.0,,RUR,False
5110,113324510,Frontend-разработчик (React/TypeScript),https://api.hh.ru/vacancies/113324510?host=hh.ru,"['Программист, разработчик']",,,,
5111,113717763,QA engineer/специалист по тестированию,https://api.hh.ru/vacancies/113717763?host=hh.ru,['Тестировщик'],,,,
5112,114173666,Специалист по обязательной маркировке товаров (Честный Знак)/Специалист по обработке заказов,https://api.hh.ru/vacancies/114173666?host=hh.ru,['Другое'],140000.0,,RUR,False
5113,113195570,"Фронтенд-разработчик/Vue3, Nuxt3",https://api.hh.ru/vacancies/113195570?host=hh.ru,"['Программист, разработчик']",1800.0,,USD,False
5114,111882579,Frontend-разработчик,https://api.hh.ru/vacancies/111882579?host=hh.ru,"['Программист, разработчик']",,230000.0,RUR,True
5115,112066443,Водитель-испытатель,https://api.hh.ru/vacancies/112066443?host=hh.ru,['Водитель'],,,,
5116,113267675,QA manual / QA engineer,https://api.hh.ru/vacancies/113267675?host=hh.ru,['Тестировщик'],120000.0,160000.0,RUR,True
5117,112519016,Контент-менеджер,https://api.hh.ru/vacancies/112519016?host=hh.ru,['Другое'],,,,
5118,113293794,Java разработчик,https://api.hh.ru/vacancies/113293794?host=hh.ru,"['Программист, разработчик']",,,,
5119,113856418,Программист 1С,https://api.hh.ru/vacancies/113856418?host=hh.ru,"['Программист, разработчик']",350000.0,450000.0,RUR,False
5120,113878398,Методолог\методист образовательных программ,https://api.hh.ru/vacancies/113878398?host=hh.ru,['Бизнес-тренер'],,,,
5121,114180024,Head of Product / СPО (MedTech),https://api.hh.ru/vacancies/114180024?host=hh.ru,['Менеджер продукта'],,,,
5122,114293259,Middle+ UX/UI дизайнер,https://api.hh.ru/vacancies/114293259?host=hh.ru,"['Дизайнер, художник']",150000.0,,RUR,False
5123,114315511,Teacher K-12 (Online School),https://api.hh.ru/vacancies/114315511?host=hh.ru,"['Учитель, преподаватель, педагог']",100000.0,200000.0,RUR,True
5124,112058033,Python разработчик,https://api.hh.ru/vacancies/112058033?host=hh.ru,"['Программист, разработчик']",,,,
5125,112437661,Frontend-разработчик VueJS (Junior/стажер),https://api.hh.ru/vacancies/112437661?host=hh.ru,"['Программист, разработчик']",,,,
5126,113738303,Community Manager (Gamedev),https://api.hh.ru/vacancies/113738303?host=hh.ru,"['SMM-менеджер, контент-менеджер']",,,,
5127,111258580,Fullstack-аналитик,https://api.hh.ru/vacancies/111258580?host=hh.ru,['Бизнес-аналитик'],,,,
5128,113851949,Middle Python Developer,https://api.hh.ru/vacancies/113851949?host=hh.ru,"['Программист, разработчик']",2000.0,2700.0,USD,False
5129,114182901,Директор по стратегии / Strategy Lead,https://api.hh.ru/vacancies/114182901?host=hh.ru,['Директор по маркетингу и PR (CMO)'],,,,
5130,113738417,Python-разработчик,https://api.hh.ru/vacancies/113738417?host=hh.ru,"['Программист, разработчик']",,220000.0,RUR,True
5131,114087782,Разработчик Java / Developer Java (middle/middle+),https://api.hh.ru/vacancies/114087782?host=hh.ru,"['Программист, разработчик']",,380000.0,RUR,True
5132,112448549,Специалист НСИ,https://api.hh.ru/vacancies/112448549?host=hh.ru,"['Оператор ПК, оператор базы данных']",100000.0,150000.0,RUR,False
5133,112627495,DevOps инженер (junior +),https://api.hh.ru/vacancies/112627495?host=hh.ru,['DevOps-инженер'],80000.0,120000.0,RUR,False
5134,114558166,Middle Frontend Developer (Vue.js),https://api.hh.ru/vacancies/114558166?host=hh.ru,"['Программист, разработчик']",,130000.0,RUR,True
5135,112056254,Тестировщик (middle),https://api.hh.ru/vacancies/112056254?host=hh.ru,['Тестировщик'],,,,
5136,112951184,Business Development Manager / Менеджер по развитию бизнеса (инвестиционный продукт),https://api.hh.ru/vacancies/112951184?host=hh.ru,['Менеджер по работе с партнерами'],2000.0,,USD,True
5137,114171494,"Руководитель отдела продаж (IT Sales, B2B)",https://api.hh.ru/vacancies/114171494?host=hh.ru,['Руководитель отдела продаж'],250000.0,,RUR,True
5138,114554716,PHP разработчик (Middle),https://api.hh.ru/vacancies/114554716?host=hh.ru,"['Программист, разработчик']",180000.0,,RUR,True
5139,112053648,Администратор сайта,https://api.hh.ru/vacancies/112053648?host=hh.ru,['Специалист технической поддержки'],80000.0,,RUR,False
5140,113127400,Системный аналитик в продуктовую IT-компанию,https://api.hh.ru/vacancies/113127400?host=hh.ru,['Системный аналитик'],150000.0,250000.0,RUR,False
5141,113740313,Технический писатель,https://api.hh.ru/vacancies/113740313?host=hh.ru,['Технический писатель'],,,,
5142,112001765,Разработчик C++,https://api.hh.ru/vacancies/112001765?host=hh.ru,"['Программист, разработчик']",100000.0,105000.0,RUR,False
5143,112761572,Менеджер электронной коммерции,https://api.hh.ru/vacancies/112761572?host=hh.ru,['Другое'],,,,
5144,112716712,Junior QA Engineer / Младший инженер по обеспечению качества (Python),https://api.hh.ru/vacancies/112716712?host=hh.ru,['Тестировщик'],,,,
5145,113853426,Java-разработчик,https://api.hh.ru/vacancies/113853426?host=hh.ru,"['Программист, разработчик']",,,,
5146,114290123,Frontend-разработчик,https://api.hh.ru/vacancies/114290123?host=hh.ru,"['Программист, разработчик']",,,,
5147,113734183,"C#/.NET-разработчик (ДБО, Микросервисная архитектура)",https://api.hh.ru/vacancies/113734183?host=hh.ru,"['Программист, разработчик']",,,,
5148,114304776,Бизнес-аналитик,https://api.hh.ru/vacancies/114304776?host=hh.ru,['Бизнес-аналитик'],60000.0,100000.0,RUR,True
5149,113860134,"Financial controller, shipping (Moscow/Dubai)",https://api.hh.ru/vacancies/113860134?host=hh.ru,['Финансовый контролер'],220000.0,,RUR,False
5150,114024500,Бизнес-аналитик,https://api.hh.ru/vacancies/114024500?host=hh.ru,['Бизнес-аналитик'],,,,
5151,114065704,Golang-разработчик,https://api.hh.ru/vacancies/114065704?host=hh.ru,"['Программист, разработчик']",,7000.0,USD,False
5152,114170766,No Code Developer (Webflow / WordPress),https://api.hh.ru/vacancies/114170766?host=hh.ru,"['Программист, разработчик']",,,,
5153,100374713,Middle Manual QA,https://api.hh.ru/vacancies/100374713?host=hh.ru,['Тестировщик'],,,,
5154,113876530,Sales Manager / Менеджер по развитию бизнеса (Digital),https://api.hh.ru/vacancies/113876530?host=hh.ru,"['Менеджер по продажам, менеджер по работе с клиентами']",,,,
5155,110429905,Тестировщик (middle),https://api.hh.ru/vacancies/110429905?host=hh.ru,['Тестировщик'],,,,
5156,112551373,Middle-Frontend разработчик,https://api.hh.ru/vacancies/112551373?host=hh.ru,['Другое'],180000.0,220000.0,RUR,False
5157,113732288,Product manager,https://api.hh.ru/vacancies/113732288?host=hh.ru,['Менеджер продукта'],,,,
5158,113882947,Секретарь,https://api.hh.ru/vacancies/113882947?host=hh.ru,"['Секретарь, помощник руководителя, ассистент']",,,,
5159,113323925,Middle Frontend (react) разработчик,https://api.hh.ru/vacancies/113323925?host=hh.ru,"['Программист, разработчик']",120000.0,,RUR,False
5160,114016070,Ведущий разработчик С++,https://api.hh.ru/vacancies/114016070?host=hh.ru,"['Программист, разработчик']",,500000.0,RUR,True
5161,113883310,Директолог,https://api.hh.ru/vacancies/113883310?host=hh.ru,"['Менеджер по маркетингу, интернет-маркетолог']",,60000.0,RUR,False
5162,111811266,Python-разработчик,https://api.hh.ru/vacancies/111811266?host=hh.ru,"['Программист, разработчик']",,,,
5163,112134490,Системный аналитик,https://api.hh.ru/vacancies/112134490?host=hh.ru,['Системный аналитик'],65000.0,120000.0,RUR,True
5164,112743217,Game Designer/Product Manager (junior/middle),https://api.hh.ru/vacancies/112743217?host=hh.ru,['Гейм-дизайнер'],,200000.0,RUR,False
5165,113740277,Системный аналитик,https://api.hh.ru/vacancies/113740277?host=hh.ru,['Системный аналитик'],,,,
5166,113855769,Техник-программист/системный администратор,https://api.hh.ru/vacancies/113855769?host=hh.ru,['Специалист технической поддержки'],100000.0,,RUR,True
5167,113742060,Senior React разработчик,https://api.hh.ru/vacancies/113742060?host=hh.ru,"['Программист, разработчик']",,,,
5168,113904610,Продуктовый дизайнер (Mycloud.ru),https://api.hh.ru/vacancies/113904610?host=hh.ru,"['Дизайнер, художник']",,,,
5169,113883660,Junior+/Middle Project Manager (Game dev PC UE5),https://api.hh.ru/vacancies/113883660?host=hh.ru,['Гейм-дизайнер'],,,,
5170,108238180,Младший системный аналитик,https://api.hh.ru/vacancies/108238180?host=hh.ru,['Системный аналитик'],,,,
5171,112544067,Менеджер продукта,https://api.hh.ru/vacancies/112544067?host=hh.ru,['Менеджер продукта'],,,,
5172,109217816,Операционный директор,https://api.hh.ru/vacancies/109217816?host=hh.ru,['Операционный директор (COO)'],,700000.0,RUR,False
5173,112712486,Младший специалист по кадровому делопроизводству,https://api.hh.ru/vacancies/112712486?host=hh.ru,['Специалист по кадрам'],,70000.0,RUR,False
5174,112872698,No-code developer,https://api.hh.ru/vacancies/112872698?host=hh.ru,"['Программист, разработчик']",,,,
5175,112620411,Главный бухгалтер,https://api.hh.ru/vacancies/112620411?host=hh.ru,['Бухгалтер'],350000.0,500000.0,RUR,False
5176,113712827,Проектный юрист,https://api.hh.ru/vacancies/113712827?host=hh.ru,['Юрист'],,,,
5177,111967887,Middle QA Engineer,https://api.hh.ru/vacancies/111967887?host=hh.ru,['Тестировщик'],,,,
5178,113149454,Директор по развитию,https://api.hh.ru/vacancies/113149454?host=hh.ru,['Руководитель филиала'],,,,
5179,113710278,Разработчик С#/Unity (дистанционный формат),https://api.hh.ru/vacancies/113710278?host=hh.ru,"['Программист, разработчик']",,,,
5180,113712589,Senior Python developer,https://api.hh.ru/vacancies/113712589?host=hh.ru,"['Программист, разработчик']",300000.0,500000.0,RUR,False
5181,112042389,Менеджер по работе с клиентами (удалённо),https://api.hh.ru/vacancies/112042389?host=hh.ru,"['Менеджер по продажам, менеджер по работе с клиентами']",1200.0,,EUR,False
5182,112340466,Frontend-разработчик (React),https://api.hh.ru/vacancies/112340466?host=hh.ru,"['Программист, разработчик']",,,,
5183,114045227,Серверный программист Go,https://api.hh.ru/vacancies/114045227?host=hh.ru,"['Программист, разработчик']",70000.0,100000.0,RUR,True
5184,113914076,Senior Sales Manager B2B LATAM / Business Development Manager LATAM / BDM LATAM,https://api.hh.ru/vacancies/113914076?host=hh.ru,"['Менеджер по продажам, менеджер по работе с клиентами']",200000.0,500000.0,RUR,False
5185,112697467,Frontend-разработчик,https://api.hh.ru/vacancies/112697467?host=hh.ru,"['Программист, разработчик']",,,,
5186,111882204,Тестировщик Web,https://api.hh.ru/vacancies/111882204?host=hh.ru,['Тестировщик'],,,,
5187,113875499,Backend-разработчик middle+/senior,https://api.hh.ru/vacancies/113875499?host=hh.ru,"['Программист, разработчик']",200000.0,300000.0,RUR,False
5188,114179252,Веб-разработчик Fullstack Wordpress,https://api.hh.ru/vacancies/114179252?host=hh.ru,"['Программист, разработчик']",80000.0,150000.0,RUR,False
5189,113858912,Business Development Manager,https://api.hh.ru/vacancies/113858912?host=hh.ru,['Менеджер по работе с партнерами'],,,,
5190,114299895,Front-End React Developer (Senior),https://api.hh.ru/vacancies/114299895?host=hh.ru,"['Программист, разработчик']",,,,
5191,112876791,Менеджер по продажам IT-сервиса для ресторанного бизнеса b2b,https://api.hh.ru/vacancies/112876791?host=hh.ru,"['Менеджер по продажам, менеджер по работе с клиентами']",150000.0,250000.0,RUR,False
5192,113291864,Системный аналитик,https://api.hh.ru/vacancies/113291864?host=hh.ru,['Аналитик'],,,,
5193,114088850,Python-разработчик для создания проекта по цензурированию видео,https://api.hh.ru/vacancies/114088850?host=hh.ru,"['Программист, разработчик']",,,,
5194,112333281,Инженер-математик / Математик-разработчик,https://api.hh.ru/vacancies/112333281?host=hh.ru,"['Научный специалист, исследователь']",,,,
5195,112450370,"Начинающий тестировщик - исследователь / IT специалист (Web3, Blockchain)",https://api.hh.ru/vacancies/112450370?host=hh.ru,['Тестировщик'],,60000.0,RUR,False
5196,113117233,"Data Scientist/Разработчик машинного обучения (ML, NLM, LLM)",https://api.hh.ru/vacancies/113117233?host=hh.ru,['Дата-сайентист'],,,,
5197,114296692,Flutter-разработчик,https://api.hh.ru/vacancies/114296692?host=hh.ru,"['Программист, разработчик']",180000.0,,RUR,False
5198,111791158,QA инженер (Persona.aero),https://api.hh.ru/vacancies/111791158?host=hh.ru,['Тестировщик'],120000.0,,RUR,False
5199,112764811,QA/Тестировщик,https://api.hh.ru/vacancies/112764811?host=hh.ru,['Тестировщик'],,,,
5200,113707064,C# разработчик,https://api.hh.ru/vacancies/113707064?host=hh.ru,"['Программист, разработчик']",,350000.0,RUR,True
5201,113709746,Руководитель департамента контрактного и правового сопровождения инвестпроектов (строительство),https://api.hh.ru/vacancies/113709746?host=hh.ru,['Юрист'],,,,
5202,111894643,Java/Kotlin-разработчик,https://api.hh.ru/vacancies/111894643?host=hh.ru,"['Программист, разработчик']",,,,
5203,113880915,QA-тестировщик 1С КА/УТ/ERP/WMS,https://api.hh.ru/vacancies/113880915?host=hh.ru,['Тестировщик'],,,,
5204,112449882,Специалист службы поддержки,https://api.hh.ru/vacancies/112449882?host=hh.ru,['Специалист технической поддержки'],,,,
5205,113836509,Младший системный аналитик,https://api.hh.ru/vacancies/113836509?host=hh.ru,['Системный аналитик'],90000.0,130000.0,RUR,False
5206,114058938,Руководитель отдела аналитиков,https://api.hh.ru/vacancies/114058938?host=hh.ru,['Руководитель отдела аналитики'],,,,
5207,113720147,Главный бухгалтер,https://api.hh.ru/vacancies/113720147?host=hh.ru,['Бухгалтер'],230000.0,250000.0,RUR,True
5208,109378400,Менеджер IT проектов,https://api.hh.ru/vacancies/109378400?host=hh.ru,['Менеджер продукта'],120000.0,200000.0,RUR,True
5209,111034064,Middle Frontend-разработчик,https://api.hh.ru/vacancies/111034064?host=hh.ru,"['Программист, разработчик']",,,,
5210,112031100,Senior Flutter разработчик,https://api.hh.ru/vacancies/112031100?host=hh.ru,"['Программист, разработчик']",,5000.0,USD,True
5211,113276571,Пресейл инженер / Presale Engineer (удалённо),https://api.hh.ru/vacancies/113276571?host=hh.ru,['Руководитель проектов'],,300000.0,RUR,True
5212,114078117,Руководитель ревизионной группы,https://api.hh.ru/vacancies/114078117?host=hh.ru,['Аудитор'],,,,
5213,111757080,QA Engineer (Q.Requirements),https://api.hh.ru/vacancies/111757080?host=hh.ru,['Тестировщик'],,,,
5214,106310498,Программист-разработчик,https://api.hh.ru/vacancies/106310498?host=hh.ru,"['Программист, разработчик']",,,,
5215,112055662,IOS разработчик,https://api.hh.ru/vacancies/112055662?host=hh.ru,"['Программист, разработчик']",,,,
5216,113013269,Senior Frontend-разработчик React,https://api.hh.ru/vacancies/113013269?host=hh.ru,"['Программист, разработчик']",,,,
5217,113591254,Заместитель руководителя проектного офиса,https://api.hh.ru/vacancies/113591254?host=hh.ru,['Руководитель проектов'],,,,
5218,114047386,UI/UX дизайнер,https://api.hh.ru/vacancies/114047386?host=hh.ru,"['Дизайнер, художник']",,,,
5219,114185936,Программист С#,https://api.hh.ru/vacancies/114185936?host=hh.ru,"['Программист, разработчик']",150000.0,,RUR,False
5220,114187822,PHP-разработчик,https://api.hh.ru/vacancies/114187822?host=hh.ru,"['Программист, разработчик']",130000.0,160000.0,RUR,False
5221,113143939,SMM Manager,https://api.hh.ru/vacancies/113143939?host=hh.ru,"['SMM-менеджер, контент-менеджер']",,3000.0,USD,False
5222,113869670,Backend-разработчик,https://api.hh.ru/vacancies/113869670?host=hh.ru,"['Программист, разработчик']",,250000.0,RUR,False
5223,114205971,HR менеджер,https://api.hh.ru/vacancies/114205971?host=hh.ru,['Менеджер по персоналу'],120000.0,,RUR,False
5224,112838736,Junior Product Manager (non-promo brands),https://api.hh.ru/vacancies/112838736?host=hh.ru,['Менеджер продукта'],,,,
5225,113748168,Веб-мастер (Web-программист),https://api.hh.ru/vacancies/113748168?host=hh.ru,"['Программист, разработчик']",75000.0,120000.0,RUR,False
5226,114172491,Business Development Manager,https://api.hh.ru/vacancies/114172491?host=hh.ru,['Другое'],1500.0,3000.0,USD,False
5227,112783190,Инженер по охране окружающей среды,https://api.hh.ru/vacancies/112783190?host=hh.ru,"['Инженер по охране труда и технике безопасности, инженер-эколог']",200000.0,,RUR,False
5228,112843196,Менеджер проектов в команду CRM,https://api.hh.ru/vacancies/112843196?host=hh.ru,['Руководитель проектов'],,,,
5229,113015437,Аналитик-разработчик отчётности,https://api.hh.ru/vacancies/113015437?host=hh.ru,"['BI-аналитик, аналитик данных']",,380000.0,RUR,True
5230,113164235,Front-end Vue.js Developer (Senior),https://api.hh.ru/vacancies/113164235?host=hh.ru,"['Программист, разработчик']",290000.0,340000.0,RUR,False
5231,112502995,Разработчик React,https://api.hh.ru/vacancies/112502995?host=hh.ru,"['Программист, разработчик']",,,,
5232,113715736,Менеджер проектных продаж (премиум сегмент),https://api.hh.ru/vacancies/113715736?host=hh.ru,"['Менеджер по продажам, менеджер по работе с клиентами']",,,,
5233,113741686,Администратор проектов,https://api.hh.ru/vacancies/113741686?host=hh.ru,['Руководитель проектов'],,,,
5234,113861829,Product manager,https://api.hh.ru/vacancies/113861829?host=hh.ru,['Менеджер продукта'],,,,
5235,112752234,Java-разработчик,https://api.hh.ru/vacancies/112752234?host=hh.ru,"['Программист, разработчик']",,,,
5236,114019383,PHP-разработчик,https://api.hh.ru/vacancies/114019383?host=hh.ru,"['Программист, разработчик']",,,,
5237,112589547,Python-разработчик,https://api.hh.ru/vacancies/112589547?host=hh.ru,"['Программист, разработчик']",,,,
5238,113882583,"Backend-разработчик (PHP/Laravel, MySQL)",https://api.hh.ru/vacancies/113882583?host=hh.ru,"['Программист, разработчик']",,,,
5239,112432070,Дизайнер миссий,https://api.hh.ru/vacancies/112432070?host=hh.ru,['Гейм-дизайнер'],,,,
5240,112545504,Middle QA auto engineer (Видеоплатформа и Сервисы),https://api.hh.ru/vacancies/112545504?host=hh.ru,['Тестировщик'],,,,
5241,112783982,Младший системный администратор,https://api.hh.ru/vacancies/112783982?host=hh.ru,['Системный администратор'],115000.0,,RUR,True
5242,113708626,IT Project Manager,https://api.hh.ru/vacancies/113708626?host=hh.ru,['Руководитель проектов'],1200.0,1500.0,USD,False
5243,111530598,Head of QA,https://api.hh.ru/vacancies/111530598?host=hh.ru,['Тестировщик'],,,,
5244,113117392,UX/UI-дизайнер (гибридный график работы),https://api.hh.ru/vacancies/113117392?host=hh.ru,['Другое'],,,,
5245,113269524,Backend-разработчик,https://api.hh.ru/vacancies/113269524?host=hh.ru,"['Программист, разработчик']",,300000.0,RUR,False
5246,113707282,Java-разработчик,https://api.hh.ru/vacancies/113707282?host=hh.ru,"['Программист, разработчик']",,,,
5247,113865600,Senior Frontend Developer,https://api.hh.ru/vacancies/113865600?host=hh.ru,"['Программист, разработчик']",,,,
5248,112749365,"Инженер по тестированию ПО (регрессионное, web)",https://api.hh.ru/vacancies/112749365?host=hh.ru,['Тестировщик'],,,,
5249,114027090,Специалист по контролю качества (middle+),https://api.hh.ru/vacancies/114027090?host=hh.ru,['Инженер по качеству'],,,,
5250,114171834,Менеджер по развитию бизнеса с региональными ключевыми клиентами / Regional Key Account Development,https://api.hh.ru/vacancies/114171834?host=hh.ru,['Другое'],,,,
5251,108637623,Frontend-разработчик,https://api.hh.ru/vacancies/108637623?host=hh.ru,"['Программист, разработчик']",,150000.0,RUR,False
5252,112309950,Менеджер по развитию бизнеса B2B (BizDev),https://api.hh.ru/vacancies/112309950?host=hh.ru,"['Менеджер по продажам, менеджер по работе с клиентами']",300000.0,,RUR,False
5253,112630641,Backend-разработчик PHP (middle),https://api.hh.ru/vacancies/112630641?host=hh.ru,"['Программист, разработчик']",140000.0,180000.0,RUR,False
5254,113849071,Руководитель отдела трафика (удаленно),https://api.hh.ru/vacancies/113849071?host=hh.ru,['Руководитель отдела маркетинга и рекламы'],150000.0,,RUR,True
5255,113321145,Frontend Developer,https://api.hh.ru/vacancies/113321145?host=hh.ru,"['Программист, разработчик']",,,,
5256,114031436,Мобильный тестировщик / Mobile QA,https://api.hh.ru/vacancies/114031436?host=hh.ru,['Тестировщик'],,,,
5257,112518493,Стажер,https://api.hh.ru/vacancies/112518493?host=hh.ru,['Аналитик'],50000.0,,RUR,False
5258,112075354,Рекрутер в IT-компанию,https://api.hh.ru/vacancies/112075354?host=hh.ru,['Специалист по подбору персонала'],120000.0,180000.0,RUR,False
5259,112449821,Директор по стратегическому развитию,https://api.hh.ru/vacancies/112449821?host=hh.ru,['Коммерческий директор (CCO)'],,,,
5260,113265654,Senior Python developer,https://api.hh.ru/vacancies/113265654?host=hh.ru,"['Программист, разработчик']",3500.0,,EUR,True
5261,113323237,Frontend-разработчик (React),https://api.hh.ru/vacancies/113323237?host=hh.ru,"['Программист, разработчик']",,150000.0,RUR,False
5262,113847958,Менеджер по маркетингу,https://api.hh.ru/vacancies/113847958?host=hh.ru,"['Менеджер по маркетингу, интернет-маркетолог']",80000.0,,RUR,False
5263,109840922,Менеджер в отдел закупок со знанием английского языка,https://api.hh.ru/vacancies/109840922?host=hh.ru,['Менеджер по закупкам'],,,,
5264,110786349,Системный аналитик junior,https://api.hh.ru/vacancies/110786349?host=hh.ru,['Системный аналитик'],220000.0,,RUR,True
5265,112446969,Тестировщик ПО,https://api.hh.ru/vacancies/112446969?host=hh.ru,['Тестировщик'],,,,
5266,113283935,Project manager IT,https://api.hh.ru/vacancies/113283935?host=hh.ru,['Руководитель проектов'],,,,
5267,111963105,"Business Development Manager (IT-компания, Enterprise-клиенты)",https://api.hh.ru/vacancies/111963105?host=hh.ru,['Другое'],300000.0,,RUR,False
5268,113009685,Менеджер по работе с клиентами (English),https://api.hh.ru/vacancies/113009685?host=hh.ru,"['Оператор call-центра, специалист контактного центра']",100000.0,,RUR,False
5269,108295813,Java-разработчик,https://api.hh.ru/vacancies/108295813?host=hh.ru,"['Программист, разработчик']",,,,
5270,112699734,Backend python developer,https://api.hh.ru/vacancies/112699734?host=hh.ru,"['Программист, разработчик']",130000.0,,RUR,False
5271,114303214,SEO специалист Junior,https://api.hh.ru/vacancies/114303214?host=hh.ru,"['Менеджер по маркетингу, интернет-маркетолог']",60000.0,,RUR,False
5272,114035891,Менеджер по обучению,https://api.hh.ru/vacancies/114035891?host=hh.ru,['Бизнес-тренер'],,,,
5273,114300585,Юрист договорного отдела,https://api.hh.ru/vacancies/114300585?host=hh.ru,['Юрист'],120000.0,,RUR,False
5274,111940768,Ведущий менеджер по продажам строительных материалов,https://api.hh.ru/vacancies/111940768?host=hh.ru,"['Менеджер по продажам, менеджер по работе с клиентами']",130000.0,280000.0,RUR,False
5275,113848426,Технолог-разработчик (Создание качественного рабочего ассортимента),https://api.hh.ru/vacancies/113848426?host=hh.ru,['Технолог'],200000.0,,RUR,False
5276,113741945,Младший Vue.JS разработчик,https://api.hh.ru/vacancies/113741945?host=hh.ru,"['Программист, разработчик']",90000.0,120000.0,RUR,False
5277,113744634,Директор по развитию талантов/Talent Development Director,https://api.hh.ru/vacancies/113744634?host=hh.ru,['Руководитель отдела персонала'],,,,
5278,113462071,Frontend-разработчик (Vue.JS),https://api.hh.ru/vacancies/113462071?host=hh.ru,"['Программист, разработчик']",150000.0,200000.0,RUR,False
5279,110954094,Системный аналитик,https://api.hh.ru/vacancies/110954094?host=hh.ru,['Системный аналитик'],,,,
5280,111742838,Инженер-программист станков с ЧПУ,https://api.hh.ru/vacancies/111742838?host=hh.ru,['Оператор станков с ЧПУ'],,350000.0,RUR,True
5281,112984894,Python-разработчик (парсинг),https://api.hh.ru/vacancies/112984894?host=hh.ru,"['Программист, разработчик']",70000.0,150000.0,RUR,False
5282,113743356,PHP developer (Laravel),https://api.hh.ru/vacancies/113743356?host=hh.ru,"['Программист, разработчик']",,,,
5283,114187585,UX/UI-дизайнер / Продуктовый дизайнер,https://api.hh.ru/vacancies/114187585?host=hh.ru,"['Дизайнер, художник']",,100000.0,RUR,False
5284,114315657,Event-менеджер,https://api.hh.ru/vacancies/114315657?host=hh.ru,['Event-менеджер'],70000.0,150000.0,RUR,False
5285,113748113,Инженер-тестировщик middle/ middle+ (заказная разработка ПО),https://api.hh.ru/vacancies/113748113?host=hh.ru,['Тестировщик'],,,,
5286,112590067,Технический писатель,https://api.hh.ru/vacancies/112590067?host=hh.ru,['Технический писатель'],,250000.0,RUR,False
5287,113717927,Java/Kotlin backend разработчик,https://api.hh.ru/vacancies/113717927?host=hh.ru,"['Программист, разработчик']",,,,
5288,113855424,SEO-специалист / SEO-оптимизатор,https://api.hh.ru/vacancies/113855424?host=hh.ru,['Другое'],70000.0,120000.0,RUR,False
5289,112528520,Менеджер по обучению и адаптации,https://api.hh.ru/vacancies/112528520?host=hh.ru,['Менеджер по персоналу'],,,,
5290,112954015,Руководитель отдела продаж,https://api.hh.ru/vacancies/112954015?host=hh.ru,['Руководитель отдела продаж'],265000.0,600000.0,RUR,True
5291,113719175,PHP разработчик в игровой продукт,https://api.hh.ru/vacancies/113719175?host=hh.ru,"['Программист, разработчик']",160000.0,200000.0,RUR,False
5292,110914236,Junior iOS-developer (Swift),https://api.hh.ru/vacancies/110914236?host=hh.ru,"['Программист, разработчик']",,120000.0,RUR,False
5293,113268951,Key Account Manager,https://api.hh.ru/vacancies/113268951?host=hh.ru,"['Менеджер по продажам, менеджер по работе с клиентами']",,,,
5294,114188198,Frontend-разработчик в команду Offer,https://api.hh.ru/vacancies/114188198?host=hh.ru,"['Программист, разработчик']",,450000.0,RUR,True
5295,111744962,Программист,https://api.hh.ru/vacancies/111744962?host=hh.ru,"['Программист, разработчик']",250000.0,,RUR,False
5296,113711444,Middle/Senior Python Developer,https://api.hh.ru/vacancies/113711444?host=hh.ru,"['Программист, разработчик']",,,,
5297,113715177,Специалист Битрикс24,https://api.hh.ru/vacancies/113715177?host=hh.ru,"['Программист, разработчик']",100000.0,150000.0,RUR,False
5298,113721874,HRBP / HR Business Partner (Digital),https://api.hh.ru/vacancies/113721874?host=hh.ru,['Руководитель отдела персонала'],,,,
5299,112696349,Senior Product Manager,https://api.hh.ru/vacancies/112696349?host=hh.ru,['Менеджер продукта'],,,,
5300,114168828,Системный аналитик,https://api.hh.ru/vacancies/114168828?host=hh.ru,['Системный аналитик'],,,,
5301,113322636,Manager - Risk & Assurance,https://api.hh.ru/vacancies/113322636?host=hh.ru,['Юрист'],,,,
5302,111218067,Аналитик данных (маркетинг),https://api.hh.ru/vacancies/111218067?host=hh.ru,['Маркетолог-аналитик'],,,,
5303,112290003,"Middle / Middle+ QA Engineer Тестировщик (crm-системы, агрегаторы) - частичная занятость",https://api.hh.ru/vacancies/112290003?host=hh.ru,['Тестировщик'],,150000.0,RUR,False
5304,112736831,Java-разработчик (junior),https://api.hh.ru/vacancies/112736831?host=hh.ru,"['Программист, разработчик']",,,,
5305,113716689,Science Copywriter (to Yerevan),https://api.hh.ru/vacancies/113716689?host=hh.ru,"['Научный специалист, исследователь']",,,,
5306,112594469,Оператор чата контактного центра,https://api.hh.ru/vacancies/112594469?host=hh.ru,['Другое'],50000.0,,RUR,True
5307,112621712,Frontend Developer/Vue.js (Middle),https://api.hh.ru/vacancies/112621712?host=hh.ru,"['Программист, разработчик']",175800.0,,RUR,False
5308,114064836,IT-рекрутер,https://api.hh.ru/vacancies/114064836?host=hh.ru,['Специалист по подбору персонала'],,,,
5309,114315197,"Marketing Manager (Monarch, Maxim)",https://api.hh.ru/vacancies/114315197?host=hh.ru,"['Менеджер по маркетингу, интернет-маркетолог']",,,,
5310,114085756,Финансист,https://api.hh.ru/vacancies/114085756?host=hh.ru,"['Финансовый аналитик, инвестиционный аналитик']",30000.0,70000.0,RUR,False
5311,112714482,Python-разработчик|Backend developer,https://api.hh.ru/vacancies/112714482?host=hh.ru,"['Программист, разработчик']",100000.0,300000.0,RUR,False
5312,112592349,Ручной тестировщик,https://api.hh.ru/vacancies/112592349?host=hh.ru,['Тестировщик'],,,,
5313,113716110,Руководитель продуктового маркетинга (машиностроение),https://api.hh.ru/vacancies/113716110?host=hh.ru,['Директор по маркетингу и PR (CMO)'],,,,
5314,114036543,Android-разработчик,https://api.hh.ru/vacancies/114036543?host=hh.ru,"['Программист, разработчик']",,,,
5315,114284381,Middle Django (DRF) backend developer,https://api.hh.ru/vacancies/114284381?host=hh.ru,"['Программист, разработчик']",,,,
5316,114015922,IOS Developer (Middle / Senior),https://api.hh.ru/vacancies/114015922?host=hh.ru,"['Программист, разработчик']",150000.0,,RUR,False
5317,114187756,Тестировщик / QA Engineer GameDev (Middle/Senior),https://api.hh.ru/vacancies/114187756?host=hh.ru,['Тестировщик'],,,,
5318,114277536,Арт-директор / Креативный директор (В2В интерьеры),https://api.hh.ru/vacancies/114277536?host=hh.ru,"['Арт-директор, креативный директор']",300000.0,,RUR,False
5319,111610872,Golang-разработчик,https://api.hh.ru/vacancies/111610872?host=hh.ru,"['Программист, разработчик']",,,,
5320,114186862,Специалист по ручному тестированию,https://api.hh.ru/vacancies/114186862?host=hh.ru,['Тестировщик'],,,,
5321,107814167,PHP-разработчик,https://api.hh.ru/vacancies/107814167?host=hh.ru,"['Программист, разработчик']",,,,
5322,106618779,QA\Тестировщик,https://api.hh.ru/vacancies/106618779?host=hh.ru,['Тестировщик'],,,,
5323,113913042,Ведущий frontend / react разработчик,https://api.hh.ru/vacancies/113913042?host=hh.ru,"['Программист, разработчик']",,,,
5324,114039188,Fullstack QA-инженер,https://api.hh.ru/vacancies/114039188?host=hh.ru,['Тестировщик'],,,,
5325,114318019,Junior+/Middle PHP (Laravel) разработчик в веб-cтудию,https://api.hh.ru/vacancies/114318019?host=hh.ru,"['Программист, разработчик']",90000.0,130000.0,RUR,False
5326,114183534,.NET developer,https://api.hh.ru/vacancies/114183534?host=hh.ru,"['Программист, разработчик']",,,,
5327,112743511,Frontend developer,https://api.hh.ru/vacancies/112743511?host=hh.ru,"['Программист, разработчик']",,,,
5328,113300846,Продуктовый дизайнер/Product designer UX/UI,https://api.hh.ru/vacancies/113300846?host=hh.ru,['Другое'],80000.0,120000.0,RUR,False
5329,113701873,Python разработчик (DDI),https://api.hh.ru/vacancies/113701873?host=hh.ru,"['Программист, разработчик']",300000.0,,RUR,True
5330,113696323,Системный аналитик,https://api.hh.ru/vacancies/113696323?host=hh.ru,['Системный аналитик'],250000.0,400000.0,RUR,False
5331,113777805,Business Development Manager (Фонд),https://api.hh.ru/vacancies/113777805?host=hh.ru,['Руководитель отдела продаж'],,,,
5332,112338260,Системный аналитик,https://api.hh.ru/vacancies/112338260?host=hh.ru,['Системный аналитик'],,,,
5333,112778043,IT - Project manager,https://api.hh.ru/vacancies/112778043?host=hh.ru,['Руководитель проектов'],130000.0,,RUR,False
5334,112784445,Тестировщик ПО,https://api.hh.ru/vacancies/112784445?host=hh.ru,['Тестировщик'],90000.0,140000.0,RUR,False
5335,111578098,Java-разработчик (Middle),https://api.hh.ru/vacancies/111578098?host=hh.ru,"['Программист, разработчик']",,,,
5336,112845321,Web-разработчик,https://api.hh.ru/vacancies/112845321?host=hh.ru,"['Программист, разработчик']",50000.0,150000.0,RUR,True
5337,111723682,Операционный директор правового блока,https://api.hh.ru/vacancies/111723682?host=hh.ru,['Другое'],,1000000.0,RUR,False
5338,113010444,Junior Backend Developer PHP (Laravel),https://api.hh.ru/vacancies/113010444?host=hh.ru,"['Программист, разработчик']",,,,
5339,113881291,Training Manager,https://api.hh.ru/vacancies/113881291?host=hh.ru,['Бизнес-тренер'],,,,
5340,114290952,Начальник отдела маркетинга,https://api.hh.ru/vacancies/114290952?host=hh.ru,['Руководитель отдела маркетинга и рекламы'],3000.0,5000.0,USD,False
5341,106062762,Golang-разработчик,https://api.hh.ru/vacancies/106062762?host=hh.ru,"['Программист, разработчик']",,,,
5342,112996180,Системный аналитик,https://api.hh.ru/vacancies/112996180?host=hh.ru,['Системный аналитик'],2000.0,2500.0,USD,False
5343,113861656,IT Project Manager,https://api.hh.ru/vacancies/113861656?host=hh.ru,['Руководитель проектов'],100000.0,,RUR,False
5344,114187967,Middle system administrator / Старший системный администратор,https://api.hh.ru/vacancies/114187967?host=hh.ru,['Системный администратор'],150000.0,200000.0,RUR,False
5345,112795264,Junior QA Инженер,https://api.hh.ru/vacancies/112795264?host=hh.ru,['Тестировщик'],75000.0,75000.0,RUR,False
5346,113322581,Тестировщик/QA(Проектно/по ИП),https://api.hh.ru/vacancies/113322581?host=hh.ru,['Тестировщик'],70000.0,82000.0,RUR,False
5347,114062957,Java-разработчик,https://api.hh.ru/vacancies/114062957?host=hh.ru,"['Программист, разработчик']",,,,
5348,113320808,Программист 1С (Junior),https://api.hh.ru/vacancies/113320808?host=hh.ru,"['Программист, разработчик']",150000.0,,RUR,False
5349,111527361,Тестировщик роборуки,https://api.hh.ru/vacancies/111527361?host=hh.ru,['Тестировщик'],50000.0,68000.0,RUR,False
5350,111790740,"Продуктовый Дизайнер в hr, talent - tech стартап (международный)/Product Designer",https://api.hh.ru/vacancies/111790740?host=hh.ru,"['Дизайнер, художник']",100000.0,500000.0,RUR,False
5351,113323937,Golang-разработчик,https://api.hh.ru/vacancies/113323937?host=hh.ru,"['Программист, разработчик']",,,,
5352,113688180,Business Development Manager [IT],https://api.hh.ru/vacancies/113688180?host=hh.ru,['Другое'],,,,
5353,114303891,Менеджер по организации корпоративных мероприятий (Event-manager),https://api.hh.ru/vacancies/114303891?host=hh.ru,['Event-менеджер'],,,,
5354,113850498,Python разработчик (Middle),https://api.hh.ru/vacancies/113850498?host=hh.ru,"['Программист, разработчик']",,,,
5355,113971165,Разработчик ПО .Net/Dart,https://api.hh.ru/vacancies/113971165?host=hh.ru,"['Программист, разработчик']",100000.0,,RUR,False
5356,112690463,Frontend-разработчик (Middle),https://api.hh.ru/vacancies/112690463?host=hh.ru,"['Программист, разработчик']",,,,
5357,112525616,Системный аналитик (Мексика),https://api.hh.ru/vacancies/112525616?host=hh.ru,['Системный аналитик'],,,,
5358,113713387,Frontend-разработчик,https://api.hh.ru/vacancies/113713387?host=hh.ru,"['Программист, разработчик']",,,,
5359,113742165,Senior Frontend (Astra Monitoring),https://api.hh.ru/vacancies/113742165?host=hh.ru,"['Программист, разработчик']",,,,
5360,99579827,Системный аналитик,https://api.hh.ru/vacancies/99579827?host=hh.ru,['Системный аналитик'],,,,
5361,114037980,Технический писатель,https://api.hh.ru/vacancies/114037980?host=hh.ru,['Технический писатель'],,170000.0,RUR,False
5362,114201975,Специалист по контролю защищенности,https://api.hh.ru/vacancies/114201975?host=hh.ru,['Специалист по информационной безопасности'],,,,
5363,110444980,Data Analyst / Аналитик данных,https://api.hh.ru/vacancies/110444980?host=hh.ru,['Другое'],200000.0,,RUR,True
5364,112787379,Юрист в игровую компанию (middle),https://api.hh.ru/vacancies/112787379?host=hh.ru,['Юрист'],,,,
5365,113722306,Unreal Engine Developer (PC),https://api.hh.ru/vacancies/113722306?host=hh.ru,"['Программист, разработчик']",,,,
5366,114303281,Финансовый контролер,https://api.hh.ru/vacancies/114303281?host=hh.ru,['Финансовый контролер'],,,,
5367,112432620,CTO/Руководитель отдела разработки,https://api.hh.ru/vacancies/112432620?host=hh.ru,['Технический директор (CTO)'],400000.0,600000.0,RUR,False
5368,112704327,Системный аналитик,https://api.hh.ru/vacancies/112704327?host=hh.ru,['Системный аналитик'],,,,
5369,113010237,Системный аналитик (Middle),https://api.hh.ru/vacancies/113010237?host=hh.ru,['Системный аналитик'],,200000.0,RUR,False
5370,113287539,Head of QA,https://api.hh.ru/vacancies/113287539?host=hh.ru,['Тестировщик'],250000.0,350000.0,RUR,False
5371,113854135,Специалист технической поддержки / Reservoir Engineer,https://api.hh.ru/vacancies/113854135?host=hh.ru,['Специалист технической поддержки'],,,,
5372,108879099,Сервисный инженер,https://api.hh.ru/vacancies/108879099?host=hh.ru,"['Сервисный инженер, инженер-механик']",,,,
5373,112059127,Fullstack аналитик (Интерактивные руководства),https://api.hh.ru/vacancies/112059127?host=hh.ru,['Аналитик'],,,,
5374,112344422,Frontend-разработчик (разработка мобильных и веб приложений),https://api.hh.ru/vacancies/112344422?host=hh.ru,"['Программист, разработчик']",,,,
5375,112716644,Разработчик Python,https://api.hh.ru/vacancies/112716644?host=hh.ru,"['Программист, разработчик']",100000.0,140000.0,RUR,False
5376,112768058,Программист 1С:Бухгалтерия,https://api.hh.ru/vacancies/112768058?host=hh.ru,"['Программист, разработчик']",,,,
5377,113701854,Младший системный аналитик,https://api.hh.ru/vacancies/113701854?host=hh.ru,['Системный аналитик'],70000.0,,RUR,False
5378,114315098,Business Development Manager (NGFW),https://api.hh.ru/vacancies/114315098?host=hh.ru,['Менеджер по работе с партнерами'],,,,
5379,112752054,Директор по персоналу / Начальник отдела кадров,https://api.hh.ru/vacancies/112752054?host=hh.ru,['Специалист по кадрам'],,,,
5380,113879895,Ведущий PHP-разработчик,https://api.hh.ru/vacancies/113879895?host=hh.ru,"['Программист, разработчик']",,,,
5381,112627301,Персональный ассистент,https://api.hh.ru/vacancies/112627301?host=hh.ru,"['Секретарь, помощник руководителя, ассистент']",200000.0,,RUR,False
5382,113009663,Тестировщик (Manual QA),https://api.hh.ru/vacancies/113009663?host=hh.ru,['Тестировщик'],,,,
5383,111780266,Java-разработчик,https://api.hh.ru/vacancies/111780266?host=hh.ru,"['Программист, разработчик']",180000.0,,RUR,False
5384,112186418,Frontend-разработчик,https://api.hh.ru/vacancies/112186418?host=hh.ru,"['Программист, разработчик']",110000.0,,RUR,False
5385,112320383,Системный аналитик (Middle/Senior),https://api.hh.ru/vacancies/112320383?host=hh.ru,['Аналитик'],250000.0,350000.0,RUR,False
5386,112622679,Java-разработчик,https://api.hh.ru/vacancies/112622679?host=hh.ru,"['Программист, разработчик']",,,,
5387,114301370,Специалист по кадровому администрированию,https://api.hh.ru/vacancies/114301370?host=hh.ru,['Специалист по кадрам'],,,,
5388,91731813,Специалист службы технической поддержки клиентов (L2),https://api.hh.ru/vacancies/91731813?host=hh.ru,['Специалист технической поддержки'],120000.0,180000.0,RUR,False
5389,112695976,QA Engineer,https://api.hh.ru/vacancies/112695976?host=hh.ru,['Тестировщик'],1500.0,3300.0,EUR,True
5390,113861775,Аккаунт директор,https://api.hh.ru/vacancies/113861775?host=hh.ru,['Руководитель проектов'],,,,
5391,111770348,SEO cпециалист,https://api.hh.ru/vacancies/111770348?host=hh.ru,"['SMM-менеджер, контент-менеджер']",,,,
5392,114295752,Project manager (junior),https://api.hh.ru/vacancies/114295752?host=hh.ru,['Руководитель проектов'],100000.0,100000.0,RUR,True
5393,99067076,Младший Разработчик С++,https://api.hh.ru/vacancies/99067076?host=hh.ru,"['Программист, разработчик']",100000.0,,RUR,False
5394,112494667,Главный бухгалтер в группу компаний,https://api.hh.ru/vacancies/112494667?host=hh.ru,['Бухгалтер'],200000.0,260000.0,RUR,False
5395,113726087,Скриптолог-методист,https://api.hh.ru/vacancies/113726087?host=hh.ru,['Другое'],,,,
5396,112540647,Разработчик .NET,https://api.hh.ru/vacancies/112540647?host=hh.ru,"['Программист, разработчик']",,,,
5397,112769594,Java developer (Senior),https://api.hh.ru/vacancies/112769594?host=hh.ru,"['Программист, разработчик']",,,,
5398,113880021,Серверный программист Go,https://api.hh.ru/vacancies/113880021?host=hh.ru,"['Программист, разработчик']",150000.0,200000.0,RUR,False
5399,111403889,Программист 1С,https://api.hh.ru/vacancies/111403889?host=hh.ru,"['Программист, разработчик']",,,,
5400,112146355,QA automation Lead,https://api.hh.ru/vacancies/112146355?host=hh.ru,['Тестировщик'],,,,
5401,112423066,Инженер-программист,https://api.hh.ru/vacancies/112423066?host=hh.ru,"['Программист, разработчик']",,,,
5402,112977893,Системный аналитик (стажер),https://api.hh.ru/vacancies/112977893?host=hh.ru,['Системный аналитик'],,,,
5403,113324902,Senior PHP developer,https://api.hh.ru/vacancies/113324902?host=hh.ru,"['Программист, разработчик']",3000.0,,EUR,True
5404,114287031,Бухгалтер-калькулятор,https://api.hh.ru/vacancies/114287031?host=hh.ru,['Бухгалтер'],90000.0,90000.0,RUR,False
5405,109756726,IT Project Management Intern / Стажер-менеджер проектов в отделе IT,https://api.hh.ru/vacancies/109756726?host=hh.ru,['Другое'],100000.0,,RUR,True
5406,112121705,Тестировщик,https://api.hh.ru/vacancies/112121705?host=hh.ru,['Тестировщик'],80000.0,,RUR,False
5407,112766244,Программист Python (Junior+/Middle),https://api.hh.ru/vacancies/112766244?host=hh.ru,"['Программист, разработчик']",,,,
5408,113117948,Математик-разработчик / Mathematician Developer,https://api.hh.ru/vacancies/113117948?host=hh.ru,"['Программист, разработчик']",,,,
5409,113733737,Менеджер проекта (девелопмент),https://api.hh.ru/vacancies/113733737?host=hh.ru,['Руководитель проектов'],,,,
5410,80935165,Системный аналитик,https://api.hh.ru/vacancies/80935165?host=hh.ru,['Системный аналитик'],,,,
5411,113871551,Support manager,https://api.hh.ru/vacancies/113871551?host=hh.ru,['Специалист технической поддержки'],,,,
5412,112732617,Technical Service Engineer,https://api.hh.ru/vacancies/112732617?host=hh.ru,['Другое'],4000.0,7000.0,USD,False
5413,113719341,Frontend-разработчик,https://api.hh.ru/vacancies/113719341?host=hh.ru,"['Программист, разработчик']",,,,
5414,112321412,Советник отдела ПЛГ ИВС Федеральное агентство воздушного транспорта,https://api.hh.ru/vacancies/112321412?host=hh.ru,['Главный инженер проекта'],,,,
5415,113322976,Web-администратор,https://api.hh.ru/vacancies/113322976?host=hh.ru,['Администратор'],100000.0,150000.0,RUR,False
5416,113737549,Специалист по развитию продаж (SDR),https://api.hh.ru/vacancies/113737549?host=hh.ru,"['Менеджер по продажам, менеджер по работе с клиентами']",150000.0,,RUR,True
5417,114018815,Исполнительный директор (CEO),https://api.hh.ru/vacancies/114018815?host=hh.ru,"['Генеральный директор, исполнительный директор (CEO)']",200000.0,250000.0,RUR,True
5418,111782528,Коммерческий представитель по работе с ключевыми партнёрами (Москва и МО),https://api.hh.ru/vacancies/111782528?host=hh.ru,['Другое'],150000.0,,RUR,False
5419,112542581,UX/UI-дизайнер,https://api.hh.ru/vacancies/112542581?host=hh.ru,"['Дизайнер, художник']",,,,
5420,113719986,Frontend - разработчик (Vue.js),https://api.hh.ru/vacancies/113719986?host=hh.ru,"['Программист, разработчик']",,,,
5421,111350974,Backend-разработчик,https://api.hh.ru/vacancies/111350974?host=hh.ru,"['Программист, разработчик']",350000.0,450000.0,RUR,False
5422,112147363,Java-разработчик (junior+/middle),https://api.hh.ru/vacancies/112147363?host=hh.ru,"['Программист, разработчик']",,,,
5423,112304229,Senior system administrator /Ведущий системный администратор,https://api.hh.ru/vacancies/112304229?host=hh.ru,['Системный администратор'],,400000.0,RUR,False
5424,113430523,Системный администратор Linux / junior DevOps,https://api.hh.ru/vacancies/113430523?host=hh.ru,['Системный администратор'],50000.0,,RUR,False
5425,112775424,Senior Front-End разработчик JS,https://api.hh.ru/vacancies/112775424?host=hh.ru,"['Программист, разработчик']",190000.0,,RUR,False
5426,113777469,Программист Python Grafana Linux Docker,https://api.hh.ru/vacancies/113777469?host=hh.ru,"['Программист, разработчик']",80000.0,150000.0,RUR,False
5427,113713654,Руководитель группы аналитики,https://api.hh.ru/vacancies/113713654?host=hh.ru,['Руководитель отдела аналитики'],,,,
5428,114089116,Java-разработчик - (Специалист по микросервисам),https://api.hh.ru/vacancies/114089116?host=hh.ru,"['Программист, разработчик']",,200000.0,RUR,False
5429,114301965,Разработчик пояснительной записки в формате xml,https://api.hh.ru/vacancies/114301965?host=hh.ru,"['BI-аналитик, аналитик данных']",,,,
5430,114408416,Бизнес-ассистент / Помощник руководителя,https://api.hh.ru/vacancies/114408416?host=hh.ru,"['Секретарь, помощник руководителя, ассистент']",50000.0,55000.0,RUR,False
5431,104905420,Java-разработчик (Бэкенд),https://api.hh.ru/vacancies/104905420?host=hh.ru,"['Программист, разработчик']",,,,
5432,114176399,Программист SQL,https://api.hh.ru/vacancies/114176399?host=hh.ru,"['Программист, разработчик']",,,,
5433,114299096,B2C Sales Manager: Hair Transplant and Medical Tourism,https://api.hh.ru/vacancies/114299096?host=hh.ru,"['Менеджер по продажам, менеджер по работе с клиентами']",2000.0,3500.0,USD,False
5434,112048105,Уборщица/Уборщик в офисное здание,https://api.hh.ru/vacancies/112048105?host=hh.ru,"['Уборщица, уборщик']",40000.0,,RUR,False
5435,112400724,Инженер тестировщик,https://api.hh.ru/vacancies/112400724?host=hh.ru,['Тестировщик'],150000.0,,RUR,False
5436,113612790,Бизнес-ассистент Собственника компании / Секретарь,https://api.hh.ru/vacancies/113612790?host=hh.ru,"['Секретарь, помощник руководителя, ассистент']",80000.0,120000.0,RUR,False
5437,110905926,Фронтенд-разработчик (Middle),https://api.hh.ru/vacancies/110905926?host=hh.ru,"['Программист, разработчик']",,,,
5438,112844633,PHP Senior Developer,https://api.hh.ru/vacancies/112844633?host=hh.ru,"['Программист, разработчик']",300000.0,,RUR,False
5439,112316293,Секретарь на ресепшен,https://api.hh.ru/vacancies/112316293?host=hh.ru,"['Секретарь, помощник руководителя, ассистент']",100000.0,,RUR,False
5440,111613952,Фронтенд-разработчик,https://api.hh.ru/vacancies/111613952?host=hh.ru,"['Программист, разработчик']",,,,
5441,114161566,Разработчик C++/Qt,https://api.hh.ru/vacancies/114161566?host=hh.ru,"['Программист, разработчик']",180000.0,300000.0,RUR,False
5442,114186688,PHP-разработчик,https://api.hh.ru/vacancies/114186688?host=hh.ru,"['Программист, разработчик']",,,,
5443,112772438,Бэкенд-разработчик Python / Backend Python Developer (Middle),https://api.hh.ru/vacancies/112772438?host=hh.ru,"['Программист, разработчик']",180000.0,220000.0,RUR,False
5444,113708501,"Frontend-разработчик (React, TypeScript) // Middle",https://api.hh.ru/vacancies/113708501?host=hh.ru,"['Программист, разработчик']",,,,
5445,113760116,Chief Commercial Officer / CCO,https://api.hh.ru/vacancies/113760116?host=hh.ru,"['Генеральный директор, исполнительный директор (CEO)']",,8000.0,USD,False
5446,114319683,"Senior Financial Analyst (Payroll, FP&A)",https://api.hh.ru/vacancies/114319683?host=hh.ru,['Другое'],,,,
5447,113149638,Project Manager (менеджер проектов),https://api.hh.ru/vacancies/113149638?host=hh.ru,['Руководитель проектов'],90000.0,150000.0,RUR,False
5448,113707296,IOS-разработчик,https://api.hh.ru/vacancies/113707296?host=hh.ru,"['Программист, разработчик']",,450000.0,RUR,True
5449,112065831,UX/UI-дизайнер,https://api.hh.ru/vacancies/112065831?host=hh.ru,"['Дизайнер, художник']",,,,
5450,113730029,Тестировщик,https://api.hh.ru/vacancies/113730029?host=hh.ru,['Тестировщик'],,120000.0,RUR,True
5451,114164420,Ведущий тестировщика/Lead в IT-компании,https://api.hh.ru/vacancies/114164420?host=hh.ru,['Тестировщик'],170000.0,200000.0,RUR,False
5452,113131844,Ведущий парикмахер-стилист / Парикмахер-стилист,https://api.hh.ru/vacancies/113131844?host=hh.ru,['Парикмахер'],100000.0,250000.0,RUR,False
5453,113878068,Product Marketing Manager,https://api.hh.ru/vacancies/113878068?host=hh.ru,['Маркетолог-аналитик'],,,,
5454,113736152,Программист Python,https://api.hh.ru/vacancies/113736152?host=hh.ru,"['Программист, разработчик']",,,,
5455,113875306,Ведущий разработчик,https://api.hh.ru/vacancies/113875306?host=hh.ru,"['BI-аналитик, аналитик данных']",,,,
5456,114163041,CRM-маркетолог (Mindbox),https://api.hh.ru/vacancies/114163041?host=hh.ru,"['Менеджер по маркетингу, интернет-маркетолог']",,,,
5457,114289253,Продуктовый дизайнер,https://api.hh.ru/vacancies/114289253?host=hh.ru,"['Дизайнер, художник']",,,,
5458,111989402,Middle+ QA (manual),https://api.hh.ru/vacancies/111989402?host=hh.ru,['Тестировщик'],,,,
5459,101882416,Games QA engineer,https://api.hh.ru/vacancies/101882416?host=hh.ru,['Тестировщик'],,,,
5460,112322230,Ассистент продюсера / Младший геймдизайнер,https://api.hh.ru/vacancies/112322230?host=hh.ru,['Продюсер'],,,,
5461,113269938,Бренд-менеджер,https://api.hh.ru/vacancies/113269938?host=hh.ru,['PR-менеджер'],,,,
5462,112962848,Системный аналитик,https://api.hh.ru/vacancies/112962848?host=hh.ru,"['Программист, разработчик']",,,,
5463,112762843,Python-разработчик,https://api.hh.ru/vacancies/112762843?host=hh.ru,"['Программист, разработчик']",,,,
5464,114515252,"SMM менеджер, менеджер по продвижению и продажам (в офисе)",https://api.hh.ru/vacancies/114515252?host=hh.ru,"['Менеджер по маркетингу, интернет-маркетолог']",76000.0,120000.0,RUR,False
5465,111961404,Frontend-разработчик,https://api.hh.ru/vacancies/111961404?host=hh.ru,"['Программист, разработчик']",,200000.0,RUR,False
5466,112317692,Стажер контент менеджер,https://api.hh.ru/vacancies/112317692?host=hh.ru,['Другое'],20000.0,50000.0,RUR,False
5467,113872248,UX/UI дизайнер,https://api.hh.ru/vacancies/113872248?host=hh.ru,['Другое'],,,,
5468,113877201,PHP-разработчик,https://api.hh.ru/vacancies/113877201?host=hh.ru,"['Программист, разработчик']",,,,
5469,114188268,Разработчик 1C-Bitrix,https://api.hh.ru/vacancies/114188268?host=hh.ru,"['Программист, разработчик']",,,,
5470,112499615,Менеджер проектов,https://api.hh.ru/vacancies/112499615?host=hh.ru,['Руководитель проектов'],80000.0,120000.0,RUR,True
5471,113758971,Middle/Senior Frontend Developer на Vue,https://api.hh.ru/vacancies/113758971?host=hh.ru,"['Программист, разработчик']",,200000.0,RUR,False
5472,112750446,Диспетчер (дежурный),https://api.hh.ru/vacancies/112750446?host=hh.ru,['Диспетчер'],76000.0,,RUR,False
5473,113703891,Специалист казначейства,https://api.hh.ru/vacancies/113703891?host=hh.ru,['Казначей'],,,,
5474,114179491,Project Manager/Менеджер проекта IT,https://api.hh.ru/vacancies/114179491?host=hh.ru,['Руководитель проектов'],,,,
5475,114285612,Middle Android Developer,https://api.hh.ru/vacancies/114285612?host=hh.ru,"['Программист, разработчик']",250000.0,,RUR,False
5476,108830948,Frontend Developer (Middle+/Senior),https://api.hh.ru/vacancies/108830948?host=hh.ru,"['Программист, разработчик']",,,,
5477,111727971,Стажер бизнес-аналитик,https://api.hh.ru/vacancies/111727971?host=hh.ru,['Бизнес-аналитик'],,,,
5478,112716353,"Специалист по маркировке ""Честный знак""",https://api.hh.ru/vacancies/112716353?host=hh.ru,"['Дизайнер, художник']",80000.0,,RUR,False
5479,112756328,Инженер службы технической поддержки,https://api.hh.ru/vacancies/112756328?host=hh.ru,['Специалист технической поддержки'],90000.0,110000.0,RUR,False
5480,112325788,Golang разработчик (Team Lead/Middle+),https://api.hh.ru/vacancies/112325788?host=hh.ru,['Руководитель группы разработки'],,480000.0,RUR,True
5481,113565344,Аналитик-программист,https://api.hh.ru/vacancies/113565344?host=hh.ru,['Аналитик'],45000.0,150000.0,RUR,False
5482,110896295,Менеджер по работе с клиентами (дистанционный формат),https://api.hh.ru/vacancies/110896295?host=hh.ru,"['Менеджер по продажам, менеджер по работе с клиентами']",100000.0,,RUR,True
5483,112433113,Frontend-разработчик,https://api.hh.ru/vacancies/112433113?host=hh.ru,"['Программист, разработчик']",,,,
5484,112615359,Python разработчик,https://api.hh.ru/vacancies/112615359?host=hh.ru,"['Программист, разработчик']",180000.0,350000.0,RUR,False
5485,112761759,QA Engineer,https://api.hh.ru/vacancies/112761759?host=hh.ru,['Тестировщик'],80000.0,100000.0,RUR,False
5486,113648275,Unity-разработчик (Mid-Senior) Hyper Casual игр,https://api.hh.ru/vacancies/113648275?host=hh.ru,['Гейм-дизайнер'],,,,
5487,112756690,Python-разработчик (MLOps),https://api.hh.ru/vacancies/112756690?host=hh.ru,"['Программист, разработчик']",,,,
5488,112946576,Game Designer в стиле GTA удаленно,https://api.hh.ru/vacancies/112946576?host=hh.ru,['Гейм-дизайнер'],250000.0,,RUR,True
5489,113157143,Специалист по тестированию (работа в офисе),https://api.hh.ru/vacancies/113157143?host=hh.ru,['Тестировщик'],,,,
5490,111311088,Руководитель отдела маркетинга,https://api.hh.ru/vacancies/111311088?host=hh.ru,['Руководитель отдела маркетинга и рекламы'],,,,
5491,112846403,Тестировщик,https://api.hh.ru/vacancies/112846403?host=hh.ru,['Тестировщик'],,,,
5492,113015398,Senior/Lead Frontend Developer,https://api.hh.ru/vacancies/113015398?host=hh.ru,"['Программист, разработчик']",4500.0,5500.0,EUR,True
5493,113880976,UI-UX дизайнер,https://api.hh.ru/vacancies/113880976?host=hh.ru,"['Дизайнер, художник']",,,,
5494,112712440,Rust-разработчик,https://api.hh.ru/vacancies/112712440?host=hh.ru,"['Программист, разработчик']",,,,
5495,112748802,Программист-разработчик,https://api.hh.ru/vacancies/112748802?host=hh.ru,"['Программист, разработчик']",350000.0,400000.0,RUR,False
5496,113010048,Руководитель направления развития собственных клиентов,https://api.hh.ru/vacancies/113010048?host=hh.ru,['Руководитель отдела клиентского обслуживания'],,,,
5497,113010048,Руководитель направления развития собственных клиентов,https://api.hh.ru/vacancies/113010048?host=hh.ru,['Руководитель отдела клиентского обслуживания'],,,,
5498,113323124,Senior iOS Developer,https://api.hh.ru/vacancies/113323124?host=hh.ru,"['Программист, разработчик']",,,,
5499,114294901,Руководитель отдела активных продаж,https://api.hh.ru/vacancies/114294901?host=hh.ru,['Руководитель отдела продаж'],,,,
5500,112778302,Менеджер digital – проектов,https://api.hh.ru/vacancies/112778302?host=hh.ru,['Руководитель проектов'],,,,
5501,113740812,Middle Node.js Developer,https://api.hh.ru/vacancies/113740812?host=hh.ru,"['Программист, разработчик']",150000.0,220000.0,RUR,True
5502,114074266,"Инженер-конструктор (корпусные детали, механизмы)",https://api.hh.ru/vacancies/114074266?host=hh.ru,"['Инженер-конструктор, инженер-проектировщик']",100000.0,160000.0,RUR,False
5503,114161590,Fullstack QA (middle/senior),https://api.hh.ru/vacancies/114161590?host=hh.ru,['Тестировщик'],200000.0,,RUR,False
5504,112163920,Bitrix-разработчик,https://api.hh.ru/vacancies/112163920?host=hh.ru,"['Программист, разработчик']",,250000.0,RUR,False
5505,109819578,"Backend разработчик (Django, FastAPI, Python)",https://api.hh.ru/vacancies/109819578?host=hh.ru,"['Программист, разработчик']",150000.0,170000.0,RUR,False
5506,112684863,Стажер-программист 1С,https://api.hh.ru/vacancies/112684863?host=hh.ru,"['Программист, разработчик']",60000.0,,RUR,False
5507,113734932,Senior Frontend разработчик,https://api.hh.ru/vacancies/113734932?host=hh.ru,"['Программист, разработчик']",,,,
5508,112545196,Коммерческий директор (CCO),https://api.hh.ru/vacancies/112545196?host=hh.ru,['Коммерческий директор (CCO)'],,,,
5509,112578493,Стажер Product Manager,https://api.hh.ru/vacancies/112578493?host=hh.ru,['Менеджер продукта'],,,,
5510,114174294,Unity-разработчик,https://api.hh.ru/vacancies/114174294?host=hh.ru,"['Программист, разработчик']",100000.0,,RUR,False
5511,112193029,IT Sales manager,https://api.hh.ru/vacancies/112193029?host=hh.ru,"['Менеджер по продажам, менеджер по работе с клиентами']",,,,
5512,113007037,Личный бизнес-ассистент,https://api.hh.ru/vacancies/113007037?host=hh.ru,"['Секретарь, помощник руководителя, ассистент']",,,,
5513,113321861,Full-stack аналитик (платежные системы),https://api.hh.ru/vacancies/113321861?host=hh.ru,['Системный аналитик'],4500.0,,EUR,False
5514,114079070,Аналитик-разработчик,https://api.hh.ru/vacancies/114079070?host=hh.ru,"['BI-аналитик, аналитик данных']",350000.0,460000.0,RUR,False
5515,114304825,Инженер в отдел ТОиР авиационных двигателей,https://api.hh.ru/vacancies/114304825?host=hh.ru,"['Сервисный инженер, инженер-механик']",90000.0,120000.0,RUR,True
5516,112590428,Графический дизайнер / Веб дизайнер / Дизайнер для мероприятий,https://api.hh.ru/vacancies/112590428?host=hh.ru,"['Дизайнер, художник']",150000.0,180000.0,RUR,False
5517,113708324,Java-разработчик,https://api.hh.ru/vacancies/113708324?host=hh.ru,"['Программист, разработчик']",,,,
5518,111765513,Middle/Middle+ Frontend-разработчик (React),https://api.hh.ru/vacancies/111765513?host=hh.ru,"['Программист, разработчик']",,,,
5519,111898417,Frontend-разработчик (Junior frontend developer),https://api.hh.ru/vacancies/111898417?host=hh.ru,"['Программист, разработчик']",,50000.0,RUR,False
5520,114069965,Консультант 1С/Начинающий программист 1С,https://api.hh.ru/vacancies/114069965?host=hh.ru,"['Программист, разработчик']",100000.0,,RUR,True
5521,111742642,Frontend-разработчик,https://api.hh.ru/vacancies/111742642?host=hh.ru,"['Программист, разработчик']",,200000.0,RUR,True
5522,112353090,Системный аналитик (junior/middle),https://api.hh.ru/vacancies/112353090?host=hh.ru,['Системный аналитик'],,,,
5523,113859891,Системный аналитик,https://api.hh.ru/vacancies/113859891?host=hh.ru,['Аналитик'],,,,
5524,114020088,IT recruiter/ ИТ рекрутер,https://api.hh.ru/vacancies/114020088?host=hh.ru,['Специалист по подбору персонала'],,,,
5525,113866688,Golang developer (Видеоплатформа и сервисы),https://api.hh.ru/vacancies/113866688?host=hh.ru,"['Программист, разработчик']",,,,
5526,112039191,QA engineer / тестировщик (middle),https://api.hh.ru/vacancies/112039191?host=hh.ru,['Тестировщик'],100000.0,,RUR,False
5527,112594462,HTML-верстальщик,https://api.hh.ru/vacancies/112594462?host=hh.ru,"['Программист, разработчик']",80000.0,130000.0,RUR,False
5528,112643953,Full Stack PHP Developer,https://api.hh.ru/vacancies/112643953?host=hh.ru,"['Программист, разработчик']",2000.0,4500.0,USD,False
5529,113737155,Специалист по сертификации (Меркурий ХС / Честный знак),https://api.hh.ru/vacancies/113737155?host=hh.ru,['Специалист по сертификации'],90000.0,,RUR,False
5530,113859329,Backend-разработчик (Node.js),https://api.hh.ru/vacancies/113859329?host=hh.ru,"['Программист, разработчик']",2500.0,4000.0,USD,True
5531,109586054,Старший консультант ЗУП,https://api.hh.ru/vacancies/109586054?host=hh.ru,['Аналитик'],,,,
5532,110943408,UX/UI дизайнер,https://api.hh.ru/vacancies/110943408?host=hh.ru,"['Дизайнер, художник']",120000.0,,RUR,False
5533,112072184,Business development manager (Gambling),https://api.hh.ru/vacancies/112072184?host=hh.ru,['Другое'],100000.0,220000.0,RUR,False
5534,112882416,Менеджер продукта / Product Manager,https://api.hh.ru/vacancies/112882416?host=hh.ru,['Менеджер продукта'],220000.0,270000.0,RUR,False
5535,114297671,Java-разработчик,https://api.hh.ru/vacancies/114297671?host=hh.ru,"['Программист, разработчик']",,,,
5536,110249682,Java-разработчик систем CRM,https://api.hh.ru/vacancies/110249682?host=hh.ru,"['Программист, разработчик']",,,,
5537,111792383,Программист 1С,https://api.hh.ru/vacancies/111792383?host=hh.ru,"['Программист, разработчик']",130000.0,,RUR,False
5538,113601098,Middle Product Designer,https://api.hh.ru/vacancies/113601098?host=hh.ru,"['Дизайнер, художник']",,,,
5539,114016648,Системный аналитик (возможна удаленка),https://api.hh.ru/vacancies/114016648?host=hh.ru,['Системный аналитик'],,,,
5540,108975907,Junior C++ Developer / Младший разработчик С++,https://api.hh.ru/vacancies/108975907?host=hh.ru,"['Программист, разработчик']",,,,
5541,112051210,"Тестировщик (бэк, ручное тестирование)",https://api.hh.ru/vacancies/112051210?host=hh.ru,['Тестировщик'],80000.0,90000.0,RUR,False
5542,112792469,Full-stack разработчик / Full Stack Developer (Middle/Senior),https://api.hh.ru/vacancies/112792469?host=hh.ru,"['Программист, разработчик']",230000.0,330000.0,RUR,False
5543,113898079,Менеджер PR-проектов,https://api.hh.ru/vacancies/113898079?host=hh.ru,['PR-менеджер'],120000.0,,RUR,False
5544,114175144,Специалист по парсингу данных,https://api.hh.ru/vacancies/114175144?host=hh.ru,['Дата-сайентист'],,,,
5545,114180706,3D Three.js Frontend-разработчик,https://api.hh.ru/vacancies/114180706?host=hh.ru,"['Программист, разработчик']",120000.0,300000.0,RUR,False
5546,101146724,Технический писатель,https://api.hh.ru/vacancies/101146724?host=hh.ru,['Технический писатель'],,,,
5547,112047918,Java backend developer,https://api.hh.ru/vacancies/112047918?host=hh.ru,"['Программист, разработчик']",,,,
5548,113748081,Front-end разработчик,https://api.hh.ru/vacancies/113748081?host=hh.ru,"['Программист, разработчик']",,,,
5549,113885306,Геймдизайнер аркады / гиперказуал,https://api.hh.ru/vacancies/113885306?host=hh.ru,['Гейм-дизайнер'],,140000.0,RUR,False
5550,114049569,Разработчик DWH,https://api.hh.ru/vacancies/114049569?host=hh.ru,"['Программист, разработчик']",,,,
5551,114301839,Продуктовый дизайнер (Senior/Middle),https://api.hh.ru/vacancies/114301839?host=hh.ru,"['Дизайнер, художник']",,,,
5552,108954292,Разработчик 1С,https://api.hh.ru/vacancies/108954292?host=hh.ru,"['Программист, разработчик']",,,,
5553,110627164,Rust Developer,https://api.hh.ru/vacancies/110627164?host=hh.ru,"['Программист, разработчик']",150000.0,400000.0,RUR,True
5554,110654813,QA engineer,https://api.hh.ru/vacancies/110654813?host=hh.ru,['Тестировщик'],,120000.0,RUR,False
5555,111856035,"Системный администратор (1, 2 линия)",https://api.hh.ru/vacancies/111856035?host=hh.ru,['Системный администратор'],100000.0,,RUR,False
5556,114367862,React Native Developer,https://api.hh.ru/vacancies/114367862?host=hh.ru,"['Программист, разработчик']",,300000.0,RUR,True
5557,110168915,Системный аналитик,https://api.hh.ru/vacancies/110168915?host=hh.ru,['Системный аналитик'],,,,
5558,111330942,VIP Customer Support Manager,https://api.hh.ru/vacancies/111330942?host=hh.ru,['Другое'],,,,
5559,112075456,"QA Engineer, manual (web, mobile, SmartTV)",https://api.hh.ru/vacancies/112075456?host=hh.ru,['Тестировщик'],,,,
5560,112583984,Директор Департамента информационных технологий в Управляющую компанию (Ценные бумаги),https://api.hh.ru/vacancies/112583984?host=hh.ru,['Директор по информационным технологиям (CIO)'],,,,
5561,113722124,Разработчик,https://api.hh.ru/vacancies/113722124?host=hh.ru,"['Программист, разработчик']",,,,
5562,114053514,Администратор (Направление разработки) / Ресурсный менеджер,https://api.hh.ru/vacancies/114053514?host=hh.ru,['Менеджер продукта'],,,,
5563,105309198,Тестировщик,https://api.hh.ru/vacancies/105309198?host=hh.ru,['Тестировщик'],,,,
5564,112038565,Руководитель отдела управленческого учета и отчетности,https://api.hh.ru/vacancies/112038565?host=hh.ru,['Методолог'],,,,
5565,112964794,Продакт-менеджер (удаленно),https://api.hh.ru/vacancies/112964794?host=hh.ru,['Менеджер продукта'],,,,
5566,112999742,React-разработчик,https://api.hh.ru/vacancies/112999742?host=hh.ru,"['Программист, разработчик']",,,,
5567,113323479,Специалист по документообороту,https://api.hh.ru/vacancies/113323479?host=hh.ru,"['Делопроизводитель, архивариус']",90000.0,,RUR,True
5568,114050839,EVM Developer (Devrel team),https://api.hh.ru/vacancies/114050839?host=hh.ru,"['Программист, разработчик']",,,,
5569,114184322,BIM-менеджер,https://api.hh.ru/vacancies/114184322?host=hh.ru,"['Инженер-конструктор, инженер-проектировщик']",,,,
5570,114186245,IOS-разработчик,https://api.hh.ru/vacancies/114186245?host=hh.ru,"['Программист, разработчик']",,,,
5571,110606588,Flutter-разработчик,https://api.hh.ru/vacancies/110606588?host=hh.ru,"['Программист, разработчик']",193000.0,200000.0,RUR,True
5572,112147171,Senior IOS Developer,https://api.hh.ru/vacancies/112147171?host=hh.ru,"['Программист, разработчик']",,,,
5573,111974752,Junior web программист / интегратор (арбитраж трафика),https://api.hh.ru/vacancies/111974752?host=hh.ru,"['Программист, разработчик']",40000.0,70000.0,RUR,False
5574,112903397,Руководитель проектов (индивидуальное жилое строительство),https://api.hh.ru/vacancies/112903397?host=hh.ru,['Руководитель строительного проекта'],750000.0,1000000.0,RUR,False
5575,113155660,Product owner международный сайт,https://api.hh.ru/vacancies/113155660?host=hh.ru,['Менеджер продукта'],1500.0,2000.0,USD,False
5576,111896798,Frontend React (Middle/Senior),https://api.hh.ru/vacancies/111896798?host=hh.ru,"['Программист, разработчик']",,200000.0,RUR,False
5577,113134730,Node JS Developer Nest,https://api.hh.ru/vacancies/113134730?host=hh.ru,"['Программист, разработчик']",,,,
5578,113735452,Java разработчик (Middle/Senior),https://api.hh.ru/vacancies/113735452?host=hh.ru,"['Программист, разработчик']",,,,
5579,112867177,Администратор операционных систем Linux,https://api.hh.ru/vacancies/112867177?host=hh.ru,['Системный администратор'],,,,
5580,103644845,Стажер (ученик) на курс backend-разработки (PHP),https://api.hh.ru/vacancies/103644845?host=hh.ru,"['Программист, разработчик']",,,,
5581,111980287,Middle QA / Инженер по функциональному тестированию,https://api.hh.ru/vacancies/111980287?host=hh.ru,['Тестировщик'],,,,
5582,113858182,Менеджер по обучению,https://api.hh.ru/vacancies/113858182?host=hh.ru,['Менеджер по персоналу'],,,,
5583,114165186,Windows разработчик в единственном лице,https://api.hh.ru/vacancies/114165186?host=hh.ru,['Другое'],500000.0,,RUR,False
5584,112877957,Контент-менеджер,https://api.hh.ru/vacancies/112877957?host=hh.ru,"['SMM-менеджер, контент-менеджер']",,,,
5585,113754283,Бизнес-ассистент,https://api.hh.ru/vacancies/113754283?host=hh.ru,"['Секретарь, помощник руководителя, ассистент']",150000.0,,RUR,False
5586,114179065,Менеджер по продажам B2B / Business Development Manager (Enterprise-клиенты),https://api.hh.ru/vacancies/114179065?host=hh.ru,"['Менеджер по продажам, менеджер по работе с клиентами']",200000.0,,RUR,False
5587,114186968,Разработчик оптимизационных алгоритмов (Python),https://api.hh.ru/vacancies/114186968?host=hh.ru,"['Программист, разработчик']",,,,
5588,112337798,Swift разработчик (Middle/Junior),https://api.hh.ru/vacancies/112337798?host=hh.ru,"['Программист, разработчик']",,160000.0,RUR,False
5589,112773669,Head of PR,https://api.hh.ru/vacancies/112773669?host=hh.ru,['PR-менеджер'],300000.0,,RUR,False
5590,113638933,Senior front-end developer (React),https://api.hh.ru/vacancies/113638933?host=hh.ru,"['Программист, разработчик']",380000.0,,RUR,False
5591,114180317,Head of Sales,https://api.hh.ru/vacancies/114180317?host=hh.ru,['Руководитель отдела продаж'],,,,
5592,111875508,Middle/Middle+ Frontend developer(react),https://api.hh.ru/vacancies/111875508?host=hh.ru,"['Программист, разработчик']",250000.0,,RUR,True
5593,114289172,Разработчик SQL (ДБО),https://api.hh.ru/vacancies/114289172?host=hh.ru,"['Программист, разработчик']",,,,
5594,111033261,Технический писатель,https://api.hh.ru/vacancies/111033261?host=hh.ru,['Технический писатель'],150000.0,,RUR,False
5595,114339813,Lead Python Developer,https://api.hh.ru/vacancies/114339813?host=hh.ru,"['Программист, разработчик']",450000.0,600000.0,RUR,False
5596,110965608,DevOps-инженер,https://api.hh.ru/vacancies/110965608?host=hh.ru,['DevOps-инженер'],,3500.0,USD,False
5597,114012841,Flutter-разработчик,https://api.hh.ru/vacancies/114012841?host=hh.ru,"['Программист, разработчик']",,,,
5598,109069877,PHP Laravel Developer,https://api.hh.ru/vacancies/109069877?host=hh.ru,"['Программист, разработчик']",200000.0,,RUR,False
5599,113703683,Руководитель казначейства,https://api.hh.ru/vacancies/113703683?host=hh.ru,['Казначей'],,,,
5600,113889887,Бизнес-аналитик (Лукоморье),https://api.hh.ru/vacancies/113889887?host=hh.ru,['Бизнес-аналитик'],,,,
5601,110089862,Заместитель главного бухгалтера,https://api.hh.ru/vacancies/110089862?host=hh.ru,['Бухгалтер'],260000.0,260000.0,RUR,True
5602,113009531,Android-разработчик,https://api.hh.ru/vacancies/113009531?host=hh.ru,['Руководитель отдела продаж'],,200000.0,RUR,True
5603,113016795,Java Developer (удаленно),https://api.hh.ru/vacancies/113016795?host=hh.ru,"['Программист, разработчик']",,,,
5604,108259376,Инженер по тестированию,https://api.hh.ru/vacancies/108259376?host=hh.ru,['Тестировщик'],,,,
5605,111982537,Инженер VoIP,https://api.hh.ru/vacancies/111982537?host=hh.ru,['DevOps-инженер'],,,,
5606,112351703,Middle QA инженер,https://api.hh.ru/vacancies/112351703?host=hh.ru,['Тестировщик'],,,,
5607,113725639,Product designer,https://api.hh.ru/vacancies/113725639?host=hh.ru,"['Дизайнер, художник']",,230000.0,RUR,False
5608,111754600,Руководитель проектов / Project Manager,https://api.hh.ru/vacancies/111754600?host=hh.ru,['Руководитель проектов'],,,,
5609,112075017,Sales / Business Development Manager (Web3/Crypto),https://api.hh.ru/vacancies/112075017?host=hh.ru,['Другое'],,,,
5610,112774458,Руководитель проектов,https://api.hh.ru/vacancies/112774458?host=hh.ru,['Руководитель проектов'],,300000.0,RUR,True
5611,114176975,Ведущий UX UI дизайнер,https://api.hh.ru/vacancies/114176975?host=hh.ru,"['Дизайнер, художник']",,,,
5612,109240539,Бухгалтер на авансовые отчеты и заработную плату,https://api.hh.ru/vacancies/109240539?host=hh.ru,['Бухгалтер'],,,,
5613,112512453,Системный аналитик/Технический писатель (рост в Аналитика данных),https://api.hh.ru/vacancies/112512453?host=hh.ru,['Системный аналитик'],160000.0,,RUR,False
5614,112753493,Frontend-разработчик,https://api.hh.ru/vacancies/112753493?host=hh.ru,['Другое'],,,,
5615,112759988,Python-разработчик,https://api.hh.ru/vacancies/112759988?host=hh.ru,"['Программист, разработчик']",,,,
5616,112962954,Стажёр-разработчик SQL,https://api.hh.ru/vacancies/112962954?host=hh.ru,"['BI-аналитик, аналитик данных']",,,,
5617,112999283,Middle/Senior Backend (Golang) developer,https://api.hh.ru/vacancies/112999283?host=hh.ru,"['Программист, разработчик']",250000.0,,RUR,True
5618,113329223,Бизнес-тренер,https://api.hh.ru/vacancies/113329223?host=hh.ru,['Бизнес-тренер'],,,,
5619,110672599,Ведущий инженер по тестированию (QA/SDET),https://api.hh.ru/vacancies/110672599?host=hh.ru,['Тестировщик'],,,,
5620,112519081,Администратор проектов (Отдел развития бизнеса),https://api.hh.ru/vacancies/112519081?host=hh.ru,['Руководитель проектов'],,,,
5621,112766477,Junior Brand Manager OTC,https://api.hh.ru/vacancies/112766477?host=hh.ru,['Маркетолог-аналитик'],,,,
5622,113720748,Golang Разработчик (Продукт: Fraud Protection),https://api.hh.ru/vacancies/113720748?host=hh.ru,"['Программист, разработчик']",,,,
5623,113137290,Разработчик в Московский транспорт (стажер),https://api.hh.ru/vacancies/113137290?host=hh.ru,"['Программист, разработчик']",,65000.0,RUR,True
5624,114200696,Копирайтер,https://api.hh.ru/vacancies/114200696?host=hh.ru,"['Копирайтер, редактор, корректор']",,,,
5625,107695112,Специалист по тестированию банковского ПО,https://api.hh.ru/vacancies/107695112?host=hh.ru,['Тестировщик'],,,,
5626,113031110,PHP разработчик,https://api.hh.ru/vacancies/113031110?host=hh.ru,"['Программист, разработчик']",,250000.0,RUR,False
5627,114109137,Финансовый директор (CFO),https://api.hh.ru/vacancies/114109137?host=hh.ru,['Финансовый директор (CFO)'],,,,
5628,112353542,Руководитель IT проектов,https://api.hh.ru/vacancies/112353542?host=hh.ru,['Руководитель проектов'],,250000.0,RUR,False
5629,109936469,Консультант 1С (Junior),https://api.hh.ru/vacancies/109936469?host=hh.ru,['Другое'],180000.0,,RUR,False
5630,111758921,Начальник строительного участка,https://api.hh.ru/vacancies/111758921?host=hh.ru,"['Прораб, мастер СМР']",350000.0,,RUR,False
5631,111975247,Старший менеджер по документообороту,https://api.hh.ru/vacancies/111975247?host=hh.ru,['Другое'],,,,
5632,112571801,Менеджер по развитию,https://api.hh.ru/vacancies/112571801?host=hh.ru,"['Директор магазина, директор сети магазинов']",200000.0,250000.0,RUR,False
5633,113160350,Бизнес-аналитик,https://api.hh.ru/vacancies/113160350?host=hh.ru,['Бизнес-аналитик'],200000.0,,RUR,True
5634,113912323,Head of Product (Offer Walls),https://api.hh.ru/vacancies/113912323?host=hh.ru,['Менеджер продукта'],,,,
5635,114477314,Разработчик C++/Qt,https://api.hh.ru/vacancies/114477314?host=hh.ru,"['Программист, разработчик']",150.0,200.0,RUR,False
5636,112393524,Java Developer,https://api.hh.ru/vacancies/112393524?host=hh.ru,"['Программист, разработчик']",,,,
5637,114161099,Инженер DevOps / Сетевой инженер-консультант,https://api.hh.ru/vacancies/114161099?host=hh.ru,['DevOps-инженер'],400000.0,,RUR,False
5638,114300503,Программист микроконтроллеров,https://api.hh.ru/vacancies/114300503?host=hh.ru,"['Программист, разработчик']",,,,
5639,112387568,Инженер,https://api.hh.ru/vacancies/112387568?host=hh.ru,['Инженер ПНР'],,,,
5640,112883566,Вязальщица / Вязальщик,https://api.hh.ru/vacancies/112883566?host=hh.ru,"['Упаковщик, комплектовщик']",20000.0,,RUR,False
5641,113856742,Business Development Representative / Business Development Manager,https://api.hh.ru/vacancies/113856742?host=hh.ru,['Менеджер продукта'],,,,
5642,114057173,Продуктовый менеджер веб-проектов,https://api.hh.ru/vacancies/114057173?host=hh.ru,['Менеджер продукта'],,,,
5643,114183017,Редактор Telegram-канала,https://api.hh.ru/vacancies/114183017?host=hh.ru,"['Копирайтер, редактор, корректор']",,,,
5644,111800281,Chief Product Officer (CPO),https://api.hh.ru/vacancies/111800281?host=hh.ru,['Менеджер продукта'],,,,
5645,112405901,Middle Frontend разработчик,https://api.hh.ru/vacancies/112405901?host=hh.ru,"['Программист, разработчик']",,,,
5646,112683746,Android-разработчик,https://api.hh.ru/vacancies/112683746?host=hh.ru,"['Программист, разработчик']",,,,
5647,114034061,Product owner / Менеджер продукта,https://api.hh.ru/vacancies/114034061?host=hh.ru,['Менеджер продукта'],,,,
5648,114186832,Администратор Bitrix24,https://api.hh.ru/vacancies/114186832?host=hh.ru,['Методолог'],,200000.0,RUR,False
5649,114191301,Senior Product Manager (стрим оплат),https://api.hh.ru/vacancies/114191301?host=hh.ru,['Менеджер продукта'],,,,
5650,114293736,Бизнес-аналитик / Системный аналитик,https://api.hh.ru/vacancies/114293736?host=hh.ru,['Бизнес-аналитик'],,,,
5651,114302857,Tech lead/Архитектор Web решений,https://api.hh.ru/vacancies/114302857?host=hh.ru,['Руководитель группы разработки'],,,,
5652,109784425,Программист,https://api.hh.ru/vacancies/109784425?host=hh.ru,"['Программист, разработчик']",,230000.0,RUR,False
5653,110761995,Руководитель направления ERP,https://api.hh.ru/vacancies/110761995?host=hh.ru,['Руководитель отдела аналитики'],,,,
5654,111976047,Frontend-разработчик,https://api.hh.ru/vacancies/111976047?host=hh.ru,"['Программист, разработчик']",250000.0,350000.0,RUR,True
5655,112168851,Разработчик Delphi,https://api.hh.ru/vacancies/112168851?host=hh.ru,"['Программист, разработчик']",300000.0,340000.0,RUR,True
5656,112207472,React Frontend-разработчик (на верстку креативных сайтов),https://api.hh.ru/vacancies/112207472?host=hh.ru,"['Программист, разработчик']",80000.0,120000.0,RUR,False
5657,113317875,Junior Frontend-разработчик Angular,https://api.hh.ru/vacancies/113317875?host=hh.ru,"['Программист, разработчик']",60000.0,,RUR,False
5658,113702935,Middle Backend Developer в команду Tomoru,https://api.hh.ru/vacancies/113702935?host=hh.ru,"['Программист, разработчик']",300000.0,,RUR,False
5659,114035098,Python Developer (Low-Code) / Разработчик,https://api.hh.ru/vacancies/114035098?host=hh.ru,"['Программист, разработчик']",,200000.0,RUR,False
5660,107248230,Разработчик BI системы,https://api.hh.ru/vacancies/107248230?host=hh.ru,"['Программист, разработчик']",,,,
5661,113144076,Frontend Developer (React),https://api.hh.ru/vacancies/113144076?host=hh.ru,"['Программист, разработчик']",,,,
5662,113149624,Support инженер,https://api.hh.ru/vacancies/113149624?host=hh.ru,['Специалист технической поддержки'],,,,
5663,113706012,Middle/Senior Python developer,https://api.hh.ru/vacancies/113706012?host=hh.ru,"['Программист, разработчик']",,,,
5664,114192904,Java/Kotlin-разработчик,https://api.hh.ru/vacancies/114192904?host=hh.ru,"['Программист, разработчик']",,,,
5665,109412850,C#/.NET-разработчик,https://api.hh.ru/vacancies/109412850?host=hh.ru,"['Программист, разработчик']",175000.0,,RUR,True
5666,110616726,Тестировщик ПО,https://api.hh.ru/vacancies/110616726?host=hh.ru,['Тестировщик'],,,,
5667,112308464,Java разработчик,https://api.hh.ru/vacancies/112308464?host=hh.ru,"['Программист, разработчик']",250000.0,,RUR,False
5668,113016190,Senior QA-инженер,https://api.hh.ru/vacancies/113016190?host=hh.ru,['Специалист технической поддержки'],,,,
5669,113298793,Clojure developer,https://api.hh.ru/vacancies/113298793?host=hh.ru,"['Программист, разработчик']",,,,
5670,113741753,Администратор ИТ проектов,https://api.hh.ru/vacancies/113741753?host=hh.ru,['Администратор'],,,,
5671,114016837,Специалист по сопровождению CRM-систем,https://api.hh.ru/vacancies/114016837?host=hh.ru,['Специалист технической поддержки'],,,,
5672,114048319,Менеджер по продажам недвижимости от застройщика,https://api.hh.ru/vacancies/114048319?host=hh.ru,['Агент по недвижимости'],,,,
5673,112590016,Специалист по документообороту,https://api.hh.ru/vacancies/112590016?host=hh.ru,"['Делопроизводитель, архивариус']",110000.0,110000.0,RUR,True
5674,114076092,IT-рекрутер (Executive search),https://api.hh.ru/vacancies/114076092?host=hh.ru,['Специалист по подбору персонала'],,,,
5675,108789972,Тестировщик,https://api.hh.ru/vacancies/108789972?host=hh.ru,['Тестировщик'],100000.0,,RUR,False
5676,112321220,"Стажёр / Junior project manager (офис, английский язык)",https://api.hh.ru/vacancies/112321220?host=hh.ru,['Менеджер продукта'],,,,
5677,108843814,Продуктовый UI/UX Дизайнер,https://api.hh.ru/vacancies/108843814?host=hh.ru,"['Дизайнер, художник']",80000.0,120000.0,RUR,False
5678,112532989,"Frontend-разработчик (React, TypeScript)",https://api.hh.ru/vacancies/112532989?host=hh.ru,"['Программист, разработчик']",,,,
5679,112650446,Lead Frontend Developer,https://api.hh.ru/vacancies/112650446?host=hh.ru,"['Программист, разработчик']",5000.0,8000.0,USD,True
5680,112743432,Frontend разработчик (TypeScript/React),https://api.hh.ru/vacancies/112743432?host=hh.ru,"['Программист, разработчик']",,,,
5681,114178569,Специалист по информационной безопасности,https://api.hh.ru/vacancies/114178569?host=hh.ru,['Специалист по информационной безопасности'],,,,
5682,109890116,Инженер по тестированию,https://api.hh.ru/vacancies/109890116?host=hh.ru,['Тестировщик'],,,,
5683,113713649,Middle тестировщик BI отчетности,https://api.hh.ru/vacancies/113713649?host=hh.ru,['Другое'],,,,
5684,111975949,Java-разработчик,https://api.hh.ru/vacancies/111975949?host=hh.ru,"['Программист, разработчик']",,,,
5685,112592579,React-разработчик_middle (удалённо с территории РФ),https://api.hh.ru/vacancies/112592579?host=hh.ru,"['Программист, разработчик']",,250000.0,RUR,False
5686,112800072,Руководитель юридического отдела (Девелопмент),https://api.hh.ru/vacancies/112800072?host=hh.ru,['Юрист'],350000.0,,RUR,False
5687,114177953,Инженер сопровождения 2 линии (трайб POS),https://api.hh.ru/vacancies/114177953?host=hh.ru,['Системный инженер'],,,,
5688,114180287,HR менеджер,https://api.hh.ru/vacancies/114180287?host=hh.ru,['Специалист по подбору персонала'],,,,
5689,109240975,Ведущий инженер технической поддержки,https://api.hh.ru/vacancies/109240975?host=hh.ru,['Специалист технической поддержки'],120000.0,,RUR,False
5690,112514318,Младший аналитик-разработчик (SQL),https://api.hh.ru/vacancies/112514318?host=hh.ru,['Аналитик'],,,,
5691,114037446,Инженер-программист интерфейсов (C++/QT),https://api.hh.ru/vacancies/114037446?host=hh.ru,"['Программист, разработчик']",,,,
5692,114286307,Аналитик 1С,https://api.hh.ru/vacancies/114286307?host=hh.ru,['Аналитик'],265000.0,,RUR,True
5693,113020416,Data Engineer,https://api.hh.ru/vacancies/113020416?host=hh.ru,"['Программист, разработчик']",,,,
5694,113739120,Системный аналитик (junior+/middle),https://api.hh.ru/vacancies/113739120?host=hh.ru,['Системный аналитик'],,,,
5695,114048853,UX/UI-дизайнер,https://api.hh.ru/vacancies/114048853?host=hh.ru,"['Дизайнер, художник']",,,,
5696,114233191,Backend разработчик (Java),https://api.hh.ru/vacancies/114233191?host=hh.ru,"['Программист, разработчик']",200000.0,250000.0,RUR,True
5697,114233191,Backend разработчик (Java),https://api.hh.ru/vacancies/114233191?host=hh.ru,"['Программист, разработчик']",200000.0,250000.0,RUR,True
5698,109571000,Секретарь в премиальную зону ресепшн,https://api.hh.ru/vacancies/109571000?host=hh.ru,"['Секретарь, помощник руководителя, ассистент']",80000.0,100000.0,RUR,False
5699,110871351,Директор по персоналу и административным вопросам,https://api.hh.ru/vacancies/110871351?host=hh.ru,['Директор по персоналу (HRD)'],,,,
5700,112842671,Python-разработчик,https://api.hh.ru/vacancies/112842671?host=hh.ru,"['Программист, разработчик']",,350000.0,RUR,False
5701,113010990,Junior разработчик на ASP.NET Core,https://api.hh.ru/vacancies/113010990?host=hh.ru,"['Программист, разработчик']",50000.0,,RUR,False
5702,113738208,Программист 1С (junior),https://api.hh.ru/vacancies/113738208?host=hh.ru,"['Программист, разработчик']",150000.0,230000.0,RUR,True
5703,114020324,Коммерческий директор (специализированный застройщик),https://api.hh.ru/vacancies/114020324?host=hh.ru,['Коммерческий директор (CCO)'],,,,
5704,114059661,Бизнес-аналитик,https://api.hh.ru/vacancies/114059661?host=hh.ru,['Бизнес-аналитик'],,200000.0,RUR,False
5705,114287003,Трафик-менеджер,https://api.hh.ru/vacancies/114287003?host=hh.ru,"['Менеджер по маркетингу, интернет-маркетолог']",,,,
5706,114293852,Руководитель проекта / Управляющий онлайн-школой IRON PROGRAMMER,https://api.hh.ru/vacancies/114293852?host=hh.ru,['Руководитель проектов'],120000.0,250000.0,RUR,False
5707,109680075,Системный аналитик,https://api.hh.ru/vacancies/109680075?host=hh.ru,['Системный аналитик'],,,,
5708,111410957,Программист в отдел серверной разработки,https://api.hh.ru/vacancies/111410957?host=hh.ru,"['Программист, разработчик']",,,,
5709,111869316,Директор по маркетингу,https://api.hh.ru/vacancies/111869316?host=hh.ru,['Директор по маркетингу и PR (CMO)'],,,,
5710,112500338,Business development manager / BDM / BizDev (legal web3),https://api.hh.ru/vacancies/112500338?host=hh.ru,['Другое'],1500.0,,USD,False
5711,113713698,Разработчик отчетности (Клиентский сервис),https://api.hh.ru/vacancies/113713698?host=hh.ru,"['BI-аналитик, аналитик данных']",,,,
5712,114302913,Senior Brand Manager FMCG Company,https://api.hh.ru/vacancies/114302913?host=hh.ru,['Руководитель отдела маркетинга и рекламы'],,,,
5713,113274432,Системный аналитик (Fintech),https://api.hh.ru/vacancies/113274432?host=hh.ru,['Системный аналитик'],,,,
5714,113291165,Менеджер по продажам В2В,https://api.hh.ru/vacancies/113291165?host=hh.ru,"['Менеджер по продажам, менеджер по работе с клиентами']",80000.0,130000.0,RUR,False
5715,113736558,Специалист НСИ,https://api.hh.ru/vacancies/113736558?host=hh.ru,['Методолог'],,,,
5716,113765689,Младший консультант-аналитик (направление Microsoft Dynamics CRM),https://api.hh.ru/vacancies/113765689?host=hh.ru,['Системный аналитик'],60000.0,85000.0,RUR,True
5717,104914174,Junior Project Manager (стажер),https://api.hh.ru/vacancies/104914174?host=hh.ru,['Руководитель проектов'],,,,
5718,113710077,SQL-разработчик,https://api.hh.ru/vacancies/113710077?host=hh.ru,"['Программист, разработчик']",,,,
5719,111854577,UI разработчик,https://api.hh.ru/vacancies/111854577?host=hh.ru,"['Программист, разработчик']",120000.0,170000.0,RUR,True
5720,112572527,Solidity Developer,https://api.hh.ru/vacancies/112572527?host=hh.ru,"['Программист, разработчик']",4200.0,4800.0,USD,True
5721,113323837,Frontend разработчик (Vue),https://api.hh.ru/vacancies/113323837?host=hh.ru,"['Программист, разработчик']",,,,
5722,104654307,Программист микроконтроллеров,https://api.hh.ru/vacancies/104654307?host=hh.ru,"['Программист, разработчик']",250000.0,278000.0,RUR,False
5723,110100079,Бухгалтер по расчету заработной платы (стажировка на консультанта 1С:ЗУП),https://api.hh.ru/vacancies/110100079?host=hh.ru,['Бухгалтер'],81600.0,130700.0,RUR,True
5724,112704491,Промт-инженер (ИИ),https://api.hh.ru/vacancies/112704491?host=hh.ru,"['Программист, разработчик']",100000.0,,RUR,True
5725,113873595,Ассистент менеджеров проектов/Младший менеджер проектов,https://api.hh.ru/vacancies/113873595?host=hh.ru,['Руководитель проектов'],30000.0,40000.0,RUR,False
5726,113890629,Менеджер ресторана Mela,https://api.hh.ru/vacancies/113890629?host=hh.ru,['Менеджер ресторана'],90000.0,,RUR,False
5727,114303100,Senior Python developer,https://api.hh.ru/vacancies/114303100?host=hh.ru,"['Программист, разработчик']",,,,
5728,108238057,Системный аналитик,https://api.hh.ru/vacancies/108238057?host=hh.ru,['Системный аналитик'],,,,
5729,111448134,Системный аналитик,https://api.hh.ru/vacancies/111448134?host=hh.ru,['Системный аналитик'],150000.0,,RUR,False
5730,112172694,Системный аналитик-стажер,https://api.hh.ru/vacancies/112172694?host=hh.ru,['Аналитик'],,,,
5731,112956561,Разработчик 1С (senior) / ведущий программист 1С,https://api.hh.ru/vacancies/112956561?host=hh.ru,"['Программист, разработчик']",350000.0,,RUR,False
5732,113279977,C#/NET-программист,https://api.hh.ru/vacancies/113279977?host=hh.ru,"['Программист, разработчик']",,,,
5733,113780173,Директор по развитию бизнеса / Business Development Director,https://api.hh.ru/vacancies/113780173?host=hh.ru,['Руководитель отдела продаж'],,,,
5734,113860631,Frontend-разработчик,https://api.hh.ru/vacancies/113860631?host=hh.ru,"['Программист, разработчик']",,,,
5735,114298928,Ведущий разработчик Android (Цифровой рубль),https://api.hh.ru/vacancies/114298928?host=hh.ru,['Руководитель группы разработки'],,,,
5736,108790041,Тестировщик ПО,https://api.hh.ru/vacancies/108790041?host=hh.ru,['Тестировщик'],100000.0,,RUR,False
5737,112057928,"Sales representative with knowledge of English (Moscow, Offline)",https://api.hh.ru/vacancies/112057928?host=hh.ru,['Торговый представитель'],1000.0,5000.0,USD,False
5738,114304822,Специалист по внутренним коммуникациям,https://api.hh.ru/vacancies/114304822?host=hh.ru,"['Менеджер по маркетингу, интернет-маркетолог']",,,,
5739,112502638,Руководитель учебного центра,https://api.hh.ru/vacancies/112502638?host=hh.ru,['Бизнес-тренер'],,,,
5740,113729771,Программист 1С (стажер),https://api.hh.ru/vacancies/113729771?host=hh.ru,"['Программист, разработчик']",50000.0,,RUR,False
5741,114077777,Копирайтер,https://api.hh.ru/vacancies/114077777?host=hh.ru,"['Копирайтер, редактор, корректор']",,,,
5742,114080193,Архитектор DWH,https://api.hh.ru/vacancies/114080193?host=hh.ru,"['Программист, разработчик']",,,,
5743,114198114,Специалист по маркетингу,https://api.hh.ru/vacancies/114198114?host=hh.ru,"['Менеджер по маркетингу, интернет-маркетолог']",,50000.0,RUR,False
5744,114304434,Руководитель направления продаж IT проектов,https://api.hh.ru/vacancies/114304434?host=hh.ru,['Руководитель проектов'],,,,
5745,98852136,Менеджер по продажам IT решений,https://api.hh.ru/vacancies/98852136?host=hh.ru,"['Менеджер по продажам, менеджер по работе с клиентами']",120000.0,,RUR,False
5746,112467761,Web-разработчик (верстка),https://api.hh.ru/vacancies/112467761?host=hh.ru,"['Программист, разработчик']",,,,
5747,112579976,Специалист технической поддержки (платежный шлюз),https://api.hh.ru/vacancies/112579976?host=hh.ru,['Специалист технической поддержки'],,150000.0,RUR,False
5748,113266154,Python-разработчик,https://api.hh.ru/vacancies/113266154?host=hh.ru,"['Программист, разработчик']",,,,
5749,113877664,Специалист технической поддержки,https://api.hh.ru/vacancies/113877664?host=hh.ru,['Специалист технической поддержки'],100000.0,100000.0,RUR,False
5750,114095292,Junior IT-recruiter,https://api.hh.ru/vacancies/114095292?host=hh.ru,['Специалист по подбору персонала'],,100000.0,RUR,False
5751,114303330,Бухгалтер (Финансовый менеджер),https://api.hh.ru/vacancies/114303330?host=hh.ru,['Финансовый менеджер'],,120000.0,RUR,False
5752,112320675,ETL-разработчик,https://api.hh.ru/vacancies/112320675?host=hh.ru,"['BI-аналитик, аналитик данных']",,,,
5753,113715220,Координатор проекта,https://api.hh.ru/vacancies/113715220?host=hh.ru,['Руководитель проектов'],180000.0,,RUR,False
5754,113716361,Специалист управленческого учета / Экономист,https://api.hh.ru/vacancies/113716361?host=hh.ru,['Экономист'],100000.0,,RUR,False
5755,114289333,Консультант второй линии технической поддержки,https://api.hh.ru/vacancies/114289333?host=hh.ru,['Специалист технической поддержки'],,,,
5756,111608728,Senior product manager,https://api.hh.ru/vacancies/111608728?host=hh.ru,['Менеджер продукта'],,,,
5757,112847643,SEO - cпециалист,https://api.hh.ru/vacancies/112847643?host=hh.ru,"['Менеджер по маркетингу, интернет-маркетолог']",,200000.0,RUR,True
5758,113797527,Специалист по маркетингу,https://api.hh.ru/vacancies/113797527?host=hh.ru,"['Менеджер по маркетингу, интернет-маркетолог']",,,,
5759,113842954,Администратор/Менеджер/Управляющий в детский центр,https://api.hh.ru/vacancies/113842954?host=hh.ru,['Администратор'],60000.0,80000.0,RUR,False
5760,110998702,Middle React Разработчик,https://api.hh.ru/vacancies/110998702?host=hh.ru,"['Программист, разработчик']",,,,
5761,111871476,Менеджер продукта,https://api.hh.ru/vacancies/111871476?host=hh.ru,['Менеджер продукта'],,,,
5762,111891647,Java-разработчик,https://api.hh.ru/vacancies/111891647?host=hh.ru,"['Программист, разработчик']",,,,
5763,113295007,IOS разработчик,https://api.hh.ru/vacancies/113295007?host=hh.ru,"['Программист, разработчик']",,,,
5764,113849745,Младший бизнес-аналитик,https://api.hh.ru/vacancies/113849745?host=hh.ru,['Аналитик'],,,,
5765,113861908,Business Development Manager,https://api.hh.ru/vacancies/113861908?host=hh.ru,['Менеджер по работе с партнерами'],,,,
5766,112315486,Level Designer,https://api.hh.ru/vacancies/112315486?host=hh.ru,['Гейм-дизайнер'],,,,
5767,113880652,Разработчик java EE (Модуль клиенты и касса),https://api.hh.ru/vacancies/113880652?host=hh.ru,"['Программист, разработчик']",,,,
5768,109717248,Инженер по тестированию ПО,https://api.hh.ru/vacancies/109717248?host=hh.ru,['Тестировщик'],,,,
5769,109752975,Frontend Developer (Vue.js),https://api.hh.ru/vacancies/109752975?host=hh.ru,"['Программист, разработчик']",,,,
5770,111976762,Frontend-разработчик,https://api.hh.ru/vacancies/111976762?host=hh.ru,"['Программист, разработчик']",220000.0,,RUR,False
5771,113716629,Администратор WMS,https://api.hh.ru/vacancies/113716629?host=hh.ru,"['Менеджер по логистике, менеджер по ВЭД']",130000.0,150000.0,RUR,False
5772,114034308,IT Recruiter,https://api.hh.ru/vacancies/114034308?host=hh.ru,['Специалист по подбору персонала'],,,,
5773,110674049,Senior Product Manager / CPO (SaaS для B2B),https://api.hh.ru/vacancies/110674049?host=hh.ru,['Менеджер продукта'],,,,
5774,111181003,Специалист в офис,https://api.hh.ru/vacancies/111181003?host=hh.ru,['Другое'],200000.0,250000.0,RUR,False
5775,112325502,Cтажер (Research),https://api.hh.ru/vacancies/112325502?host=hh.ru,['Другое'],,,,
5776,113451495,Senior Analyst (Fashion Industry),https://api.hh.ru/vacancies/113451495?host=hh.ru,['Маркетолог-аналитик'],4000.0,5000.0,USD,False
5777,113739029,Разработчик SQL,https://api.hh.ru/vacancies/113739029?host=hh.ru,"['Программист, разработчик']",,,,
5778,113763334,IT Project manager / Product manager,https://api.hh.ru/vacancies/113763334?host=hh.ru,['Менеджер продукта'],,,,
5779,108849185,Системный аналитик/Бизнес-аналитик,https://api.hh.ru/vacancies/108849185?host=hh.ru,['Бизнес-аналитик'],150000.0,,RUR,False
5780,110113881,Бизнес-аналитик,https://api.hh.ru/vacancies/110113881?host=hh.ru,['Бизнес-аналитик'],120000.0,,RUR,False
5781,111214200,Бухгалтер на участок банк-клиент,https://api.hh.ru/vacancies/111214200?host=hh.ru,['Бухгалтер'],,,,
5782,114031108,Интернет-маркетолог,https://api.hh.ru/vacancies/114031108?host=hh.ru,"['Менеджер по маркетингу, интернет-маркетолог']",100000.0,150000.0,RUR,False
5783,114181660,Начинающий специалист клиентской поддержки в IT (удаленно),https://api.hh.ru/vacancies/114181660?host=hh.ru,['Другое'],60000.0,,RUR,False
5784,114295989,Corporate Finance Analyst for multinational IT company,https://api.hh.ru/vacancies/114295989?host=hh.ru,"['Финансовый аналитик, инвестиционный аналитик']",,,,
5785,111262272,Маркетинг-разработчик/ Front-end разработчик/ Front-end developer,https://api.hh.ru/vacancies/111262272?host=hh.ru,"['Менеджер по маркетингу, интернет-маркетолог']",,180000.0,RUR,False
5786,113640103,Legal Specialist (Reputation and Intellectual Property Protection),https://api.hh.ru/vacancies/113640103?host=hh.ru,['Юрист'],,3000.0,USD,False
5787,114184380,Backend-разработчик (С#/PostgreSQL),https://api.hh.ru/vacancies/114184380?host=hh.ru,"['Программист, разработчик']",,,,
5788,110769771,Ассистент лаборатории Научного центра,https://api.hh.ru/vacancies/110769771?host=hh.ru,['Другое'],,,,
5789,112841042,"Middle Frontend-разработчик (React, Typescript)",https://api.hh.ru/vacancies/112841042?host=hh.ru,"['Программист, разработчик']",150000.0,220000.0,RUR,False
5790,113639006,Продюсер онлайн курсов / Директор по образовательным продуктам,https://api.hh.ru/vacancies/113639006?host=hh.ru,['Продюсер'],,,,
5791,113878116,Senior Sales Manager B2B / Business Development Manager / BDM,https://api.hh.ru/vacancies/113878116?host=hh.ru,"['Менеджер по продажам, менеджер по работе с клиентами']",180000.0,500000.0,RUR,False
5792,114291669,Аналитик данных,https://api.hh.ru/vacancies/114291669?host=hh.ru,"['BI-аналитик, аналитик данных']",,,,
5793,107094826,Rust developer,https://api.hh.ru/vacancies/107094826?host=hh.ru,"['Программист, разработчик']",,,,
5794,112784856,Разработчик React.JS,https://api.hh.ru/vacancies/112784856?host=hh.ru,"['Программист, разработчик']",,,,
5795,113154923,Ведущий разработчик Java,https://api.hh.ru/vacancies/113154923?host=hh.ru,"['Программист, разработчик']",300000.0,400000.0,RUR,True
5796,113712826,HR BP (non-IT),https://api.hh.ru/vacancies/113712826?host=hh.ru,['Специалист по подбору персонала'],,,,
5797,112351216,Инженер-проектировщик,https://api.hh.ru/vacancies/112351216?host=hh.ru,"['Инженер-конструктор, инженер-проектировщик']",170000.0,190000.0,RUR,False
5798,112969539,Python/Django разработчик (Middle+/Senior),https://api.hh.ru/vacancies/112969539?host=hh.ru,"['Программист, разработчик']",3500.0,5000.0,USD,False
5799,112992990,UX/Product Designer,https://api.hh.ru/vacancies/112992990?host=hh.ru,"['Дизайнер, художник']",,,,
5800,113276737,Бизнес-ассистент,https://api.hh.ru/vacancies/113276737?host=hh.ru,"['Секретарь, помощник руководителя, ассистент']",130000.0,150000.0,RUR,False
5801,113700634,"Разработчик PHP, WordPress",https://api.hh.ru/vacancies/113700634?host=hh.ru,"['Программист, разработчик']",80000.0,100000.0,RUR,True
5802,113743046,Бизнес-аналитик IT (Ученик обучающего курса),https://api.hh.ru/vacancies/113743046?host=hh.ru,['Аналитик'],,,,
5803,114183699,Системный аналитик,https://api.hh.ru/vacancies/114183699?host=hh.ru,['Системный аналитик'],,,,
5804,80276213,Java Разработчик,https://api.hh.ru/vacancies/80276213?host=hh.ru,"['Программист, разработчик']",,,,
5805,110221871,"Бизнес-аналитик (бизнес-процессы, ERP)",https://api.hh.ru/vacancies/110221871?host=hh.ru,['Бизнес-аналитик'],200000.0,300000.0,RUR,False
5806,111977341,Инженер-программист машинного зрения (Computer Vision),https://api.hh.ru/vacancies/111977341?host=hh.ru,"['Программист, разработчик']",175000.0,,RUR,False
5807,112163806,Помощник администратора учебного процесса,https://api.hh.ru/vacancies/112163806?host=hh.ru,['Администратор'],,35000.0,RUR,False
5808,112601300,Системный аналитик,https://api.hh.ru/vacancies/112601300?host=hh.ru,['Системный аналитик'],,,,
5809,113020105,Технический писатель (R&D),https://api.hh.ru/vacancies/113020105?host=hh.ru,['Технический писатель'],180000.0,,RUR,False
5810,114285118,Middle PHP-developer,https://api.hh.ru/vacancies/114285118?host=hh.ru,"['Программист, разработчик']",200000.0,250000.0,RUR,False
5811,106241302,Purchasing Manager / Менеджер по закупкам,https://api.hh.ru/vacancies/106241302?host=hh.ru,['Менеджер по закупкам'],155000.0,,RUR,True
5812,110313018,Системный администратор,https://api.hh.ru/vacancies/110313018?host=hh.ru,['Системный инженер'],,,,
5813,112510677,"Инженер-технолог/программист ЧПУ, фрезерная группа",https://api.hh.ru/vacancies/112510677?host=hh.ru,"['Инженер-конструктор, инженер-проектировщик']",,,,
5814,112697532,IOS-разработчик,https://api.hh.ru/vacancies/112697532?host=hh.ru,"['Программист, разработчик']",,,,
5815,114298680,Business Development Manager / Sales manager,https://api.hh.ru/vacancies/114298680?host=hh.ru,"['Менеджер по продажам, менеджер по работе с клиентами']",,,,
5816,111231180,Бизнес Аналитик,https://api.hh.ru/vacancies/111231180?host=hh.ru,['Бизнес-аналитик'],,250000.0,RUR,False
5817,112770379,Инженер-тестировщик,https://api.hh.ru/vacancies/112770379?host=hh.ru,['Тестировщик'],,,,
5818,114039890,Стажер в отдел развития бизнеса в Юго-Восточной Азии,https://api.hh.ru/vacancies/114039890?host=hh.ru,['Менеджер по работе с партнерами'],,,,
5819,112387390,Специалист по подбору персонала / Рекрутер / Сорсер,https://api.hh.ru/vacancies/112387390?host=hh.ru,['Специалист по подбору персонала'],70000.0,160000.0,RUR,False
5820,113323987,Руководитель продукта (GenAI/MedTech),https://api.hh.ru/vacancies/113323987?host=hh.ru,"['Генеральный директор, исполнительный директор (CEO)']",,,,
5821,113861501,Менеджер по работе с клиентами / Аккаунт-менеджер в IT компанию,https://api.hh.ru/vacancies/113861501?host=hh.ru,['Менеджер по работе с партнерами'],80000.0,180000.0,RUR,True
5822,113923478,Finance Planning & Analysis Manager - FP&A - (FMCG),https://api.hh.ru/vacancies/113923478?host=hh.ru,['Финансовый контролер'],,,,
5823,114286468,Customer support (Fluent Portuguese),https://api.hh.ru/vacancies/114286468?host=hh.ru,['Event-менеджер'],90000.0,,RUR,False
5824,109277467,"Frontend-Developer Junior / Младший Фронтенд-Разработчик (React, TypeScript)",https://api.hh.ru/vacancies/109277467?host=hh.ru,"['Программист, разработчик']",,,,
5825,113723254,Frontend-разработчик (UX\UI Team),https://api.hh.ru/vacancies/113723254?host=hh.ru,"['Программист, разработчик']",,160000.0,RUR,True
5826,107342720,"Менеджер по продажам (IT, B2B)",https://api.hh.ru/vacancies/107342720?host=hh.ru,"['Менеджер по продажам, менеджер по работе с клиентами']",200000.0,,RUR,False
5827,107663270,Data Engineer Python + Spark / Инженер по обработке данных,https://api.hh.ru/vacancies/107663270?host=hh.ru,"['Программист, разработчик']",280000.0,400000.0,RUR,True
5828,108674879,PHP-разработчик,https://api.hh.ru/vacancies/108674879?host=hh.ru,"['Программист, разработчик']",120000.0,160000.0,RUR,False
5829,111892085,Менеджер проектов AI,https://api.hh.ru/vacancies/111892085?host=hh.ru,['Менеджер продукта'],,,,
5830,112297104,Middle Frontend Разработчик (React),https://api.hh.ru/vacancies/112297104?host=hh.ru,"['Программист, разработчик']",,,,
5831,113714782,Java-разработчик,https://api.hh.ru/vacancies/113714782?host=hh.ru,"['Программист, разработчик']",,,,
5832,107235357,Системный аналитик 1С,https://api.hh.ru/vacancies/107235357?host=hh.ru,['Системный аналитик'],,,,
5833,112751586,PHP программист,https://api.hh.ru/vacancies/112751586?host=hh.ru,"['Программист, разработчик']",120000.0,,RUR,False
5834,113252431,PHP-разработчик,https://api.hh.ru/vacancies/113252431?host=hh.ru,"['Программист, разработчик']",145000.0,,RUR,True
5835,114160430,Talent Acquisition Specialist / Senior Specialist,https://api.hh.ru/vacancies/114160430?host=hh.ru,['Специалист по подбору персонала'],,,,
5836,114180842,Специалист технической поддержки,https://api.hh.ru/vacancies/114180842?host=hh.ru,['Специалист технической поддержки'],50000.0,80000.0,RUR,False
5837,112385764,Менеджер по продажам,https://api.hh.ru/vacancies/112385764?host=hh.ru,"['Менеджер по продажам, менеджер по работе с клиентами']",250000.0,,RUR,False
5838,113278367,Программист backend Python,https://api.hh.ru/vacancies/113278367?host=hh.ru,"['Программист, разработчик']",,,,
5839,114071123,Инженер,https://api.hh.ru/vacancies/114071123?host=hh.ru,['Другое'],140000.0,155000.0,RUR,True
5840,113117939,Junior+ Frontend Nextjs developer,https://api.hh.ru/vacancies/113117939?host=hh.ru,"['Программист, разработчик']",60000.0,80000.0,RUR,False
5841,113315177,Бизнес-аналитик,https://api.hh.ru/vacancies/113315177?host=hh.ru,['Бизнес-аналитик'],,,,
5842,111482514,Логист,https://api.hh.ru/vacancies/111482514?host=hh.ru,"['Менеджер по логистике, менеджер по ВЭД']",,120000.0,RUR,False
5843,112965069,Стажёр-разработчик на Go,https://api.hh.ru/vacancies/112965069?host=hh.ru,"['Программист, разработчик']",,,,
5844,112969533,Frontend-разработчик,https://api.hh.ru/vacancies/112969533?host=hh.ru,"['Программист, разработчик']",,,,
5845,113856573,Senior PHP разработчик,https://api.hh.ru/vacancies/113856573?host=hh.ru,"['Программист, разработчик']",,,,
5846,113290016,Разработчик DWH / PostgreSQL,https://api.hh.ru/vacancies/113290016?host=hh.ru,"['BI-аналитик, аналитик данных']",250000.0,300000.0,RUR,False
5847,112937977,Front-end-разработчик digital-продуктов,https://api.hh.ru/vacancies/112937977?host=hh.ru,"['Программист, разработчик']",100000.0,180000.0,RUR,False
5848,113100874,Заместитель коммерческого директора,https://api.hh.ru/vacancies/113100874?host=hh.ru,['Коммерческий директор (CCO)'],,,,
5849,114181808,Методист онлайн-курсов,https://api.hh.ru/vacancies/114181808?host=hh.ru,"['Учитель, преподаватель, педагог']",50000.0,90000.0,RUR,True
5850,113042056,"Training Center Administration Supervisor (IRAQ, Basra)",https://api.hh.ru/vacancies/113042056?host=hh.ru,['Супервайзер'],1800.0,2000.0,USD,False
5851,113909696,Интернет-маркетолог,https://api.hh.ru/vacancies/113909696?host=hh.ru,"['Менеджер по маркетингу, интернет-маркетолог']",160000.0,,RUR,True
5852,110240816,QA Тестировщик,https://api.hh.ru/vacancies/110240816?host=hh.ru,['Тестировщик'],,,,
5853,111869582,Python разработчик (команда SberWorks),https://api.hh.ru/vacancies/111869582?host=hh.ru,"['Программист, разработчик']",,,,
5854,111960819,Frontend разработчик (Vue),https://api.hh.ru/vacancies/111960819?host=hh.ru,"['Программист, разработчик']",160000.0,,RUR,False
5855,112498528,"Стажер - тестировщик, Ozon Travel",https://api.hh.ru/vacancies/112498528?host=hh.ru,['Тестировщик'],,,,
5856,113272761,Оператор базы данных,https://api.hh.ru/vacancies/113272761?host=hh.ru,"['Оператор ПК, оператор базы данных']",50000.0,80000.0,RUR,False
5857,113393075,Руководитель проекта киберспортивного пространства (Бали),https://api.hh.ru/vacancies/113393075?host=hh.ru,['Руководитель проектов'],2000.0,3000.0,USD,False
5858,114200709,Chief Delivery Officer (CDO),https://api.hh.ru/vacancies/114200709?host=hh.ru,['Руководитель проектов'],,,,
5859,114312837,Project manager IT,https://api.hh.ru/vacancies/114312837?host=hh.ru,['Руководитель проектов'],170000.0,250000.0,RUR,False
5860,108056521,Менеджер по продажам (упаковка),https://api.hh.ru/vacancies/108056521?host=hh.ru,"['Менеджер по продажам, менеджер по работе с клиентами']",100000.0,,RUR,False
5861,112304365,Аналитик DWH,https://api.hh.ru/vacancies/112304365?host=hh.ru,"['BI-аналитик, аналитик данных']",,,,
5862,112315363,Разработчик .net (FullStack),https://api.hh.ru/vacancies/112315363?host=hh.ru,"['Программист, разработчик']",,,,
5863,112822031,Преподаватель английского языка в онлайн-школу программирования,https://api.hh.ru/vacancies/112822031?host=hh.ru,"['Учитель, преподаватель, педагог']",70000.0,100000.0,RUR,True
5864,114038464,Middle Backend Developer (Python/Go),https://api.hh.ru/vacancies/114038464?host=hh.ru,"['Программист, разработчик']",,250000.0,RUR,False
5865,108983317,Backend-разработчик,https://api.hh.ru/vacancies/108983317?host=hh.ru,"['Программист, разработчик']",,,,
5866,113266718,Разработчик С++,https://api.hh.ru/vacancies/113266718?host=hh.ru,"['Программист, разработчик']",250000.0,400000.0,RUR,False
5867,113738827,Стажер-архитектор в Управление проектирования,https://api.hh.ru/vacancies/113738827?host=hh.ru,['Архитектор'],20000.0,40000.0,RUR,True
5868,114173582,Специалист технической поддержки и внедрения,https://api.hh.ru/vacancies/114173582?host=hh.ru,['Специалист технической поддержки'],70000.0,100000.0,RUR,False
5869,114182737,Backend-разработчик e-commerce,https://api.hh.ru/vacancies/114182737?host=hh.ru,"['Программист, разработчик']",,,,
5870,109856549,Frontend-разработчик (React),https://api.hh.ru/vacancies/109856549?host=hh.ru,"['Программист, разработчик']",,,,
5871,112408671,Frontend-разработчик React,https://api.hh.ru/vacancies/112408671?host=hh.ru,"['Программист, разработчик']",,60000.0,RUR,False
5872,113739481,Middle+ Android Developer,https://api.hh.ru/vacancies/113739481?host=hh.ru,"['Программист, разработчик']",,,,
5873,114304154,Системный программист,https://api.hh.ru/vacancies/114304154?host=hh.ru,"['Программист, разработчик']",,,,
5874,108519127,Java-разработчик,https://api.hh.ru/vacancies/108519127?host=hh.ru,"['Программист, разработчик']",130000.0,130000.0,RUR,False
5875,112768929,"Аккаунт/Sales-менеджер по продажам IT-конференций, B2B",https://api.hh.ru/vacancies/112768929?host=hh.ru,"['Менеджер по продажам, менеджер по работе с клиентами']",200000.0,600000.0,RUR,False
5876,113323863,Менеджер по продажам B2B (IT направление),https://api.hh.ru/vacancies/113323863?host=hh.ru,"['Менеджер по продажам, менеджер по работе с клиентами']",,,,
5877,113613036,Бизнес-ассистент Собственника компании / Гибрид,https://api.hh.ru/vacancies/113613036?host=hh.ru,"['Секретарь, помощник руководителя, ассистент']",85000.0,125000.0,RUR,False
5878,113694201,Middle/Senior Java Developer,https://api.hh.ru/vacancies/113694201?host=hh.ru,"['Программист, разработчик']",,,,
5879,113857256,Аналитик 1С (1С: КА),https://api.hh.ru/vacancies/113857256?host=hh.ru,['Аналитик'],,,,
5880,113861207,Хостес в ресторан Mela,https://api.hh.ru/vacancies/113861207?host=hh.ru,['Хостес'],85000.0,,RUR,False
5881,114066037,Backend-разработчик,https://api.hh.ru/vacancies/114066037?host=hh.ru,"['Программист, разработчик']",2500.0,,USD,False
5882,111781568,Технолог / тестировщик,https://api.hh.ru/vacancies/111781568?host=hh.ru,['Тестировщик'],,,,
5883,112499212,Back-End JAVA Developer (Senior),https://api.hh.ru/vacancies/112499212?host=hh.ru,"['Программист, разработчик']",,,,
5884,112877233,Бизнес-аналитик,https://api.hh.ru/vacancies/112877233?host=hh.ru,['Бизнес-аналитик'],,,,
5885,113116459,Личный помощник,https://api.hh.ru/vacancies/113116459?host=hh.ru,"['Секретарь, помощник руководителя, ассистент']",50000.0,150000.0,RUR,False
5886,113601774,Middle JavaScript Developer (Node.js + Vue/React),https://api.hh.ru/vacancies/113601774?host=hh.ru,"['Программист, разработчик']",100000.0,120000.0,RUR,False
5887,114304054,1С разработчик Junnior+/Консультант,https://api.hh.ru/vacancies/114304054?host=hh.ru,"['Программист, разработчик']",140000.0,,RUR,False
5888,114312487,Java разработчик (СберБизнес),https://api.hh.ru/vacancies/114312487?host=hh.ru,"['Программист, разработчик']",,,,
5889,109069816,PHP - программист / разработчик (PHP Middle Developer),https://api.hh.ru/vacancies/109069816?host=hh.ru,"['Программист, разработчик']",200000.0,,RUR,False
5890,112070931,Team Lead (Java) / Руководитель команды разработки,https://api.hh.ru/vacancies/112070931?host=hh.ru,['Руководитель группы разработки'],,,,
5891,113243950,Программист-разработчик,https://api.hh.ru/vacancies/113243950?host=hh.ru,"['Программист, разработчик']",,,,
5892,110123512,Аналитик,https://api.hh.ru/vacancies/110123512?host=hh.ru,['Аналитик'],,,,
5893,112050029,Frontend-разработчик Vue.js,https://api.hh.ru/vacancies/112050029?host=hh.ru,"['Программист, разработчик']",,,,
5894,112790802,Руководитель департамента Бизнес анализа IT,https://api.hh.ru/vacancies/112790802?host=hh.ru,['Руководитель отдела аналитики'],,500000.0,RUR,False
5895,112144741,Руководитель проектов,https://api.hh.ru/vacancies/112144741?host=hh.ru,['Руководитель проектов'],300000.0,,RUR,True
5896,113030236,Frontend developer (React),https://api.hh.ru/vacancies/113030236?host=hh.ru,"['Программист, разработчик']",180000.0,250000.0,RUR,False
5897,113159759,Руководитель Отдела аналитики и управления данными,https://api.hh.ru/vacancies/113159759?host=hh.ru,['Руководитель отдела аналитики'],,,,
5898,113322623,Manual QA Engineer / Инженер по тестированию (Backend),https://api.hh.ru/vacancies/113322623?host=hh.ru,['Тестировщик'],,,,
5899,113858677,Backend-разработчик (Senior),https://api.hh.ru/vacancies/113858677?host=hh.ru,['Другое'],300000.0,,RUR,False
5900,114069961,PHP-разработчик (доработка CRM-системы),https://api.hh.ru/vacancies/114069961?host=hh.ru,"['Программист, разработчик']",,,,
5901,114173130,Аналитик сопровождения,https://api.hh.ru/vacancies/114173130?host=hh.ru,['Специалист технической поддержки'],,,,
5902,114252239,Разработчик Power BI,https://api.hh.ru/vacancies/114252239?host=hh.ru,"['BI-аналитик, аналитик данных']",,150000.0,RUR,False
5903,112089341,Руководитель отдела маркетинга и рекламы,https://api.hh.ru/vacancies/112089341?host=hh.ru,['Руководитель отдела маркетинга и рекламы'],200000.0,300000.0,RUR,False
5904,114069426,Инженер технической поддержки,https://api.hh.ru/vacancies/114069426?host=hh.ru,['Специалист технической поддержки'],70000.0,80000.0,RUR,False
5905,113865066,Координатор отдела продаж,https://api.hh.ru/vacancies/113865066?host=hh.ru,['Координатор отдела продаж'],100000.0,130000.0,RUR,False
5906,114523059,Программист C# ASP.NET MVC,https://api.hh.ru/vacancies/114523059?host=hh.ru,"['Программист, разработчик']",140000.0,,RUR,False
5907,107017641,PHP-программист,https://api.hh.ru/vacancies/107017641?host=hh.ru,"['Программист, разработчик']",,,,
5908,112065370,Инженер-тестировщик,https://api.hh.ru/vacancies/112065370?host=hh.ru,['Тестировщик'],,,,
5909,112855414,Главный специалист сектора платежных операций,https://api.hh.ru/vacancies/112855414?host=hh.ru,['Кредитный специалист'],,,,
5910,110204148,WEB-разработчик,https://api.hh.ru/vacancies/110204148?host=hh.ru,"['Программист, разработчик']",100000.0,,RUR,True
5911,111792564,Middle Python Backend Developer,https://api.hh.ru/vacancies/111792564?host=hh.ru,"['Программист, разработчик']",160000.0,220000.0,RUR,False
5912,112077667,Специалист службы технической поддержки/2-ая линия и выше/ Help Desk,https://api.hh.ru/vacancies/112077667?host=hh.ru,['Специалист технической поддержки'],60000.0,90000.0,RUR,False
5913,91644059,Системный аналитик,https://api.hh.ru/vacancies/91644059?host=hh.ru,['Системный аналитик'],,,,
5914,111785158,WEB-разработчик / программист,https://api.hh.ru/vacancies/111785158?host=hh.ru,"['Программист, разработчик']",,,,
5915,112039769,Аналитик-детектив данных в тревел,https://api.hh.ru/vacancies/112039769?host=hh.ru,"['BI-аналитик, аналитик данных']",,,,
5916,112849566,Разработчик PHP,https://api.hh.ru/vacancies/112849566?host=hh.ru,"['Программист, разработчик']",,,,
5917,113151121,VIP Support Agent,https://api.hh.ru/vacancies/113151121?host=hh.ru,['Другое'],65000.0,100000.0,RUR,True
5918,113338426,Специалист колл-центра (недвижимость),https://api.hh.ru/vacancies/113338426?host=hh.ru,"['Оператор call-центра, специалист контактного центра']",,,,
5919,113852384,PHP-разработчик,https://api.hh.ru/vacancies/113852384?host=hh.ru,"['Программист, разработчик']",,,,
5920,113924776,Бизнес-ассистент руководителя,https://api.hh.ru/vacancies/113924776?host=hh.ru,"['Секретарь, помощник руководителя, ассистент']",40000.0,,RUR,False
5921,114037960,Разработчик ABAP,https://api.hh.ru/vacancies/114037960?host=hh.ru,['Методолог'],,,,
5922,114178878,PHP Senior Backend Developer,https://api.hh.ru/vacancies/114178878?host=hh.ru,"['Программист, разработчик']",,350000.0,RUR,False
5923,110118760,Senior frontend-разработчик JavaScript/React,https://api.hh.ru/vacancies/110118760?host=hh.ru,"['Программист, разработчик']",,400000.0,RUR,False
5924,111748512,Senior UI/UX Дизайнер (в единственном числе),https://api.hh.ru/vacancies/111748512?host=hh.ru,"['Дизайнер, художник']",,,,
5925,112959421,Личный помощник генерального директора,https://api.hh.ru/vacancies/112959421?host=hh.ru,"['Секретарь, помощник руководителя, ассистент']",,,,
5926,113001395,Менеджер по развитию бизнеса (Business Development Manager - BDM),https://api.hh.ru/vacancies/113001395?host=hh.ru,"['Менеджер по продажам, менеджер по работе с клиентами']",1500.0,,USD,False
5927,80675242,Тестировщик ПО,https://api.hh.ru/vacancies/80675242?host=hh.ru,['Тестировщик'],,,,
5928,107707208,Frontend-разработчик,https://api.hh.ru/vacancies/107707208?host=hh.ru,"['Программист, разработчик']",,,,
5929,112628684,Фронтэнд разработчик,https://api.hh.ru/vacancies/112628684?host=hh.ru,"['Программист, разработчик']",,,,
5930,112752552,Программист 1С (Junior +),https://api.hh.ru/vacancies/112752552?host=hh.ru,"['Программист, разработчик']",120000.0,180000.0,RUR,False
5931,112869071,Казначей,https://api.hh.ru/vacancies/112869071?host=hh.ru,['Казначей'],,,,
5932,112938302,Chief Human Resources Officer (CHRO),https://api.hh.ru/vacancies/112938302?host=hh.ru,['Директор по персоналу (HRD)'],,,,
5933,113725247,Аналитик SQL,https://api.hh.ru/vacancies/113725247?host=hh.ru,"['BI-аналитик, аналитик данных']",,,,
5934,114039407,Инженер-программист (C++/С#),https://api.hh.ru/vacancies/114039407?host=hh.ru,"['Программист, разработчик']",,,,
5935,114106423,Специалист по запросу справок от клиентов Ozon Банк,https://api.hh.ru/vacancies/114106423?host=hh.ru,['Другое'],,75000.0,RUR,True
5936,114169971,Специалист по работе с рекламациями (Дирекция по качеству),https://api.hh.ru/vacancies/114169971?host=hh.ru,['Инженер по качеству'],,,,
5937,113708441,"Младший аналитик Threat Intelligence, исследование сложных угроз APT",https://api.hh.ru/vacancies/113708441?host=hh.ru,['Специалист по информационной безопасности'],,,,
5938,113709461,Программист 1С: Документооборот,https://api.hh.ru/vacancies/113709461?host=hh.ru,"['Программист, разработчик']",,,,
5939,107410390,Инженер технической поддержки удалённо,https://api.hh.ru/vacancies/107410390?host=hh.ru,['Специалист технической поддержки'],78700.0,82500.0,RUR,False
5940,108413607,UI/UX Тестировщик / Manual QA,https://api.hh.ru/vacancies/108413607?host=hh.ru,['Тестировщик'],,,,
5941,111765187,PHP-разработчик (Laravel) / Backend PHP Developer (Laravel),https://api.hh.ru/vacancies/111765187?host=hh.ru,"['Программист, разработчик']",150000.0,170000.0,RUR,False
5942,112367720,"Менеджер по продажам (квалификация, регистрация)",https://api.hh.ru/vacancies/112367720?host=hh.ru,"['Менеджер по продажам, менеджер по работе с клиентами']",90000.0,150000.0,RUR,False
5943,112710786,Менеджер по адаптации персонала,https://api.hh.ru/vacancies/112710786?host=hh.ru,['Менеджер по персоналу'],,,,
5944,112781586,Frontend-разработчик,https://api.hh.ru/vacancies/112781586?host=hh.ru,"['Программист, разработчик']",,,,
5945,113878323,Специалист по закупкам,https://api.hh.ru/vacancies/113878323?host=hh.ru,['Менеджер по закупкам'],60000.0,70000.0,RUR,False
5946,114066794,SEO-специалист,https://api.hh.ru/vacancies/114066794?host=hh.ru,"['Менеджер по маркетингу, интернет-маркетолог']",,,,
5947,114179538,Animator / Character animator,https://api.hh.ru/vacancies/114179538?host=hh.ru,['Другое'],,,,
5948,109481327,Разработчик 1C (middle),https://api.hh.ru/vacancies/109481327?host=hh.ru,"['Программист, разработчик']",,,,
5949,112506448,Оператор call-центра (на проект),https://api.hh.ru/vacancies/112506448?host=hh.ru,"['Оператор call-центра, специалист контактного центра']",90000.0,,RUR,False
5950,113859306,Middle Python Developer,https://api.hh.ru/vacancies/113859306?host=hh.ru,"['Программист, разработчик']",,,,
5951,114032224,Backend-разработчик,https://api.hh.ru/vacancies/114032224?host=hh.ru,"['Программист, разработчик']",,,,
5952,114155271,Продуктовый дизайнер Middle,https://api.hh.ru/vacancies/114155271?host=hh.ru,"['Дизайнер, художник']",150000.0,180000.0,RUR,True
5953,114158184,Интернет-маркетолог,https://api.hh.ru/vacancies/114158184?host=hh.ru,"['Менеджер по маркетингу, интернет-маркетолог']",,100000.0,RUR,False
5954,103240309,Функциональный тестировщик,https://api.hh.ru/vacancies/103240309?host=hh.ru,['Тестировщик'],,,,
5955,113712323,"Менеджер по работе с клиентами В2В, в IT- компании",https://api.hh.ru/vacancies/113712323?host=hh.ru,"['Менеджер по продажам, менеджер по работе с клиентами']",80000.0,250000.0,RUR,False
5956,114142324,Специалист службы поддержки АИС-НАЛОГ 3,https://api.hh.ru/vacancies/114142324?host=hh.ru,['Специалист технической поддержки'],,,,
5957,114303888,Amazon Logistics & Operations Coordinator,https://api.hh.ru/vacancies/114303888?host=hh.ru,"['Менеджер по логистике, менеджер по ВЭД']",1000.0,1500.0,USD,True
5958,112682897,"Младший менеджер проектов, Маркетплейс, Travel",https://api.hh.ru/vacancies/112682897?host=hh.ru,['Руководитель проектов'],,,,
5959,109423723,IT Sourcer\Researcher,https://api.hh.ru/vacancies/109423723?host=hh.ru,['Другое'],,,,
5960,113859340,"Junior Software Developer (Java, full-stack)",https://api.hh.ru/vacancies/113859340?host=hh.ru,"['Программист, разработчик']",,,,
5961,114177560,Специалист технической поддержки 1С,https://api.hh.ru/vacancies/114177560?host=hh.ru,['Специалист технической поддержки'],110000.0,,RUR,False
5962,112329665,C#/.NET-разработчик senior,https://api.hh.ru/vacancies/112329665?host=hh.ru,"['Программист, разработчик']",,,,
5963,113323048,Менеджер по продажам недвижимости,https://api.hh.ru/vacancies/113323048?host=hh.ru,['Агент по недвижимости'],,,,
5964,111229347,IOS разработчик (Swift),https://api.hh.ru/vacancies/111229347?host=hh.ru,"['Программист, разработчик']",,,,
5965,113743382,Junior Quantitative Researcher,https://api.hh.ru/vacancies/113743382?host=hh.ru,"['BI-аналитик, аналитик данных']",150000.0,250000.0,RUR,False
5966,114053126,Senior продуктовый дизайнер (UX/UI),https://api.hh.ru/vacancies/114053126?host=hh.ru,"['Дизайнер, художник']",,200000.0,RUR,True
5967,110239133,Java разработчик,https://api.hh.ru/vacancies/110239133?host=hh.ru,"['Программист, разработчик']",,,,
5968,111877174,Python-разработчик,https://api.hh.ru/vacancies/111877174?host=hh.ru,"['Программист, разработчик']",,250000.0,RUR,False
5969,112754969,Business Development Manager (Junior),https://api.hh.ru/vacancies/112754969?host=hh.ru,['Менеджер по работе с партнерами'],70000.0,120000.0,RUR,True
5970,112874704,HTML/CSS Developer (Верстальщик),https://api.hh.ru/vacancies/112874704?host=hh.ru,"['Программист, разработчик']",80000.0,100000.0,RUR,False
5971,113011606,Офис-менеджер,https://api.hh.ru/vacancies/113011606?host=hh.ru,['Офис-менеджер'],,,,
5972,114178417,Senior Kotlin Developer,https://api.hh.ru/vacancies/114178417?host=hh.ru,"['Программист, разработчик']",4500.0,5500.0,USD,False
5973,110320844,Бизнес-аналитик/Системный аналитик,https://api.hh.ru/vacancies/110320844?host=hh.ru,['Аналитик'],,,,
5974,110619233,Backend developer,https://api.hh.ru/vacancies/110619233?host=hh.ru,"['Программист, разработчик']",,,,
5975,112311882,Младший системный аналитик / Стажер,https://api.hh.ru/vacancies/112311882?host=hh.ru,['Системный аналитик'],,,,
5976,111978844,"Product-менеджер (дизайн интерьеров, Remplanner)",https://api.hh.ru/vacancies/111978844?host=hh.ru,['Менеджер продукта'],150000.0,150000.0,RUR,False
5977,112184557,Python-разработчик,https://api.hh.ru/vacancies/112184557?host=hh.ru,"['Программист, разработчик']",,200000.0,RUR,False
5978,112407035,Программист Python,https://api.hh.ru/vacancies/112407035?host=hh.ru,"['Программист, разработчик']",,,,
5979,112545030,Head of Product,https://api.hh.ru/vacancies/112545030?host=hh.ru,['Руководитель группы разработки'],,,,
5980,113914983,Middle SEO специалист,https://api.hh.ru/vacancies/113914983?host=hh.ru,['Другое'],80000.0,250000.0,RUR,False
5981,109570071,React Developer,https://api.hh.ru/vacancies/109570071?host=hh.ru,"['Программист, разработчик']",150000.0,,RUR,False
5982,111736885,Fullstack PHP-программист (удаленно) от 3 000 $ до 5 000 $,https://api.hh.ru/vacancies/111736885?host=hh.ru,"['Программист, разработчик']",300000.0,500000.0,RUR,False
5983,112438532,"Middle Frontend-разработчик (React, MobX)",https://api.hh.ru/vacancies/112438532?host=hh.ru,"['Программист, разработчик']",,270000.0,RUR,True
5984,112536358,Системный аналитик,https://api.hh.ru/vacancies/112536358?host=hh.ru,['Аналитик'],,,,
5985,112575934,Front-end web Next.js разработчик,https://api.hh.ru/vacancies/112575934?host=hh.ru,"['Программист, разработчик']",70000.0,110000.0,RUR,False
5986,114020032,Recruitment TeamLead,https://api.hh.ru/vacancies/114020032?host=hh.ru,['Специалист по подбору персонала'],,,,
5987,114039763,Business Development Manager,https://api.hh.ru/vacancies/114039763?host=hh.ru,"['Менеджер по продажам, менеджер по работе с клиентами']",,,,
5988,114065645,Старший Креатор / Senior Creator,https://api.hh.ru/vacancies/114065645?host=hh.ru,['Продюсер'],,,,
5989,114304000,PHP-разработчик (Bitrix),https://api.hh.ru/vacancies/114304000?host=hh.ru,"['Программист, разработчик']",200000.0,,RUR,False
5990,112387952,Токеномист / Tokenomics Specialist,https://api.hh.ru/vacancies/112387952?host=hh.ru,['Другое'],,,,
5991,114334403,Директор по продукту (CPO EdTech),https://api.hh.ru/vacancies/114334403?host=hh.ru,['Менеджер продукта'],250000.0,,RUR,False
5992,114409175,Fullstack JavaScript (middle),https://api.hh.ru/vacancies/114409175?host=hh.ru,"['Программист, разработчик']",250000.0,,RUR,True
5993,109669217,Middle Project Manager,https://api.hh.ru/vacancies/109669217?host=hh.ru,['Руководитель проектов'],,,,
5994,110114173,Начальник отдела frontend разработки,https://api.hh.ru/vacancies/110114173?host=hh.ru,['Руководитель группы разработки'],549000.0,800000.0,RUR,False
5995,112133887,Младший программист 1С Документооборот,https://api.hh.ru/vacancies/112133887?host=hh.ru,"['Программист, разработчик']",50000.0,100000.0,RUR,True
5996,112743603,Algorithmic Trader/Алгоритмический Трейдер в Sparkland,https://api.hh.ru/vacancies/112743603?host=hh.ru,['Другое'],,,,
5997,113761769,Brand Manager,https://api.hh.ru/vacancies/113761769?host=hh.ru,['PR-менеджер'],,,,
5998,114407425,Разработчик MS SQL,https://api.hh.ru/vacancies/114407425?host=hh.ru,"['BI-аналитик, аналитик данных']",,,,
5999,104305416,Ведущий разработчик Java,https://api.hh.ru/vacancies/104305416?host=hh.ru,"['Программист, разработчик']",,,,
6000,110415824,Java-разработчик middle+/senior,https://api.hh.ru/vacancies/110415824?host=hh.ru,"['Программист, разработчик']",200000.0,250000.0,RUR,False
6001,112167676,"PHP Developer (Кипр, Лимассол)",https://api.hh.ru/vacancies/112167676?host=hh.ru,"['Программист, разработчик']",,5000.0,EUR,True
6002,112442617,Стажёр Frontend-разработчик,https://api.hh.ru/vacancies/112442617?host=hh.ru,"['Программист, разработчик']",,,,
6003,112771250,Программист Java (backend),https://api.hh.ru/vacancies/112771250?host=hh.ru,"['Программист, разработчик']",180000.0,230000.0,RUR,False
6004,112792465,Аналитик (бизнес/системный),https://api.hh.ru/vacancies/112792465?host=hh.ru,['Системный аналитик'],,,,
6005,113703658,Sales Manager / Business Development Manager (web3),https://api.hh.ru/vacancies/113703658?host=hh.ru,['Менеджер по работе с партнерами'],1500.0,,USD,False
6006,114210793,ML-разработчик (ALM-модели),https://api.hh.ru/vacancies/114210793?host=hh.ru,['Дата-сайентист'],,,,
6007,114233615,Product Owner – Credit Line,https://api.hh.ru/vacancies/114233615?host=hh.ru,['Менеджер продукта'],4000.0,,USD,True
6008,111783949,Ведущий аналитик,https://api.hh.ru/vacancies/111783949?host=hh.ru,['Аналитик'],150000.0,250000.0,RUR,False
6009,111962631,Программист микроконтроллеров,https://api.hh.ru/vacancies/111962631?host=hh.ru,"['Программист, разработчик']",250000.0,,RUR,False
6010,112349284,Senior Frontend-разработчик (React),https://api.hh.ru/vacancies/112349284?host=hh.ru,"['Программист, разработчик']",,,,
6011,113853443,Java / Flutter разработчик,https://api.hh.ru/vacancies/113853443?host=hh.ru,"['Программист, разработчик']",150000.0,,RUR,False
6012,112393789,Программист C++ (junior),https://api.hh.ru/vacancies/112393789?host=hh.ru,"['Программист, разработчик']",,,,
6013,114171501,IOS - Разработчик,https://api.hh.ru/vacancies/114171501?host=hh.ru,"['Программист, разработчик']",220000.0,330000.0,RUR,False
6014,114297376,Аналитик,https://api.hh.ru/vacancies/114297376?host=hh.ru,['Аналитик'],,,,
6015,111772065,Middle QA инженер,https://api.hh.ru/vacancies/111772065?host=hh.ru,['Тестировщик'],,,,
6016,113156793,Системный аналитик,https://api.hh.ru/vacancies/113156793?host=hh.ru,['Системный аналитик'],,,,
6017,113604271,Системный/бизнес аналитик,https://api.hh.ru/vacancies/113604271?host=hh.ru,['Системный аналитик'],,,,
6018,107634517,"C# developer junior / middle (.net, full-stack / back-end)",https://api.hh.ru/vacancies/107634517?host=hh.ru,"['Программист, разработчик']",100000.0,300000.0,RUR,False
6019,112415283,Team Leader | Art Director,https://api.hh.ru/vacancies/112415283?host=hh.ru,"['Арт-директор, креативный директор']",250000.0,350000.0,RUR,False
6020,112450423,Специалист технической поддержки (со знанием английского и SQL),https://api.hh.ru/vacancies/112450423?host=hh.ru,['Специалист технической поддержки'],,,,
6021,114176718,Бизнес-аналитик,https://api.hh.ru/vacancies/114176718?host=hh.ru,['Бизнес-аналитик'],,,,
6022,111301918,Frontend-разработчик в лабораторию разработки СПО,https://api.hh.ru/vacancies/111301918?host=hh.ru,"['Программист, разработчик']",,,,
6023,112424982,Бизнес аналитик (проект - кадровые сервисы),https://api.hh.ru/vacancies/112424982?host=hh.ru,['Бизнес-аналитик'],,,,
6024,112973115,Project Manager,https://api.hh.ru/vacancies/112973115?host=hh.ru,['Руководитель проектов'],,,,
6025,111052732,Системный аналитик,https://api.hh.ru/vacancies/111052732?host=hh.ru,['Системный аналитик'],,,,
6026,112058412,Python-разработчик,https://api.hh.ru/vacancies/112058412?host=hh.ru,"['Программист, разработчик']",,,,
6027,113115003,Системный аналитик,https://api.hh.ru/vacancies/113115003?host=hh.ru,['Системный аналитик'],200000.0,,RUR,False
6028,113152217,Старший системный аналитик,https://api.hh.ru/vacancies/113152217?host=hh.ru,['Системный аналитик'],370000.0,,RUR,True
6029,113277225,Middle Front-end developer / Front-end разработчик (Vue.js),https://api.hh.ru/vacancies/113277225?host=hh.ru,"['Программист, разработчик']",,,,
6030,113285181,Chief Executive Officer,https://api.hh.ru/vacancies/113285181?host=hh.ru,"['Генеральный директор, исполнительный директор (CEO)']",,,,
6031,114296422,"Стажер (управление персоналом, HR BP)",https://api.hh.ru/vacancies/114296422?host=hh.ru,['Менеджер по персоналу'],,,,
6032,112071973,Аккаунт-менеджер в IT-компанию,https://api.hh.ru/vacancies/112071973?host=hh.ru,['Менеджер по работе с партнерами'],,,,
6033,112351814,Head of Sales,https://api.hh.ru/vacancies/112351814?host=hh.ru,['Коммерческий директор (CCO)'],300000.0,,RUR,True
6034,112640401,Golang developer,https://api.hh.ru/vacancies/112640401?host=hh.ru,"['Программист, разработчик']",,,,
6035,112759862,"Front-end разработчик (JS, TS, Next.js)",https://api.hh.ru/vacancies/112759862?host=hh.ru,"['Программист, разработчик']",,,,
6036,112762515,Инженер службы технической поддержки,https://api.hh.ru/vacancies/112762515?host=hh.ru,['Специалист технической поддержки'],80000.0,,RUR,True
6037,113324545,"Sales manager в IT компанию (B2B e-comm, enterprise)",https://api.hh.ru/vacancies/113324545?host=hh.ru,"['Менеджер по продажам, менеджер по работе с клиентами']",,,,
6038,113705317,Lawyer in Fintech company,https://api.hh.ru/vacancies/113705317?host=hh.ru,['Юрист'],1400.0,1900.0,EUR,False
6039,113031658,Консультант Документооборот,https://api.hh.ru/vacancies/113031658?host=hh.ru,['Аналитик'],110000.0,180000.0,RUR,False
6040,113320901,Программист 1С,https://api.hh.ru/vacancies/113320901?host=hh.ru,"['Программист, разработчик']",260000.0,,RUR,False
6041,113708451,Программист C#/ .NET,https://api.hh.ru/vacancies/113708451?host=hh.ru,"['Программист, разработчик']",,,,
6042,114290057,Flutter разработчик,https://api.hh.ru/vacancies/114290057?host=hh.ru,"['Программист, разработчик']",,,,
6043,114294749,Руководитель отдела продаж РОП,https://api.hh.ru/vacancies/114294749?host=hh.ru,['Руководитель отдела продаж'],170000.0,260000.0,RUR,True
6044,113167273,Стажер-разработчик систем предоставления IT-сервисов,https://api.hh.ru/vacancies/113167273?host=hh.ru,"['BI-аналитик, аналитик данных']",,,,
6045,112606036,IT Project Manager,https://api.hh.ru/vacancies/112606036?host=hh.ru,['Руководитель проектов'],180000.0,250000.0,RUR,False
6046,113147539,PostgreSQL-разработчик,https://api.hh.ru/vacancies/113147539?host=hh.ru,"['BI-аналитик, аналитик данных']",,,,
6047,111946301,Программист PHP,https://api.hh.ru/vacancies/111946301?host=hh.ru,"['Программист, разработчик']",40000.0,65000.0,RUR,False
6048,111956843,Web-разработчик (Bitrix),https://api.hh.ru/vacancies/111956843?host=hh.ru,"['Программист, разработчик']",230000.0,,RUR,True
6049,112074272,Разработчик Python,https://api.hh.ru/vacancies/112074272?host=hh.ru,"['Программист, разработчик']",,,,
6050,112327647,Инженер - программист C#,https://api.hh.ru/vacancies/112327647?host=hh.ru,"['Программист, разработчик']",100000.0,,RUR,False
6051,112550242,"Frontend-разработчик (Vue, middle)",https://api.hh.ru/vacancies/112550242?host=hh.ru,"['Программист, разработчик']",160000.0,180000.0,RUR,False
6052,112564914,Ведущий методист,https://api.hh.ru/vacancies/112564914?host=hh.ru,['Методист'],120000.0,200000.0,RUR,False
6053,113149160,Senior Rust Developer,https://api.hh.ru/vacancies/113149160?host=hh.ru,['Дата-сайентист'],,500000.0,RUR,False
6054,113320066,Системный аналитик,https://api.hh.ru/vacancies/113320066?host=hh.ru,['Системный аналитик'],,,,
6055,113777703,"Android разработчик (Java, гибрид Москва)",https://api.hh.ru/vacancies/113777703?host=hh.ru,"['Программист, разработчик']",,,,
6056,114065950,User Acquisition Manager (Трафик-менеджер),https://api.hh.ru/vacancies/114065950?host=hh.ru,"['Менеджер по маркетингу, интернет-маркетолог']",,,,
6057,106788010,1С разработчик в Управляющую Компанию (Банк Топ 10),https://api.hh.ru/vacancies/106788010?host=hh.ru,"['Программист, разработчик']",,400000.0,RUR,True
6058,111774190,Data Scientist,https://api.hh.ru/vacancies/111774190?host=hh.ru,['Дата-сайентист'],,,,
6059,112502257,Финансовый директор (CFO),https://api.hh.ru/vacancies/112502257?host=hh.ru,['Финансовый директор (CFO)'],,,,
6060,113712605,Специалист технической поддержки,https://api.hh.ru/vacancies/113712605?host=hh.ru,['Специалист технической поддержки'],,,,
6061,113738005,Менеджер проектов/Project Manager (GameDev/Unity/Unreal/AR/VR),https://api.hh.ru/vacancies/113738005?host=hh.ru,['Руководитель проектов'],70000.0,130000.0,RUR,False
6062,114495785,Browser Security Researcher / Исследователь безопасности браузеров,https://api.hh.ru/vacancies/114495785?host=hh.ru,['Специалист по информационной безопасности'],450000.0,900000.0,RUR,False
6063,112310314,Java-разработчик,https://api.hh.ru/vacancies/112310314?host=hh.ru,"['Программист, разработчик']",350000.0,,RUR,False
6064,109305533,Бизнес-аналитик,https://api.hh.ru/vacancies/109305533?host=hh.ru,['Бизнес-аналитик'],,,,
6065,112756626,Казначей-операционист,https://api.hh.ru/vacancies/112756626?host=hh.ru,['Казначей'],,,,
6066,113877999,Senior Sales Manager B2B / Business Development Manager / BDM,https://api.hh.ru/vacancies/113877999?host=hh.ru,"['Менеджер по продажам, менеджер по работе с клиентами']",200000.0,500000.0,RUR,False
6067,112165011,TypeScript-разработчик (Telegram Mini Apps),https://api.hh.ru/vacancies/112165011?host=hh.ru,"['Программист, разработчик']",,,,
6068,112183820,Frontend-разработчик,https://api.hh.ru/vacancies/112183820?host=hh.ru,"['Программист, разработчик']",,,,
6069,113736616,Backend Developer Разработчик PHP,https://api.hh.ru/vacancies/113736616?host=hh.ru,"['Программист, разработчик']",,,,
6070,112337470,Vue js фронтенд-разработчик,https://api.hh.ru/vacancies/112337470?host=hh.ru,"['Программист, разработчик']",100000.0,150000.0,RUR,False
6071,113308357,Frontend-разработчик (React),https://api.hh.ru/vacancies/113308357?host=hh.ru,"['Программист, разработчик']",,,,
6072,113319294,Старший программист 1С (в нефтегазовую отрасль),https://api.hh.ru/vacancies/113319294?host=hh.ru,['Другое'],300000.0,,RUR,False
6073,113711111,Менеджер по внутрикорпоративному обучению (офис),https://api.hh.ru/vacancies/113711111?host=hh.ru,['PR-менеджер'],,,,
6074,113845959,Инженер-программист АСУ ТП,https://api.hh.ru/vacancies/113845959?host=hh.ru,"['Программист, разработчик']",100000.0,250000.0,RUR,False
6075,105446590,Java-разработчик,https://api.hh.ru/vacancies/105446590?host=hh.ru,"['Программист, разработчик']",,,,
6076,112837586,Frontend-разработчик (Middle),https://api.hh.ru/vacancies/112837586?host=hh.ru,"['Программист, разработчик']",,200000.0,RUR,False
6077,113014676,Менеджер по качеству веб-сайтов (Веб-аудитор),https://api.hh.ru/vacancies/113014676?host=hh.ru,"['SMM-менеджер, контент-менеджер']",1000.0,,USD,False
6078,111073265,Backend-разработчик,https://api.hh.ru/vacancies/111073265?host=hh.ru,"['Программист, разработчик']",,,,
6079,111747901,Младший разработчик 1С,https://api.hh.ru/vacancies/111747901?host=hh.ru,"['Программист, разработчик']",80000.0,140000.0,RUR,False
6080,111748895,Стажер-разработчик бэкенда,https://api.hh.ru/vacancies/111748895?host=hh.ru,"['Программист, разработчик']",,,,
6081,112160452,.Net разработчик,https://api.hh.ru/vacancies/112160452?host=hh.ru,"['Программист, разработчик']",180000.0,250000.0,RUR,False
6082,112786524,Java/Kotlin Developer,https://api.hh.ru/vacancies/112786524?host=hh.ru,"['Программист, разработчик']",,,,
6083,112957969,"Специалист по работе баз данных PostgreSQL, MySQL, MS SQL",https://api.hh.ru/vacancies/112957969?host=hh.ru,['Системный администратор'],,,,
6084,113739086,Режиссер монтажа,https://api.hh.ru/vacancies/113739086?host=hh.ru,"['Режиссер, сценарист']",80000.0,,RUR,False
6085,114176392,DevOps инженер,https://api.hh.ru/vacancies/114176392?host=hh.ru,['Специалист технической поддержки'],,,,
6086,111567552,"Business development manager в международный AI hr-tech, talent-tech стартап",https://api.hh.ru/vacancies/111567552?host=hh.ru,['Директор по персоналу (HRD)'],100000.0,500000.0,RUR,False
6087,112763915,UI/UX-дизайнер,https://api.hh.ru/vacancies/112763915?host=hh.ru,"['Дизайнер, художник']",,,,
6088,113277588,Java-разработчик,https://api.hh.ru/vacancies/113277588?host=hh.ru,"['Программист, разработчик']",450000.0,480000.0,RUR,True
6089,114293774,Разработчик C++ (IAG),https://api.hh.ru/vacancies/114293774?host=hh.ru,"['Программист, разработчик']",,,,
6090,114477277,PR and Marketing Manager,https://api.hh.ru/vacancies/114477277?host=hh.ru,['PR-менеджер'],,,,
6091,112510865,"Менеджер по работе с зарубежными производствами (Китай, Гуанчжоу)",https://api.hh.ru/vacancies/112510865?host=hh.ru,"['Менеджер по логистике, менеджер по ВЭД']",,,,
6092,112883884,MIDDLE PYTHON DEVELOPER,https://api.hh.ru/vacancies/112883884?host=hh.ru,"['Программист, разработчик']",100000.0,200000.0,RUR,False
6093,113978246,Юрисконсульт в сфере гражданского права (госсектор),https://api.hh.ru/vacancies/113978246?host=hh.ru,['Юрисконсульт'],,,,
6094,114062927,"Менеджер проектов, Маркетплейс, Локализация",https://api.hh.ru/vacancies/114062927?host=hh.ru,['Руководитель проектов'],,,,
6095,113151206,Программист-разработчик C#,https://api.hh.ru/vacancies/113151206?host=hh.ru,"['Программист, разработчик']",250000.0,320000.0,RUR,True
6096,114077236,Product manager/Product Owner,https://api.hh.ru/vacancies/114077236?host=hh.ru,['Менеджер продукта'],,,,
6097,114180013,Менеджер по подбору персонала,https://api.hh.ru/vacancies/114180013?host=hh.ru,['Менеджер по персоналу'],,,,
6098,111903076,Web-разработчик,https://api.hh.ru/vacancies/111903076?host=hh.ru,"['Программист, разработчик']",115000.0,,RUR,True
6099,111971053,Golang-разработчик команда инфраструктуры Mailion,https://api.hh.ru/vacancies/111971053?host=hh.ru,"['Программист, разработчик']",,,,
6100,114077833,Менеджер поддержки проектов (SEO),https://api.hh.ru/vacancies/114077833?host=hh.ru,['Руководитель проектов'],60000.0,,RUR,False
6101,114300758,Архитектор-проектировщик (общественные интерьеры),https://api.hh.ru/vacancies/114300758?host=hh.ru,['Архитектор'],70000.0,90000.0,RUR,False
6102,114302097,Business Development Manager (Influencer Marketing),https://api.hh.ru/vacancies/114302097?host=hh.ru,"['Менеджер по маркетингу, интернет-маркетолог']",,,,
6103,107571933,Backend-разработчик (.net),https://api.hh.ru/vacancies/107571933?host=hh.ru,"['Программист, разработчик']",,,,
6104,112174746,Frontend-разработчик,https://api.hh.ru/vacancies/112174746?host=hh.ru,"['Программист, разработчик']",,,,
6105,112323475,Project Manager,https://api.hh.ru/vacancies/112323475?host=hh.ru,['Руководитель проектов'],120000.0,150000.0,RUR,False
6106,112534642,Python developer (middle/middle+),https://api.hh.ru/vacancies/112534642?host=hh.ru,"['Программист, разработчик']",150000.0,200000.0,RUR,False
6107,113017739,Специалист технической поддержки / Tech support,https://api.hh.ru/vacancies/113017739?host=hh.ru,['Специалист технической поддержки'],50000.0,80000.0,RUR,False
6108,113032631,React Native / React.JS разработчик,https://api.hh.ru/vacancies/113032631?host=hh.ru,"['Программист, разработчик']",60000.0,80000.0,RUR,False
6109,113892540,Помощник руководителя в ИТ компанию (офис),https://api.hh.ru/vacancies/113892540?host=hh.ru,"['Секретарь, помощник руководителя, ассистент']",50000.0,90000.0,RUR,False
6110,114310281,Senior Developer C++,https://api.hh.ru/vacancies/114310281?host=hh.ru,"['Программист, разработчик']",,,,
6111,112679677,C#/.NET-разработчик,https://api.hh.ru/vacancies/112679677?host=hh.ru,"['Программист, разработчик']",170000.0,210000.0,RUR,False
6112,113336703,Маркетолог (SaaS),https://api.hh.ru/vacancies/113336703?host=hh.ru,"['Менеджер по маркетингу, интернет-маркетолог']",,,,
6113,113854468,Руководитель отдела внутренних коммуникаций,https://api.hh.ru/vacancies/113854468?host=hh.ru,['Другое'],,,,
6114,114286376,"Менеджер проектов в проектный офис Райдтех, Фудтех и Доставки",https://api.hh.ru/vacancies/114286376?host=hh.ru,['Руководитель проектов'],,,,
6115,107206009,Backend разработчик (Laravel),https://api.hh.ru/vacancies/107206009?host=hh.ru,"['Программист, разработчик']",,,,
6116,109236829,Аналитик,https://api.hh.ru/vacancies/109236829?host=hh.ru,['Аналитик'],100000.0,160000.0,RUR,False
6117,112903596,Системный аналитик,https://api.hh.ru/vacancies/112903596?host=hh.ru,['Системный аналитик'],,,,
6118,114302742,Менеджер по продажам информационных продуктов,https://api.hh.ru/vacancies/114302742?host=hh.ru,"['Менеджер по продажам, менеджер по работе с клиентами']",150000.0,250000.0,RUR,False
6119,109550088,Backend Middle Developer (PHP),https://api.hh.ru/vacancies/109550088?host=hh.ru,"['Программист, разработчик']",,,,
6120,112346010,Инженер-программист АСУТП (дистанционный формат работы),https://api.hh.ru/vacancies/112346010?host=hh.ru,"['Программист, разработчик']",150000.0,,RUR,False
6121,112419374,Java-разработчик (Middle),https://api.hh.ru/vacancies/112419374?host=hh.ru,"['Программист, разработчик']",,,,
6122,112534010,Младший системный администратор,https://api.hh.ru/vacancies/112534010?host=hh.ru,['Системный администратор'],40000.0,70000.0,RUR,False
6123,113909205,MIddle+ Python разработчик,https://api.hh.ru/vacancies/113909205?host=hh.ru,"['Программист, разработчик']",,,,
6124,114185404,Консультант по информационной безопасности,https://api.hh.ru/vacancies/114185404?host=hh.ru,['Специалист по информационной безопасности'],,,,
6125,112354559,Специалист по контекстной рекламе/директолог,https://api.hh.ru/vacancies/112354559?host=hh.ru,"['Менеджер по маркетингу, интернет-маркетолог']",100000.0,120000.0,RUR,False
6126,112642977,Бухгалтер (по расходам и поставщикам),https://api.hh.ru/vacancies/112642977?host=hh.ru,['Бухгалтер'],100000.0,,RUR,False
6127,112732005,Unity-разработчик,https://api.hh.ru/vacancies/112732005?host=hh.ru,['Гейм-дизайнер'],20000.0,20000.0,RUR,False
6128,113324184,Business development manager,https://api.hh.ru/vacancies/113324184?host=hh.ru,['Другое'],,,,
6129,102379601,Разработчик Java,https://api.hh.ru/vacancies/102379601?host=hh.ru,"['Программист, разработчик']",,,,
6130,107710653,Product Manager,https://api.hh.ru/vacancies/107710653?host=hh.ru,['Аналитик'],,,,
6131,113886457,Python-разработчик (HR-платформа Пульс),https://api.hh.ru/vacancies/113886457?host=hh.ru,"['Программист, разработчик']",,,,
6132,110908705,Менеджер по развитию бизнеса,https://api.hh.ru/vacancies/110908705?host=hh.ru,['Менеджер по работе с партнерами'],,,,
6133,113760662,Java-разработчик,https://api.hh.ru/vacancies/113760662?host=hh.ru,"['Программист, разработчик']",,270000.0,RUR,True
6134,111875122,Java Developer Middle+ (fintech project),https://api.hh.ru/vacancies/111875122?host=hh.ru,"['Программист, разработчик']",250000.0,350000.0,RUR,False
6135,113319555,Руководитель проектов в ИТ компании,https://api.hh.ru/vacancies/113319555?host=hh.ru,['Руководитель проектов'],,,,
6136,113323682,Разработчик на Kotlin,https://api.hh.ru/vacancies/113323682?host=hh.ru,"['Программист, разработчик']",130000.0,170000.0,RUR,True
6137,113697713,Аналитик данных,https://api.hh.ru/vacancies/113697713?host=hh.ru,"['BI-аналитик, аналитик данных']",,,,
6138,113707581,PHP Developer (удаленно),https://api.hh.ru/vacancies/113707581?host=hh.ru,"['Программист, разработчик']",,,,
6139,113905371,Frontend developer в Видеоаналитику (Trust&Safety),https://api.hh.ru/vacancies/113905371?host=hh.ru,"['Программист, разработчик']",,,,
6140,106701607,Менеджер продукта,https://api.hh.ru/vacancies/106701607?host=hh.ru,['Менеджер продукта'],300000.0,350000.0,RUR,True
6141,112729146,Маркетолог-аналитик,https://api.hh.ru/vacancies/112729146?host=hh.ru,"['Менеджер по маркетингу, интернет-маркетолог']",150000.0,,RUR,False
6142,113861784,Аналитик расходов автопарка,https://api.hh.ru/vacancies/113861784?host=hh.ru,['Аналитик'],,,,
6143,114289970,"Разработчик JavaScript, Инструменты анализа производительности",https://api.hh.ru/vacancies/114289970?host=hh.ru,"['Программист, разработчик']",,,,
6144,50699740,Разработчик .NET(Middle/Senior),https://api.hh.ru/vacancies/50699740?host=hh.ru,"['Программист, разработчик']",,,,
6145,110324691,Менеджер проектов (Аналитик),https://api.hh.ru/vacancies/110324691?host=hh.ru,['Бизнес-аналитик'],,,,
6146,110958039,Инженер внедрения и сопровождения ПО (ДБО),https://api.hh.ru/vacancies/110958039?host=hh.ru,['DevOps-инженер'],,,,
6147,111791736,Senior Project manager,https://api.hh.ru/vacancies/111791736?host=hh.ru,['Руководитель проектов'],,,,
6148,112587278,Дизайнер - разработчик сайтов,https://api.hh.ru/vacancies/112587278?host=hh.ru,"['Дизайнер, художник']",,100000.0,RUR,False
6149,112865905,Junior Product Manager,https://api.hh.ru/vacancies/112865905?host=hh.ru,['Менеджер продукта'],90000.0,100000.0,RUR,False
6150,107743222,Программист микроконтроллеров,https://api.hh.ru/vacancies/107743222?host=hh.ru,"['Программист, разработчик']",80000.0,,RUR,True
6151,113322858,Бэкенд-разработчик,https://api.hh.ru/vacancies/113322858?host=hh.ru,"['Программист, разработчик']",,,,
6152,114183250,Продуктовый дизайнер (Совкомбанк Бизнес),https://api.hh.ru/vacancies/114183250?host=hh.ru,"['Дизайнер, художник']",,,,
6153,109839974,IOS developer (Мир Инвестиций),https://api.hh.ru/vacancies/109839974?host=hh.ru,"['Программист, разработчик']",,,,
6154,112323828,Python developer middle,https://api.hh.ru/vacancies/112323828?host=hh.ru,"['Программист, разработчик']",,,,
6155,112600863,Backend-разработчик,https://api.hh.ru/vacancies/112600863?host=hh.ru,"['Программист, разработчик']",350000.0,400000.0,RUR,False
6156,113717336,Junior Frontend разработчик (Vue),https://api.hh.ru/vacancies/113717336?host=hh.ru,"['Программист, разработчик']",,,,
6157,113906864,Technical Project Manager (E-commerce),https://api.hh.ru/vacancies/113906864?host=hh.ru,['Руководитель проектов'],,,,
6158,114028666,Технический аналитик,https://api.hh.ru/vacancies/114028666?host=hh.ru,['Другое'],80000.0,,RUR,False
6159,114188592,Специалист технической поддержки 1C / Консультант 1C,https://api.hh.ru/vacancies/114188592?host=hh.ru,['Аналитик'],90000.0,,RUR,False
6160,114319047,Программист 1С в Брокерскую компанию,https://api.hh.ru/vacancies/114319047?host=hh.ru,"['Программист, разработчик']",65000.0,120000.0,RUR,True
6161,97104637,Менеджер по продажам IT решений (удаленно),https://api.hh.ru/vacancies/97104637?host=hh.ru,"['Менеджер по продажам, менеджер по работе с клиентами']",150000.0,,RUR,True
6162,109481394,CTO / Сhief Technology Officer / Технический директор,https://api.hh.ru/vacancies/109481394?host=hh.ru,['Технический директор (CTO)'],400000.0,,RUR,False
6163,114170667,Тестировщик 1С,https://api.hh.ru/vacancies/114170667?host=hh.ru,['Тестировщик'],,,,
6164,114294307,Трафик-менеджер (Programmatic)/Таргетолог,https://api.hh.ru/vacancies/114294307?host=hh.ru,"['Менеджер по маркетингу, интернет-маркетолог']",120000.0,,RUR,False
6165,112160034,Специалист службы поддержки пользователей Cloud,https://api.hh.ru/vacancies/112160034?host=hh.ru,['Специалист технической поддержки'],50000.0,65000.0,RUR,False
6166,112317575,Веб-дизайнер,https://api.hh.ru/vacancies/112317575?host=hh.ru,"['Дизайнер, художник']",50000.0,80000.0,RUR,False
6167,111421975,Специалист по оформлению сделок,https://api.hh.ru/vacancies/111421975?host=hh.ru,"['Менеджер по продажам, менеджер по работе с клиентами']",75000.0,,RUR,False
6168,112762907,Senior C# Developer,https://api.hh.ru/vacancies/112762907?host=hh.ru,"['Программист, разработчик']",,,,
6169,113016591,IOS Разработчик,https://api.hh.ru/vacancies/113016591?host=hh.ru,"['Программист, разработчик']",,,,
6170,113704803,Помощник финансового директора,https://api.hh.ru/vacancies/113704803?host=hh.ru,"['Финансовый аналитик, инвестиционный аналитик']",80000.0,100000.0,RUR,False
6171,113759367,Финансовый менеджер,https://api.hh.ru/vacancies/113759367?host=hh.ru,['Финансовый менеджер'],150000.0,,RUR,False
6172,113897810,Оператор производственной линии,https://api.hh.ru/vacancies/113897810?host=hh.ru,"['Упаковщик, комплектовщик']",80000.0,,RUR,False
6173,114071693,Системный администратор,https://api.hh.ru/vacancies/114071693?host=hh.ru,['Системный администратор'],200000.0,200000.0,RUR,True
6174,114205324,Senior Flutter разработчик,https://api.hh.ru/vacancies/114205324?host=hh.ru,"['Программист, разработчик']",280000.0,320000.0,RUR,False
6175,114291453,Специалист технической поддержки,https://api.hh.ru/vacancies/114291453?host=hh.ru,['Специалист технической поддержки'],,,,
6176,109147105,QA инженер/тестировщик,https://api.hh.ru/vacancies/109147105?host=hh.ru,['Тестировщик'],,,,
6177,112727068,Системный аналитик,https://api.hh.ru/vacancies/112727068?host=hh.ru,['Системный аналитик'],,,,
6178,113159508,Оператор-наладчик/программист станков ЧПУ (фрезерная группа Fanuc 0i MF),https://api.hh.ru/vacancies/113159508?host=hh.ru,['Оператор станков с ЧПУ'],229885.0,258621.0,RUR,True
6179,114036864,Senior java разработчик,https://api.hh.ru/vacancies/114036864?host=hh.ru,"['Программист, разработчик']",,,,
6180,112467011,Senior+ Frontend Developer,https://api.hh.ru/vacancies/112467011?host=hh.ru,"['Программист, разработчик']",270000.0,,RUR,False
6181,113016964,Водитель автопогрузчика на склад,https://api.hh.ru/vacancies/113016964?host=hh.ru,['Грузчик'],89000.0,89000.0,RUR,True
6182,114299708,Старший аналитик для разработки CRM,https://api.hh.ru/vacancies/114299708?host=hh.ru,['Аналитик'],,,,
6183,114305054,Главный системный администратор/руководитель,https://api.hh.ru/vacancies/114305054?host=hh.ru,['Системный администратор'],,,,
6184,109068171,Руководитель подразделения по сопровождению ERP и учётных систем,https://api.hh.ru/vacancies/109068171?host=hh.ru,['Технический директор (CTO)'],,,,
6185,112792138,Middle Software Developer (Python),https://api.hh.ru/vacancies/112792138?host=hh.ru,"['Программист, разработчик']",,,,
6186,114069256,DevOps инженер (Kubernetes),https://api.hh.ru/vacancies/114069256?host=hh.ru,['DevOps-инженер'],,,,
6187,114290800,Ассистент руководителя проекта со знанием английского языка,https://api.hh.ru/vacancies/114290800?host=hh.ru,"['Секретарь, помощник руководителя, ассистент']",70000.0,,RUR,False
6188,112036682,Junior разработчик (fullstack),https://api.hh.ru/vacancies/112036682?host=hh.ru,"['Программист, разработчик']",60000.0,,RUR,False
6189,112323120,Project Manager (junior),https://api.hh.ru/vacancies/112323120?host=hh.ru,['Руководитель проектов'],,,,
6190,114196391,Technical Support Engineer,https://api.hh.ru/vacancies/114196391?host=hh.ru,['Специалист технической поддержки'],,,,
6191,114296165,Финансовый аналитик,https://api.hh.ru/vacancies/114296165?host=hh.ru,"['Финансовый аналитик, инвестиционный аналитик']",150000.0,200000.0,RUR,False
6192,109796090,QA Engineer (Senior),https://api.hh.ru/vacancies/109796090?host=hh.ru,['Тестировщик'],,,,
6193,110980748,Кладовщик,https://api.hh.ru/vacancies/110980748?host=hh.ru,['Кладовщик'],75000.0,85000.0,RUR,True
6194,113160515,Разработчик Angular (Middle+ / Senior),https://api.hh.ru/vacancies/113160515?host=hh.ru,"['Программист, разработчик']",160000.0,250000.0,RUR,False
6195,113312066,Программист-Разработчик Telegram-ботов,https://api.hh.ru/vacancies/113312066?host=hh.ru,"['Программист, разработчик']",60000.0,90000.0,RUR,False
6196,114182462,Руководитель проектов билетной системы,https://api.hh.ru/vacancies/114182462?host=hh.ru,['Руководитель проектов'],,,,
6197,109130143,Golang разработчик,https://api.hh.ru/vacancies/109130143?host=hh.ru,"['Программист, разработчик']",,,,
6198,112057514,Аналитик СМИ / Специалист по мониторингу СМИ,https://api.hh.ru/vacancies/112057514?host=hh.ru,['Аналитик'],30000.0,,RUR,False
6199,112138468,Junior SEO-специалист,https://api.hh.ru/vacancies/112138468?host=hh.ru,"['Менеджер по маркетингу, интернет-маркетолог']",60000.0,70000.0,RUR,False
6200,112607830,Программист Python (middle),https://api.hh.ru/vacancies/112607830?host=hh.ru,"['Программист, разработчик']",,,,
6201,113742029,QA Engineer (Manual),https://api.hh.ru/vacancies/113742029?host=hh.ru,['Тестировщик'],,,,
6202,108813569,Менеджер по развитию бизнеса / Bizdev Manager,https://api.hh.ru/vacancies/108813569?host=hh.ru,"['Менеджер по продажам, менеджер по работе с клиентами']",,,,
6203,109485453,Руководитель пресс-службы в сервис путешествий,https://api.hh.ru/vacancies/109485453?host=hh.ru,['PR-менеджер'],,,,
6204,111978150,Вечерний/Уборщик помещений (м. Спортивная),https://api.hh.ru/vacancies/111978150?host=hh.ru,"['Уборщица, уборщик']",33680.0,,RUR,False
6205,112357514,Frontend developer,https://api.hh.ru/vacancies/112357514?host=hh.ru,"['Программист, разработчик']",2000.0,3100.0,USD,False
6206,112750892,Senior Python-разработчик,https://api.hh.ru/vacancies/112750892?host=hh.ru,"['Программист, разработчик']",,,,
6207,114020574,Аналитик 1С (консультант),https://api.hh.ru/vacancies/114020574?host=hh.ru,['Аналитик'],250000.0,,RUR,False
6208,112750249,Java-разработчик,https://api.hh.ru/vacancies/112750249?host=hh.ru,"['Программист, разработчик']",,,,
6209,112878462,Руководитель проектов,https://api.hh.ru/vacancies/112878462?host=hh.ru,['Руководитель проектов'],,,,
6210,101125199,"Senior front-end разработчик (TypeScript, React)",https://api.hh.ru/vacancies/101125199?host=hh.ru,"['Программист, разработчик']",280000.0,400000.0,RUR,False
6211,113152618,Секретарь / Администратор на ресепшен (бизнес-центр),https://api.hh.ru/vacancies/113152618?host=hh.ru,['Администратор'],60000.0,60000.0,RUR,False
6212,114064371,"Сетевой разработчик (С,С++, ядро)",https://api.hh.ru/vacancies/114064371?host=hh.ru,"['Программист, разработчик']",,,,
6213,114301025,Офис-менеджер/секретарь,https://api.hh.ru/vacancies/114301025?host=hh.ru,['Офис-менеджер'],85000.0,150000.0,RUR,False
6214,112449978,Графический дизайнер (удаленно),https://api.hh.ru/vacancies/112449978?host=hh.ru,"['Дизайнер, художник']",70000.0,90000.0,RUR,True
6215,112629866,Frontend Developer,https://api.hh.ru/vacancies/112629866?host=hh.ru,"['Программист, разработчик']",,,,
6216,114183222,Финансовый менеджер,https://api.hh.ru/vacancies/114183222?host=hh.ru,['Финансовый менеджер'],150000.0,170000.0,RUR,False
6217,114184619,Системный инженер,https://api.hh.ru/vacancies/114184619?host=hh.ru,['Системный инженер'],,,,
6218,114280607,Программист-аналитик,https://api.hh.ru/vacancies/114280607?host=hh.ru,"['BI-аналитик, аналитик данных']",100000.0,200000.0,RUR,False
6219,111215598,Аккаунт-менеджер в отдел поддержки сайтов,https://api.hh.ru/vacancies/111215598?host=hh.ru,['Менеджер по работе с партнерами'],80000.0,150000.0,RUR,False
6220,111539935,Руководитель Управления Разработки Дистанционного Банковского обслуживания и транзакционных систем,https://api.hh.ru/vacancies/111539935?host=hh.ru,['Кредитный специалист'],500000.0,,RUR,False
6221,111965193,Data Engineer (Дата-инженер),https://api.hh.ru/vacancies/111965193?host=hh.ru,['Дата-сайентист'],,,,
6222,113740175,"Старший Java-разработчик, сервис поиска и рекомендаций",https://api.hh.ru/vacancies/113740175?host=hh.ru,"['Программист, разработчик']",,,,
6223,114067080,Проджект-менеджер/Аналитик,https://api.hh.ru/vacancies/114067080?host=hh.ru,['Аналитик'],,200000.0,RUR,False
6224,114293508,Разработчик Битрикс / Разработчик сайта (Зеленоград),https://api.hh.ru/vacancies/114293508?host=hh.ru,"['Программист, разработчик']",170000.0,220000.0,RUR,True
6225,110072739,Аналитик-разработчик (прогнозирование и планирование),https://api.hh.ru/vacancies/110072739?host=hh.ru,"['BI-аналитик, аналитик данных']",150000.0,280000.0,RUR,False
6226,111858436,Middle DevOps инженер (МТС Линк),https://api.hh.ru/vacancies/111858436?host=hh.ru,['DevOps-инженер'],,,,
6227,112575304,Project Manager в Bidvol DSP,https://api.hh.ru/vacancies/112575304?host=hh.ru,['Руководитель проектов'],,,,
6228,112760298,Java-разработчик,https://api.hh.ru/vacancies/112760298?host=hh.ru,"['Программист, разработчик']",,,,
6229,112764892,Графический дизайнер/Верстальщик (направление маркетплейсы/ОФИС),https://api.hh.ru/vacancies/112764892?host=hh.ru,"['Дизайнер, художник']",110000.0,,RUR,False
6230,113185283,PHP разработчик (Laravel),https://api.hh.ru/vacancies/113185283?host=hh.ru,"['Программист, разработчик']",,,,
6231,113187466,Ведущий программист-разработчик JavaScript,https://api.hh.ru/vacancies/113187466?host=hh.ru,"['Программист, разработчик']",270000.0,,RUR,False
6232,113711748,Бизнес-ассистент / Помощник руководителя,https://api.hh.ru/vacancies/113711748?host=hh.ru,"['Секретарь, помощник руководителя, ассистент']",50000.0,,RUR,True
6233,113767786,Middle+/Senior UX/UI designer,https://api.hh.ru/vacancies/113767786?host=hh.ru,"['Дизайнер, художник']",100000.0,130000.0,RUR,False
6234,114552434,Менеджер проекта БКИ,https://api.hh.ru/vacancies/114552434?host=hh.ru,['Руководитель проектов'],,,,
6235,111792127,Тестировщик,https://api.hh.ru/vacancies/111792127?host=hh.ru,['Тестировщик'],,,,
6236,112703711,Заместитель главного редактора в отраслевое СМИ,https://api.hh.ru/vacancies/112703711?host=hh.ru,"['Копирайтер, редактор, корректор']",,150000.0,RUR,False
6237,113486759,"Fullstack-разработчик (Vue 3, TypeScript, Firebase)",https://api.hh.ru/vacancies/113486759?host=hh.ru,"['Программист, разработчик']",,180000.0,RUR,False
6238,113698517,Инженер по системному анализу и тестированию,https://api.hh.ru/vacancies/113698517?host=hh.ru,['Тестировщик'],150000.0,,RUR,False
6239,84980964,Системный аналитик (Middle & Senior),https://api.hh.ru/vacancies/84980964?host=hh.ru,['Аналитик'],,,,
6240,111563221,Системный аналитик (Архитектор),https://api.hh.ru/vacancies/111563221?host=hh.ru,['Системный аналитик'],,,,
6241,111771730,Системный аналитик,https://api.hh.ru/vacancies/111771730?host=hh.ru,['Системный аналитик'],,,,
6242,111957286,Стажёр-системный аналитик,https://api.hh.ru/vacancies/111957286?host=hh.ru,['Системный аналитик'],,,,
6243,112069331,Разработчик / администратор БД MS SQL,https://api.hh.ru/vacancies/112069331?host=hh.ru,"['Программист, разработчик']",280000.0,350000.0,RUR,False
6244,112338300,Software Engineer Blockchain,https://api.hh.ru/vacancies/112338300?host=hh.ru,"['Программист, разработчик']",7000.0,7000.0,USD,False
6245,112981416,Системный аналитик (маркетплейсы),https://api.hh.ru/vacancies/112981416?host=hh.ru,['Системный аналитик'],,,,
6246,111727439,PHP-разработчик,https://api.hh.ru/vacancies/111727439?host=hh.ru,"['Программист, разработчик']",,,,
6247,111898343,Офис-менеджер,https://api.hh.ru/vacancies/111898343?host=hh.ru,['Офис-менеджер'],90000.0,,RUR,True
6248,113294214,Jun+/Middle Python Developer,https://api.hh.ru/vacancies/113294214?host=hh.ru,"['Программист, разработчик']",,1800.0,USD,False
6249,113750322,Руководитель проектов внедрения,https://api.hh.ru/vacancies/113750322?host=hh.ru,['Руководитель проектов'],,,,
6250,107516910,Python-разработчик Low-code,https://api.hh.ru/vacancies/107516910?host=hh.ru,"['Программист, разработчик']",,,,
6251,111874847,Backend developer (java),https://api.hh.ru/vacancies/111874847?host=hh.ru,"['Программист, разработчик']",,,,
6252,112416938,Flutter разработчик / Middle,https://api.hh.ru/vacancies/112416938?host=hh.ru,"['Программист, разработчик']",,,,
6253,114016945,Менеджер по работе с поставщиками IT услуг,https://api.hh.ru/vacancies/114016945?host=hh.ru,['Менеджер по работе с партнерами'],,,,
6254,106609751,C Embedded Engineer (BIOS),https://api.hh.ru/vacancies/106609751?host=hh.ru,"['Программист, разработчик']",,,,
6255,112547058,Старший фронтенд разработчик,https://api.hh.ru/vacancies/112547058?host=hh.ru,"['Программист, разработчик']",,,,
6256,112875968,Full-stack WordPress Developer,https://api.hh.ru/vacancies/112875968?host=hh.ru,"['Программист, разработчик']",120000.0,170000.0,RUR,False
6257,113063691,Android-разработчик,https://api.hh.ru/vacancies/113063691?host=hh.ru,"['Программист, разработчик']",100000.0,,RUR,False
6258,113137473,Solidity-разработчик,https://api.hh.ru/vacancies/113137473?host=hh.ru,"['Программист, разработчик']",300000.0,,RUR,False
6259,113428288,Менеджер по работе с клиентами на английком языке,https://api.hh.ru/vacancies/113428288?host=hh.ru,"['Менеджер по продажам, менеджер по работе с клиентами']",200000.0,,RUR,False
6260,114297494,Специалист технической поддержки 1С,https://api.hh.ru/vacancies/114297494?host=hh.ru,['Специалист технической поддержки'],75000.0,100000.0,RUR,False
6261,109289027,Руководитель отдела производственного планирования,https://api.hh.ru/vacancies/109289027?host=hh.ru,['Экономист'],,,,
6262,111954422,Backend-разработчик (Python),https://api.hh.ru/vacancies/111954422?host=hh.ru,"['Программист, разработчик']",,,,
6263,111975363,Python-разработчик (Junior),https://api.hh.ru/vacancies/111975363?host=hh.ru,"['Программист, разработчик']",,,,
6264,112067031,Стажер - разработчик SQL (BI),https://api.hh.ru/vacancies/112067031?host=hh.ru,"['Программист, разработчик']",,,,
6265,112068307,GR manager (фармацевтическая компания),https://api.hh.ru/vacancies/112068307?host=hh.ru,['Другое'],,400000.0,RUR,True
6266,112187477,C#/.NET-разработчик,https://api.hh.ru/vacancies/112187477?host=hh.ru,"['Программист, разработчик']",,,,
6267,113754031,IT Project manager (Менеджер проектов IT),https://api.hh.ru/vacancies/113754031?host=hh.ru,['Менеджер продукта'],65000.0,100000.0,RUR,True
6268,114010689,R&D Product Registration Coordinator / Координатор по регистрации товаров и соблюдению нормативов,https://api.hh.ru/vacancies/114010689?host=hh.ru,['Другое'],95000.0,,RUR,True
6269,114291814,Middle C++-разработчик,https://api.hh.ru/vacancies/114291814?host=hh.ru,"['Программист, разработчик']",,,,
6270,111805621,Верстальщик/Frontend-разработчик,https://api.hh.ru/vacancies/111805621?host=hh.ru,"['Программист, разработчик']",,,,
6271,112044512,Бизнес-аналитик в Маркетплейс,https://api.hh.ru/vacancies/112044512?host=hh.ru,['Бизнес-аналитик'],200000.0,240000.0,RUR,True
6272,112307804,Project/Product Manager,https://api.hh.ru/vacancies/112307804?host=hh.ru,['Менеджер продукта'],2000.0,,USD,True
6273,113714126,Руководитель проекта (девелопмент),https://api.hh.ru/vacancies/113714126?host=hh.ru,['Руководитель строительного проекта'],,600000.0,RUR,True
6274,113718449,Дизайнер (Астра Консалтинг),https://api.hh.ru/vacancies/113718449?host=hh.ru,"['Дизайнер, художник']",,,,
6275,114081066,"Руководитель проекта/Менеджер проекта (премиум уровень, коттеджное строительство)",https://api.hh.ru/vacancies/114081066?host=hh.ru,['Руководитель строительного проекта'],300000.0,500000.0,RUR,False
6276,114152850,Ведущий разработчик .NET,https://api.hh.ru/vacancies/114152850?host=hh.ru,"['Программист, разработчик']",,,,
6277,111948767,Frontend-разработчик,https://api.hh.ru/vacancies/111948767?host=hh.ru,"['Программист, разработчик']",,,,
6278,114287129,Руководитель учебного центра/Руководитель IT-Академии,https://api.hh.ru/vacancies/114287129?host=hh.ru,"['Учитель, преподаватель, педагог']",,,,
6279,111887301,Project manager в команду контроля качества,https://api.hh.ru/vacancies/111887301?host=hh.ru,['Руководитель проектов'],,,,
6280,113867798,Системный аналитик (WEB/MOB),https://api.hh.ru/vacancies/113867798?host=hh.ru,['Системный аналитик'],,,,
6281,111843910,Frontend-разработчик (middle),https://api.hh.ru/vacancies/111843910?host=hh.ru,"['Программист, разработчик']",215000.0,,RUR,True
6282,112431957,Бизнес-аналитик,https://api.hh.ru/vacancies/112431957?host=hh.ru,['Бизнес-аналитик'],,,,
6283,113321474,Product Owner,https://api.hh.ru/vacancies/113321474?host=hh.ru,['Менеджер продукта'],,,,
6284,113722241,Senior 2D Artist,https://api.hh.ru/vacancies/113722241?host=hh.ru,"['Дизайнер, художник']",,,,
6285,114041628,Product manager (Music),https://api.hh.ru/vacancies/114041628?host=hh.ru,['Менеджер продукта'],,,,
6286,111867625,HTML верстальщик,https://api.hh.ru/vacancies/111867625?host=hh.ru,"['Дизайнер, художник']",,,,
6287,112550246,Руководитель проекта,https://api.hh.ru/vacancies/112550246?host=hh.ru,['Руководитель проектов'],,,,
6288,112955533,Системный аналитик/ System analyst,https://api.hh.ru/vacancies/112955533?host=hh.ru,['Аналитик'],,170000.0,RUR,True
6289,113700434,Руководитель Лакокрасочного Направления,https://api.hh.ru/vacancies/113700434?host=hh.ru,['Руководитель отдела продаж'],170000.0,300000.0,RUR,False
6290,113717482,Middle C++ разработчик,https://api.hh.ru/vacancies/113717482?host=hh.ru,"['Программист, разработчик']",200000.0,,RUR,True
6291,107443137,Менеджер продукта,https://api.hh.ru/vacancies/107443137?host=hh.ru,['Менеджер продукта'],,,,
6292,110849227,Руководитель группы оценки,https://api.hh.ru/vacancies/110849227?host=hh.ru,['Руководитель отдела персонала'],580000.0,580000.0,RUR,False
6293,112045072,Менеджер продукта,https://api.hh.ru/vacancies/112045072?host=hh.ru,['Менеджер продукта'],,,,
6294,112764940,Middle C# .Net developer,https://api.hh.ru/vacancies/112764940?host=hh.ru,"['Программист, разработчик']",,,,
6295,112840971,Разработчик C++,https://api.hh.ru/vacancies/112840971?host=hh.ru,"['Программист, разработчик']",,,,
6296,111379216,Администратор сайта,https://api.hh.ru/vacancies/111379216?host=hh.ru,['Другое'],75000.0,90000.0,RUR,False
6297,112639840,Инженер-разработчик РЭА,https://api.hh.ru/vacancies/112639840?host=hh.ru,"['Инженер-электроник, инженер-электронщик']",200000.0,,RUR,False
6298,112674271,Python developer / Разработчик Python,https://api.hh.ru/vacancies/112674271?host=hh.ru,"['Программист, разработчик']",,,,
6299,113008759,Начинающий специалист в чате/ ночь,https://api.hh.ru/vacancies/113008759?host=hh.ru,['Специалист технической поддержки'],60000.0,70000.0,RUR,False
6300,113855009,Разработчик игр с Webview (Unity),https://api.hh.ru/vacancies/113855009?host=hh.ru,"['Программист, разработчик']",,,,
6301,112872463,Менеджер торгового маркетинга (фирменная розница) / Trade Marketing Manager (branded retail),https://api.hh.ru/vacancies/112872463?host=hh.ru,"['Менеджер по маркетингу, интернет-маркетолог']",,,,
6302,113016026,Бизнес-аналитик,https://api.hh.ru/vacancies/113016026?host=hh.ru,['Бизнес-аналитик'],250000.0,,RUR,False
6303,112352864,Разработчик Go (middle),https://api.hh.ru/vacancies/112352864?host=hh.ru,"['Программист, разработчик']",200000.0,300000.0,RUR,False
6304,112873695,Руководитель сервисно-технического отдела,https://api.hh.ru/vacancies/112873695?host=hh.ru,"['Сервисный инженер, инженер-механик']",,250000.0,RUR,False
6305,113326160,Разработчик С/С++,https://api.hh.ru/vacancies/113326160?host=hh.ru,"['Программист, разработчик']",250000.0,400000.0,RUR,True
6306,113696789,Продуктовый дизайнер Uzum Bank,https://api.hh.ru/vacancies/113696789?host=hh.ru,"['Дизайнер, художник']",,,,
6307,113899942,Старший научный сотрудник Института трансляционной медицины и биотехнологии,https://api.hh.ru/vacancies/113899942?host=hh.ru,"['Научный специалист, исследователь']",,180000.0,RUR,True
6308,114176610,WEB-дизайнер,https://api.hh.ru/vacancies/114176610?host=hh.ru,"['Дизайнер, художник']",,,,
6309,111663231,Программист отдела программных разработок,https://api.hh.ru/vacancies/111663231?host=hh.ru,"['Программист, разработчик']",,,,
6310,112771151,Middle Python-разработчик,https://api.hh.ru/vacancies/112771151?host=hh.ru,"['Программист, разработчик']",,270000.0,RUR,False
6311,112846318,Ведущий архитектор,https://api.hh.ru/vacancies/112846318?host=hh.ru,['Архитектор'],,,,
6312,114066963,С++ разработчик (AI-Telecom),https://api.hh.ru/vacancies/114066963?host=hh.ru,"['Программист, разработчик']",250000.0,400000.0,RUR,True
6313,114294174,Руководитель-координатор проектов по производству декораций для музеев,https://api.hh.ru/vacancies/114294174?host=hh.ru,"['Дизайнер, художник']",100000.0,,RUR,False
6314,110781783,Team Lead QA,https://api.hh.ru/vacancies/110781783?host=hh.ru,['Тестировщик'],,,,
6315,113741169,Программист PHP,https://api.hh.ru/vacancies/113741169?host=hh.ru,"['Программист, разработчик']",120000.0,,RUR,False
6316,113764770,Product Owner (развитие Платформы),https://api.hh.ru/vacancies/113764770?host=hh.ru,['Менеджер продукта'],,,,
6317,113880995,Продуктовый редактор,https://api.hh.ru/vacancies/113880995?host=hh.ru,"['Копирайтер, редактор, корректор']",,,,
6318,114178486,Системный аналитик,https://api.hh.ru/vacancies/114178486?host=hh.ru,['Аналитик'],130000.0,220000.0,RUR,False
6319,103340935,Менеджер по ведению баз данных,https://api.hh.ru/vacancies/103340935?host=hh.ru,"['Оператор ПК, оператор базы данных']",78200.0,85000.0,RUR,True
6320,112773278,PHP разработчик / PHP Developer,https://api.hh.ru/vacancies/112773278?host=hh.ru,"['Программист, разработчик']",,,,
6321,113153035,"Разработчик JavaScript, Платформа seller.ozon.ru",https://api.hh.ru/vacancies/113153035?host=hh.ru,"['Программист, разработчик']",,,,
6322,114055374,Технический писатель,https://api.hh.ru/vacancies/114055374?host=hh.ru,['Технический писатель'],130000.0,,RUR,True
6323,114299424,Интегратор Битрикс 24,https://api.hh.ru/vacancies/114299424?host=hh.ru,"['Программист, разработчик']",70000.0,120000.0,RUR,False
6324,114300352,Руководитель Интернет-магазина,https://api.hh.ru/vacancies/114300352?host=hh.ru,['Другое'],120000.0,170000.0,RUR,False
6325,107517967,Инженер по тестированию микропрограмм/Firmware QA Engineer,https://api.hh.ru/vacancies/107517967?host=hh.ru,['Тестировщик'],,,,
6326,108462859,Начинающий специалист в IT компанию в чате (ночь),https://api.hh.ru/vacancies/108462859?host=hh.ru,['Другое'],60000.0,70000.0,RUR,False
6327,111913758,SEO-оптимизатор Middle / Senior,https://api.hh.ru/vacancies/111913758?host=hh.ru,"['Менеджер по маркетингу, интернет-маркетолог']",100000.0,180000.0,RUR,False
6328,112157349,Системный аналитик,https://api.hh.ru/vacancies/112157349?host=hh.ru,['Системный аналитик'],240000.0,,RUR,False
6329,113322503,Senior Product Manager/Продакт-менеджер/Менеджер продукта,https://api.hh.ru/vacancies/113322503?host=hh.ru,['Менеджер продукта'],,,,
6330,113849868,Инженер поддержки информационных систем РЦ,https://api.hh.ru/vacancies/113849868?host=hh.ru,['Специалист технической поддержки'],,120000.0,RUR,True
6331,106287901,Стажер-разработчик 1С,https://api.hh.ru/vacancies/106287901?host=hh.ru,"['Программист, разработчик']",,,,
6332,112185460,Junior/Junior+php программист (стажёр),https://api.hh.ru/vacancies/112185460?host=hh.ru,"['Программист, разработчик']",30000.0,,RUR,False
6333,112689857,Офис-менеджер (отдел продаж 2/2),https://api.hh.ru/vacancies/112689857?host=hh.ru,['Офис-менеджер'],,,,
6334,112876726,Middle Python developer,https://api.hh.ru/vacancies/112876726?host=hh.ru,"['Программист, разработчик']",,,,
6335,114177476,Технолог-разработчик косметики-консультант,https://api.hh.ru/vacancies/114177476?host=hh.ru,['Технолог'],180000.0,220000.0,RUR,False
6336,111993663,Инженер технической поддержки,https://api.hh.ru/vacancies/111993663?host=hh.ru,['Специалист технической поддержки'],,,,
6337,113718420,Программист 1С,https://api.hh.ru/vacancies/113718420?host=hh.ru,"['Программист, разработчик']",250000.0,350000.0,RUR,True
6338,112072622,Junior/Middle Email-marketing,https://api.hh.ru/vacancies/112072622?host=hh.ru,"['Менеджер по маркетингу, интернет-маркетолог']",1200.0,,USD,True
6339,112575059,Менеджер по работе с клиентами,https://api.hh.ru/vacancies/112575059?host=hh.ru,"['Менеджер по продажам, менеджер по работе с клиентами']",170000.0,300000.0,RUR,False
6340,113700558,Java-разработчик в IT-Хаб,https://api.hh.ru/vacancies/113700558?host=hh.ru,"['Программист, разработчик']",,,,
6341,111875759,Cv-engineer,https://api.hh.ru/vacancies/111875759?host=hh.ru,"['Программист, разработчик']",300000.0,,RUR,False
6342,112862240,PHP back-end разработчик (laravel),https://api.hh.ru/vacancies/112862240?host=hh.ru,"['Программист, разработчик']",,250000.0,RUR,False
6343,114280801,Дизайнер интерьера,https://api.hh.ru/vacancies/114280801?host=hh.ru,"['Дизайнер, художник']",80000.0,120000.0,RUR,False
6344,111800081,Unity-программист (онлайн-игры),https://api.hh.ru/vacancies/111800081?host=hh.ru,"['Программист, разработчик']",,,,
6345,112049243,Помощник главного инженера проекта (Технический заказчик),https://api.hh.ru/vacancies/112049243?host=hh.ru,['Главный инженер проекта'],175500.0,370000.0,RUR,False
6346,112357859,Senior IT Project manager / Менеджер ИТ-проектов,https://api.hh.ru/vacancies/112357859?host=hh.ru,['Менеджер продукта'],,,,
6347,113170124,Методист,https://api.hh.ru/vacancies/113170124?host=hh.ru,['Методист'],30000.0,,RUR,False
6348,114185089,Аналитик,https://api.hh.ru/vacancies/114185089?host=hh.ru,['Продуктовый аналитик'],,,,
6349,106138278,Middle Python Developer,https://api.hh.ru/vacancies/106138278?host=hh.ru,"['Программист, разработчик']",,,,
6350,106454398,Аналитик,https://api.hh.ru/vacancies/106454398?host=hh.ru,['Аналитик'],,,,
6351,109287477,Java Developer,https://api.hh.ru/vacancies/109287477?host=hh.ru,"['Программист, разработчик']",,,,
6352,110645650,Бухгалтер,https://api.hh.ru/vacancies/110645650?host=hh.ru,['Бухгалтер'],90000.0,,RUR,False
6353,112041156,Junior Backend разработчик (Node.JS),https://api.hh.ru/vacancies/112041156?host=hh.ru,"['Программист, разработчик']",,,,
6354,106727725,Business Development Manager,https://api.hh.ru/vacancies/106727725?host=hh.ru,"['Менеджер по продажам, менеджер по работе с клиентами']",250000.0,,RUR,False
6355,109565981,Специалист технической поддержки,https://api.hh.ru/vacancies/109565981?host=hh.ru,['Специалист технической поддержки'],65000.0,,RUR,False
6356,109846845,QA Инженер (РуВики),https://api.hh.ru/vacancies/109846845?host=hh.ru,['Тестировщик'],,,,
6357,111880879,Инженер по тестированию,https://api.hh.ru/vacancies/111880879?host=hh.ru,['Тестировщик'],,,,
6358,112300935,"Embedded-программист (производство, С)",https://api.hh.ru/vacancies/112300935?host=hh.ru,"['Программист, разработчик']",100000.0,,RUR,False
6359,112331987,Ассистент программиста .Net (стажер),https://api.hh.ru/vacancies/112331987?host=hh.ru,"['Программист, разработчик']",,,,
6360,113709098,Разработчик БД (дистанционный формат),https://api.hh.ru/vacancies/113709098?host=hh.ru,"['Программист, разработчик']",,,,
6361,114241856,"Специалист второй линии поддержки пользователей, Рекомендательная система e-commerce",https://api.hh.ru/vacancies/114241856?host=hh.ru,['Специалист технической поддержки'],70000.0,90000.0,RUR,True
6362,108092277,Бизнес-аналитик в Т-Бизнес,https://api.hh.ru/vacancies/108092277?host=hh.ru,['Бизнес-аналитик'],,,,
6363,110890479,Программист 1С,https://api.hh.ru/vacancies/110890479?host=hh.ru,"['Программист, разработчик']",,,,
6364,111876170,Графический дизайнер,https://api.hh.ru/vacancies/111876170?host=hh.ru,"['Дизайнер, художник']",,,,
6365,112485715,Бизнес-аналитик 1С,https://api.hh.ru/vacancies/112485715?host=hh.ru,['Другое'],200000.0,,RUR,True
6366,112782154,Project manager (IT),https://api.hh.ru/vacancies/112782154?host=hh.ru,['Руководитель проектов'],,,,
6367,113150815,Тренер отдела продаж в AI компанию (удаленно),https://api.hh.ru/vacancies/113150815?host=hh.ru,['Руководитель отдела продаж'],100000.0,,RUR,False
6368,113613398,Начальник склада / Производство крепежа для деревянного домостроения,https://api.hh.ru/vacancies/113613398?host=hh.ru,['Начальник склада'],110000.0,160000.0,RUR,False
6369,113733598,PHP-разработчик,https://api.hh.ru/vacancies/113733598?host=hh.ru,"['Программист, разработчик']",,,,
6370,114057374,SEO-специалист,https://api.hh.ru/vacancies/114057374?host=hh.ru,"['Менеджер по маркетингу, интернет-маркетолог']",100000.0,150000.0,RUR,False
6371,108989702,"Разработчик Go, Платформа, Группа разработки средств контроля",https://api.hh.ru/vacancies/108989702?host=hh.ru,"['Программист, разработчик']",,,,
6372,112337664,Product Manager (ASO),https://api.hh.ru/vacancies/112337664?host=hh.ru,['Другое'],100000.0,250000.0,RUR,False
6373,112770021,Программист-разработчик,https://api.hh.ru/vacancies/112770021?host=hh.ru,['Другое'],150000.0,200000.0,RUR,False
6374,113170040,"Инженер-программист АСУТП (Siemens, Step 7, TIA Portal)",https://api.hh.ru/vacancies/113170040?host=hh.ru,"['Программист, разработчик']",,,,
6375,113281489,Бизнес-аналитик (Медицина),https://api.hh.ru/vacancies/113281489?host=hh.ru,['Бизнес-аналитик'],,,,
6376,113885339,Разработчик,https://api.hh.ru/vacancies/113885339?host=hh.ru,"['Программист, разработчик']",,,,
6377,114039048,Аналитик по информационной безопасности (SOC),https://api.hh.ru/vacancies/114039048?host=hh.ru,['Специалист по информационной безопасности'],,,,
6378,114184236,VIP Manager igaming,https://api.hh.ru/vacancies/114184236?host=hh.ru,['Менеджер по работе с партнерами'],,200000.0,RUR,True
6379,111344017,"Frontend-разработчик (middle, senior)",https://api.hh.ru/vacancies/111344017?host=hh.ru,"['Программист, разработчик']",,,,
6380,111864931,"Frontend-Разработчик в компанию ""ХАЙ-ТЕК СОФТ""",https://api.hh.ru/vacancies/111864931?host=hh.ru,"['Программист, разработчик']",,,,
6381,111881817,UI-дизайнер,https://api.hh.ru/vacancies/111881817?host=hh.ru,"['Дизайнер, художник']",,,,
6382,112749706,Тестировщик (web),https://api.hh.ru/vacancies/112749706?host=hh.ru,['Тестировщик'],,,,
6383,113288789,ML-разработчик (проект GigaChat),https://api.hh.ru/vacancies/113288789?host=hh.ru,"['Программист, разработчик']",,,,
6384,114015614,Product Owner/Методолог,https://api.hh.ru/vacancies/114015614?host=hh.ru,['Методолог'],250000.0,,RUR,True
6385,114071408,Разработчик-исследователь в группу навигации,https://api.hh.ru/vacancies/114071408?host=hh.ru,"['Программист, разработчик']",,,,
6386,109473969,Product Designer,https://api.hh.ru/vacancies/109473969?host=hh.ru,"['Дизайнер, художник']",,,,
6387,110281800,Системный администратор Специалист по информатизации,https://api.hh.ru/vacancies/110281800?host=hh.ru,['Другое'],65000.0,70000.0,RUR,False
6388,111888264,Frontend разработчик в игровой проект,https://api.hh.ru/vacancies/111888264?host=hh.ru,"['Программист, разработчик']",,,,
6389,111980213,Frontend-разработчик,https://api.hh.ru/vacancies/111980213?host=hh.ru,"['Программист, разработчик']",,,,
6390,112794962,Team Lead команды вёрстки (HTML/CSS/JS),https://api.hh.ru/vacancies/112794962?host=hh.ru,"['Программист, разработчик']",,,,
6391,113775340,Разработчик DWH,https://api.hh.ru/vacancies/113775340?host=hh.ru,"['Программист, разработчик']",,350000.0,RUR,False
6392,110965298,Java Developer,https://api.hh.ru/vacancies/110965298?host=hh.ru,"['Программист, разработчик']",,,,
6393,111969592,Marketing specialist,https://api.hh.ru/vacancies/111969592?host=hh.ru,['Маркетолог-аналитик'],1000.0,5000.0,USD,True
6394,113613391,Начальник склада (Производство крепежа для деревянного домостроения),https://api.hh.ru/vacancies/113613391?host=hh.ru,['Начальник склада'],110000.0,160000.0,RUR,False
6395,114294126,UX исследователь,https://api.hh.ru/vacancies/114294126?host=hh.ru,['Продуктовый аналитик'],,,,
6396,103670685,Системный аналитик,https://api.hh.ru/vacancies/103670685?host=hh.ru,['Системный аналитик'],,,,
6397,103670685,Системный аналитик,https://api.hh.ru/vacancies/103670685?host=hh.ru,['Системный аналитик'],,,,
6398,106262003,Python developer / Python разработчик (FastAPI),https://api.hh.ru/vacancies/106262003?host=hh.ru,"['Программист, разработчик']",,,,
6399,111255036,Аналитик,https://api.hh.ru/vacancies/111255036?host=hh.ru,['Другое'],,,,
6400,112746766,Разработчик С++,https://api.hh.ru/vacancies/112746766?host=hh.ru,"['Программист, разработчик']",,,,
6401,113712498,Junior продакшн-менеджер в отдел полиграфической продукции,https://api.hh.ru/vacancies/113712498?host=hh.ru,"['Менеджер по маркетингу, интернет-маркетолог']",,,,
6402,114478406,"Программист-разработчик 1С, удаленная работа",https://api.hh.ru/vacancies/114478406?host=hh.ru,"['Программист, разработчик']",200000.0,,RUR,False
6403,111251845,Младший программист,https://api.hh.ru/vacancies/111251845?host=hh.ru,['Другое'],90000.0,,RUR,False
6404,112423483,Lead Java Developer,https://api.hh.ru/vacancies/112423483?host=hh.ru,"['Программист, разработчик']",,,,
6405,112626637,UX/UI-дизайнер,https://api.hh.ru/vacancies/112626637?host=hh.ru,"['Дизайнер, художник']",120000.0,,RUR,True
6406,113740962,Менеджер продукта,https://api.hh.ru/vacancies/113740962?host=hh.ru,['Менеджер продукта'],,,,
6407,113745704,Ведущий инженер отдела самолетов транспортной категории,https://api.hh.ru/vacancies/113745704?host=hh.ru,['Специалист по сертификации'],,150000.0,RUR,False
6408,110337195,Junior PR-Project-manager,https://api.hh.ru/vacancies/110337195?host=hh.ru,['PR-менеджер'],80000.0,,RUR,False
6409,111973456,PHP developer,https://api.hh.ru/vacancies/111973456?host=hh.ru,"['Программист, разработчик']",200000.0,,RUR,False
6410,111984115,Техник по эксплуатации дежурный ( м. Спартак ),https://api.hh.ru/vacancies/111984115?host=hh.ru,"['Мастер по ремонту оборудования, техники']",76000.0,,RUR,False
6411,112703532,UX/UI Designer,https://api.hh.ru/vacancies/112703532?host=hh.ru,"['Дизайнер, художник']",270000.0,,RUR,False
6412,112756505,Pentester,https://api.hh.ru/vacancies/112756505?host=hh.ru,['Специалист по информационной безопасности'],,,,
6413,113136798,Дежурный инженер технической поддержки 2 линии (Linux),https://api.hh.ru/vacancies/113136798?host=hh.ru,['Специалист технической поддержки'],,,,
6414,113156841,Технический лидер/архитектор Java,https://api.hh.ru/vacancies/113156841?host=hh.ru,['Руководитель группы разработки'],,,,
6415,113695979,Менеджер по продажам и работе с клиентами,https://api.hh.ru/vacancies/113695979?host=hh.ru,"['Менеджер по продажам, менеджер по работе с клиентами']",,,,
6416,114300472,Web разработчик/Разработчик (1С-Битрикс),https://api.hh.ru/vacancies/114300472?host=hh.ru,"['Программист, разработчик']",100000.0,100000.0,RUR,False
6417,112261094,Веб-дизайнер для международной биотехнологической стартап-студии,https://api.hh.ru/vacancies/112261094?host=hh.ru,"['Дизайнер, художник']",120000.0,200000.0,RUR,True
6418,113616419,Бизнес аналитик,https://api.hh.ru/vacancies/113616419?host=hh.ru,['Бизнес-аналитик'],,,,
6419,113873011,Координатор отдела охраны труда,https://api.hh.ru/vacancies/113873011?host=hh.ru,['Специалист по информационной безопасности'],,34800.0,RUR,False
6420,114089408,IOS-разработчик Senior/TeamLead,https://api.hh.ru/vacancies/114089408?host=hh.ru,['Руководитель группы разработки'],,,,
6421,114177942,Бизнес аналитик (Fullstack аналитик),https://api.hh.ru/vacancies/114177942?host=hh.ru,['Бизнес-аналитик'],,,,
6422,110454918,Тренер тренажерного зала CROCUS FITNESS (м. 1905.г),https://api.hh.ru/vacancies/110454918?host=hh.ru,"['Фитнес-тренер, инструктор тренажерного зала']",,,,
6423,110782300,Инженер-программист (Backend C++),https://api.hh.ru/vacancies/110782300?host=hh.ru,"['Программист, разработчик']",100000.0,,RUR,False
6424,111958834,Middle/Senior Linux инженер,https://api.hh.ru/vacancies/111958834?host=hh.ru,['DevOps-инженер'],,,,
6425,114038815,Главный бухгалтер,https://api.hh.ru/vacancies/114038815?host=hh.ru,['Бухгалтер'],150000.0,170000.0,RUR,False
6426,114296517,Backend-разработчик,https://api.hh.ru/vacancies/114296517?host=hh.ru,"['Программист, разработчик']",,400000.0,RUR,False
6427,111883857,"Python (Django) разработчик (Junior+) - удаленно, с периодическим приездом в Москву",https://api.hh.ru/vacancies/111883857?host=hh.ru,"['Программист, разработчик']",,150000.0,RUR,True
6428,111893489,Brand manager (Kotex),https://api.hh.ru/vacancies/111893489?host=hh.ru,['PR-менеджер'],,,,
6429,111953776,Администратор офиса продаж новостроек (ЖК Акценты),https://api.hh.ru/vacancies/111953776?host=hh.ru,['Агент по недвижимости'],75000.0,,RUR,False
6430,111962844,Менеджер по продажам B2B,https://api.hh.ru/vacancies/111962844?host=hh.ru,"['Менеджер по продажам, менеджер по работе с клиентами']",150000.0,,RUR,True
6431,112062720,Python middle разработчик,https://api.hh.ru/vacancies/112062720?host=hh.ru,"['Программист, разработчик']",,,,
6432,112070405,Junior AI Engineer,https://api.hh.ru/vacancies/112070405?host=hh.ru,['Дата-сайентист'],1000.0,1500.0,USD,True
6433,112446052,1С-Программист Junior,https://api.hh.ru/vacancies/112446052?host=hh.ru,"['Программист, разработчик']",,,,
6434,112760259,Инженер-программист Python,https://api.hh.ru/vacancies/112760259?host=hh.ru,"['Программист, разработчик']",,,,
6435,113142552,Специалист по лидогенерации / Lead generation specialist,https://api.hh.ru/vacancies/113142552?host=hh.ru,"['Менеджер по маркетингу, интернет-маркетолог']",,,,
6436,113766397,Программист - администратор со знанием Perl,https://api.hh.ru/vacancies/113766397?host=hh.ru,"['Программист, разработчик']",200000.0,,RUR,False
6437,113847666,Маркетолог,https://api.hh.ru/vacancies/113847666?host=hh.ru,"['Менеджер по маркетингу, интернет-маркетолог']",90000.0,130000.0,RUR,False
6438,106694833,"Go разработчик , Профиль и документы пользователя",https://api.hh.ru/vacancies/106694833?host=hh.ru,"['Программист, разработчик']",,,,
6439,111732751,Системный Администратор Linux,https://api.hh.ru/vacancies/111732751?host=hh.ru,['Системный администратор'],,,,
6440,111983091,Инженер-тестировщик (РуВики),https://api.hh.ru/vacancies/111983091?host=hh.ru,['Тестировщик'],,,,
6441,112052883,Визажист-разработчик косметической продукции (в Китае),https://api.hh.ru/vacancies/112052883?host=hh.ru,['Другое'],,,,
6442,113136835,Product manager CRM,https://api.hh.ru/vacancies/113136835?host=hh.ru,['Менеджер по персоналу'],,,,
6443,113857068,React Native Developer / Разработчик мобильных приложений (Mattermost),https://api.hh.ru/vacancies/113857068?host=hh.ru,"['Программист, разработчик']",,,,
6444,113859219,Разработчик Navision,https://api.hh.ru/vacancies/113859219?host=hh.ru,"['Программист, разработчик']",,,,
6445,112771380,Ведущий веб-дизайнер UX/UI,https://api.hh.ru/vacancies/112771380?host=hh.ru,"['Дизайнер, художник']",120000.0,150000.0,RUR,False
6446,113753666,DevOps-инженер,https://api.hh.ru/vacancies/113753666?host=hh.ru,['DevOps-инженер'],,,,
6447,114180219,Flutter-разработчик в Фудтех,https://api.hh.ru/vacancies/114180219?host=hh.ru,['Другое'],,,,
6448,114196574,Java разработчик (Комплаенс),https://api.hh.ru/vacancies/114196574?host=hh.ru,"['Программист, разработчик']",,,,
6449,108424903,Помощник оператора-наладчика станков с ЧПУ,https://api.hh.ru/vacancies/108424903?host=hh.ru,['Оператор станков с ЧПУ'],,,,
6450,111688314,Начинающий программист 1С (Розница),https://api.hh.ru/vacancies/111688314?host=hh.ru,"['Программист, разработчик']",150000.0,200000.0,RUR,False
6451,112178936,Продуктовый аналитик,https://api.hh.ru/vacancies/112178936?host=hh.ru,['Продуктовый аналитик'],,,,
6452,112393097,Аналитик,https://api.hh.ru/vacancies/112393097?host=hh.ru,['Аналитик'],,,,
6453,109559484,Технический директор/CTO,https://api.hh.ru/vacancies/109559484?host=hh.ru,['Технический директор (CTO)'],600000.0,,RUR,True
6454,110022689,Администратор проектов (IT направление),https://api.hh.ru/vacancies/110022689?host=hh.ru,['Руководитель проектов'],,,,
6455,110255795,Менеджер по работе с клиентами,https://api.hh.ru/vacancies/110255795?host=hh.ru,"['Менеджер по продажам, менеджер по работе с клиентами']",,,,
6456,112215829,Game analyst,https://api.hh.ru/vacancies/112215829?host=hh.ru,['Продуктовый аналитик'],,,,
6457,112398620,Директор по стратегии,https://api.hh.ru/vacancies/112398620?host=hh.ru,['Операционный директор (COO)'],,,,
6458,112442788,Rust Developer (blockchain),https://api.hh.ru/vacancies/112442788?host=hh.ru,"['Программист, разработчик']",6000.0,7500.0,USD,True
6459,112550547,Java-разработчик (Modeus),https://api.hh.ru/vacancies/112550547?host=hh.ru,"['Программист, разработчик']",,,,
6460,113304117,Middle / Senior React developer,https://api.hh.ru/vacancies/113304117?host=hh.ru,"['Программист, разработчик']",,,,
6461,113717767,Senior C# / .NET Developer,https://api.hh.ru/vacancies/113717767?host=hh.ru,"['Программист, разработчик']",250000.0,350000.0,RUR,True
6462,113719013,Начальник отдела (руководитель проектов),https://api.hh.ru/vacancies/113719013?host=hh.ru,['Руководитель проектов'],110000.0,120000.0,RUR,False
6463,114020015,Оператор станков с ЧПУ,https://api.hh.ru/vacancies/114020015?host=hh.ru,['Оператор станков с ЧПУ'],,,,
6464,111774305,Программист 1С,https://api.hh.ru/vacancies/111774305?host=hh.ru,"['Программист, разработчик']",,,,
6465,112623429,Интернет-маркетолог в медицинской сфере | Digital маркетолог,https://api.hh.ru/vacancies/112623429?host=hh.ru,"['Менеджер по маркетингу, интернет-маркетолог']",,,,
6466,113843337,Консультант 1С/Аналитик 1С,https://api.hh.ru/vacancies/113843337?host=hh.ru,['Аналитик'],60000.0,120000.0,RUR,False
6467,111759116,C#/.NET-разработчик,https://api.hh.ru/vacancies/111759116?host=hh.ru,"['Программист, разработчик']",,,,
6468,113303027,Консультант ИС по расчету заработной платы,https://api.hh.ru/vacancies/113303027?host=hh.ru,['Бизнес-аналитик'],150000.0,200000.0,RUR,False
6469,113740615,Графический дизайнер,https://api.hh.ru/vacancies/113740615?host=hh.ru,"['Дизайнер, художник']",,,,
6470,114148212,"Account Manager, Event Agency (Moscow)",https://api.hh.ru/vacancies/114148212?host=hh.ru,['Event-менеджер'],130000.0,150000.0,RUR,True
6471,114296670,Middle/Senior C# разработчик в команду Экспорт,https://api.hh.ru/vacancies/114296670?host=hh.ru,"['Программист, разработчик']",,,,
6472,108637875,Разработчик .net / С#,https://api.hh.ru/vacancies/108637875?host=hh.ru,"['Программист, разработчик']",,500000.0,RUR,False
6473,112322916,Head of Business Development,https://api.hh.ru/vacancies/112322916?host=hh.ru,"['Менеджер по продажам, менеджер по работе с клиентами']",,,,
6474,113753469,Менеджер проекта,https://api.hh.ru/vacancies/113753469?host=hh.ru,['Руководитель проектов'],,,,
6475,114036314,Специалист контактного центра (входящие звонки),https://api.hh.ru/vacancies/114036314?host=hh.ru,"['Оператор call-центра, специалист контактного центра']",48000.0,53000.0,RUR,True
6476,107983172,Маркетолог,https://api.hh.ru/vacancies/107983172?host=hh.ru,['Менеджер продукта'],150000.0,,RUR,True
6477,109865059,Специалист по работе с онлайн ресурсами,https://api.hh.ru/vacancies/109865059?host=hh.ru,"['Оператор call-центра, специалист контактного центра']",35000.0,,RUR,False
6478,112168804,Middle/Senior Frontend developer (react/redux),https://api.hh.ru/vacancies/112168804?host=hh.ru,"['Программист, разработчик']",,,,
6479,112395293,Менеджер продукта (Product manager)/стажер,https://api.hh.ru/vacancies/112395293?host=hh.ru,['Менеджер продукта'],,,,
6480,112698776,Unity Developer (Junior+). Разработчик игр на Unity,https://api.hh.ru/vacancies/112698776?host=hh.ru,['Гейм-дизайнер'],200.0,,USD,False
6481,114108166,Системный администратор Linux,https://api.hh.ru/vacancies/114108166?host=hh.ru,['Системный администратор'],,,,
6482,109430277,Java Developer,https://api.hh.ru/vacancies/109430277?host=hh.ru,"['Программист, разработчик']",,,,
6483,111876543,Senior/Middle Frontend-разработчик (JS/React),https://api.hh.ru/vacancies/111876543?host=hh.ru,"['Программист, разработчик']",180000.0,,RUR,False
6484,112569186,UI/UX-продуктовый дизайнер,https://api.hh.ru/vacancies/112569186?host=hh.ru,"['Дизайнер, художник']",,,,
6485,114040013,Главный бухгалтер,https://api.hh.ru/vacancies/114040013?host=hh.ru,['Бухгалтер'],150000.0,,RUR,False
6486,111960913,Middle Front-end developer/Фронт разработчик,https://api.hh.ru/vacancies/111960913?host=hh.ru,"['Программист, разработчик']",,,,
6487,111974793,Программист PHP,https://api.hh.ru/vacancies/111974793?host=hh.ru,"['Программист, разработчик']",180000.0,,RUR,False
6488,112375107,Python Middle Developer,https://api.hh.ru/vacancies/112375107?host=hh.ru,"['Программист, разработчик']",100000.0,,RUR,True
6489,112764009,Менеджер по подбору персонала (HR-менеджер),https://api.hh.ru/vacancies/112764009?host=hh.ru,['Менеджер по персоналу'],100000.0,,RUR,False
6490,113296959,Программист 1С (Удаленно),https://api.hh.ru/vacancies/113296959?host=hh.ru,"['Программист, разработчик']",100000.0,250000.0,RUR,False
6491,114178760,Ведущий специалист технической поддержки (1С),https://api.hh.ru/vacancies/114178760?host=hh.ru,['Специалист технической поддержки'],180000.0,180000.0,RUR,False
6492,108106214,Менеджер по продаже образовательных услуг AI,https://api.hh.ru/vacancies/108106214?host=hh.ru,"['Менеджер по продажам, менеджер по работе с клиентами']",,,,
6493,110311362,Системный администратор (Виртуализация и сети),https://api.hh.ru/vacancies/110311362?host=hh.ru,['Системный администратор'],,,,
6494,111442522,Редактор ТВ программ,https://api.hh.ru/vacancies/111442522?host=hh.ru,"['Копирайтер, редактор, корректор']",,80000.0,RUR,False
6495,111772104,Frontend разработчик,https://api.hh.ru/vacancies/111772104?host=hh.ru,"['Программист, разработчик']",,,,
6496,111883000,Product Designer (intern),https://api.hh.ru/vacancies/111883000?host=hh.ru,"['Дизайнер, художник']",,,,
6497,113322048,Sales Manager,https://api.hh.ru/vacancies/113322048?host=hh.ru,"['Менеджер по продажам, менеджер по работе с клиентами']",1500.0,5000.0,USD,False
6498,113641699,Системный аналитик (бизнес-системы),https://api.hh.ru/vacancies/113641699?host=hh.ru,['Системный аналитик'],,,,
6499,113854826,Lead Tech PR,https://api.hh.ru/vacancies/113854826?host=hh.ru,['Другое'],,,,
6500,114179776,Python-разработчик (автотестировщик),https://api.hh.ru/vacancies/114179776?host=hh.ru,['Тестировщик'],,,,
6501,114180061,PHP Symfony разработчик,https://api.hh.ru/vacancies/114180061?host=hh.ru,"['Программист, разработчик']",,,,
6502,108448766,Фуллстек аналитик (системный и бизнес-анализ),https://api.hh.ru/vacancies/108448766?host=hh.ru,['Системный аналитик'],,,,
6503,108678203,Разработчик C++,https://api.hh.ru/vacancies/108678203?host=hh.ru,"['Программист, разработчик']",100000.0,180000.0,RUR,False
6504,111241514,Data Analyst (BI analyst),https://api.hh.ru/vacancies/111241514?host=hh.ru,"['BI-аналитик, аналитик данных']",250000.0,300000.0,RUR,False
6505,112165606,Frontend developer разработчик/ Vue 3 (Middle/Middle+),https://api.hh.ru/vacancies/112165606?host=hh.ru,"['Программист, разработчик']",,,,
6506,112355370,Системный аналитик,https://api.hh.ru/vacancies/112355370?host=hh.ru,['Системный аналитик'],,,,
6507,113307918,Специалист службы технической поддержки,https://api.hh.ru/vacancies/113307918?host=hh.ru,['Специалист технической поддержки'],,,,
6508,113722312,Технический директор (Робототехника),https://api.hh.ru/vacancies/113722312?host=hh.ru,['Технический директор (CTO)'],,,,
6509,113805818,Product Designer (B2B),https://api.hh.ru/vacancies/113805818?host=hh.ru,"['Дизайнер, художник']",,,,
6510,114286863,Ведущий разработчик SQL (г. Пушкино),https://api.hh.ru/vacancies/114286863?host=hh.ru,"['Программист, разработчик']",,,,
6511,106728771,Manual QA Engineer (гибрид),https://api.hh.ru/vacancies/106728771?host=hh.ru,['Тестировщик'],,,,
6512,111759060,PHP-разработчик,https://api.hh.ru/vacancies/111759060?host=hh.ru,"['Программист, разработчик']",,,,
6513,111896970,Разработчик Python (web) RuBackup,https://api.hh.ru/vacancies/111896970?host=hh.ru,"['Программист, разработчик']",,,,
6514,112701143,Дизайнер пользовательских интерфейсов (UX/UI),https://api.hh.ru/vacancies/112701143?host=hh.ru,"['Дизайнер, художник']",1500.0,2000.0,USD,False
6515,112714494,Middle Web разработчик / JavaScript,https://api.hh.ru/vacancies/112714494?host=hh.ru,"['Программист, разработчик']",,,,
6516,113114898,Frontend-разработчик (Middle),https://api.hh.ru/vacancies/113114898?host=hh.ru,"['Программист, разработчик']",,,,
6517,113740566,Product Owner,https://api.hh.ru/vacancies/113740566?host=hh.ru,['Менеджер продукта'],,,,
6518,113740703,Младший бизнес-аналитик,https://api.hh.ru/vacancies/113740703?host=hh.ru,['Аналитик'],,120000.0,RUR,False
6519,114038639,IT Рекрутер (Стажер),https://api.hh.ru/vacancies/114038639?host=hh.ru,['Специалист по подбору персонала'],20000.0,35000.0,RUR,True
6520,114187126,Flutter Senior / Team Leader / Middle,https://api.hh.ru/vacancies/114187126?host=hh.ru,['Руководитель группы разработки'],700.0,3000.0,USD,False
6521,107914267,Learning & Development Expert,https://api.hh.ru/vacancies/107914267?host=hh.ru,['Бизнес-тренер'],,,,
6522,108134222,Продуктовый дизайнер,https://api.hh.ru/vacancies/108134222?host=hh.ru,"['Дизайнер, художник']",,,,
6523,109886573,Business Partner Operations specialist,https://api.hh.ru/vacancies/109886573?host=hh.ru,['Менеджер по работе с партнерами'],,,,
6524,111753413,Проектный менеджер по локализации,https://api.hh.ru/vacancies/111753413?host=hh.ru,['Руководитель проектов'],,,,
6525,113319561,Инженер технической поддержки по защите от кибератак,https://api.hh.ru/vacancies/113319561?host=hh.ru,['Специалист по информационной безопасности'],,,,
6526,114178810,Infrastructure programmer (IT),https://api.hh.ru/vacancies/114178810?host=hh.ru,"['Программист, разработчик']",,,,
6527,114182509,Технический писатель,https://api.hh.ru/vacancies/114182509?host=hh.ru,['Технический писатель'],,,,
6528,102938187,Middle Product Owner,https://api.hh.ru/vacancies/102938187?host=hh.ru,['Руководитель отдела аналитики'],465000.0,530000.0,RUR,False
6529,109458735,Программист микроконтроллеров (Junior),https://api.hh.ru/vacancies/109458735?host=hh.ru,"['Программист, разработчик']",,,,
6530,112591354,Python-разработчик,https://api.hh.ru/vacancies/112591354?host=hh.ru,"['Программист, разработчик']",180000.0,,RUR,False
6531,114307623,PHP разработчик (Fullstack),https://api.hh.ru/vacancies/114307623?host=hh.ru,"['Программист, разработчик']",,,,
6532,112010743,Финансовый менеджер,https://api.hh.ru/vacancies/112010743?host=hh.ru,['Финансовый менеджер'],1500.0,,USD,False
6533,112423062,Node.js разработчик,https://api.hh.ru/vacancies/112423062?host=hh.ru,"['Программист, разработчик']",200000.0,220000.0,RUR,False
6534,112582184,Офис-менеджер/ассистент руководителя,https://api.hh.ru/vacancies/112582184?host=hh.ru,['Офис-менеджер'],100000.0,110000.0,RUR,False
6535,112710114,Frontend-разработчик / Frontend developer (ПВЗ),https://api.hh.ru/vacancies/112710114?host=hh.ru,"['Программист, разработчик']",,,,
6536,112793213,Финансовый менеджер,https://api.hh.ru/vacancies/112793213?host=hh.ru,['Финансовый менеджер'],,,,
6537,113159532,Business Development Manager / Менеджер по продажам (IT компания),https://api.hh.ru/vacancies/113159532?host=hh.ru,['Менеджер по работе с партнерами'],,,,
6538,113170063,Менеджер по продажам оборудования |IT|,https://api.hh.ru/vacancies/113170063?host=hh.ru,"['Менеджер по продажам, менеджер по работе с клиентами']",200000.0,,RUR,True
6539,113272409,Ведущий аналитик 1С:ERP,https://api.hh.ru/vacancies/113272409?host=hh.ru,['Системный аналитик'],,,,
6540,113289344,Fullstack-разработчик (NET/JS),https://api.hh.ru/vacancies/113289344?host=hh.ru,"['Программист, разработчик']",,,,
6541,113754008,Менеджер спортивного проекта,https://api.hh.ru/vacancies/113754008?host=hh.ru,['Руководитель проектов'],,,,
6542,114303901,Системный администратор Linux / Дежурный инженер,https://api.hh.ru/vacancies/114303901?host=hh.ru,['Специалист технической поддержки'],,,,
6543,108619896,Frontend разработчик (middle+),https://api.hh.ru/vacancies/108619896?host=hh.ru,"['Программист, разработчик']",300000.0,,RUR,True
6544,109555361,Java-разработчик,https://api.hh.ru/vacancies/109555361?host=hh.ru,"['Программист, разработчик']",,,,
6545,109953389,Руководитель направления по развитию интернет-проектов,https://api.hh.ru/vacancies/109953389?host=hh.ru,['Менеджер продукта'],,,,
6546,112062960,Ведущий IOS разработчик,https://api.hh.ru/vacancies/112062960?host=hh.ru,"['Программист, разработчик']",380000.0,,RUR,False
6547,113102342,Контент-менеджер,https://api.hh.ru/vacancies/113102342?host=hh.ru,"['SMM-менеджер, контент-менеджер']",100000.0,,RUR,False
6548,113846519,Администратор проекта (девелопмент),https://api.hh.ru/vacancies/113846519?host=hh.ru,['Руководитель проектов'],,120000.0,RUR,False
6549,110661507,КАМ менеджер,https://api.hh.ru/vacancies/110661507?host=hh.ru,"['Менеджер по продажам, менеджер по работе с клиентами']",,,,
6550,111612105,Системный аналитик (гибрид),https://api.hh.ru/vacancies/111612105?host=hh.ru,['Системный аналитик'],150000.0,240000.0,RUR,False
6551,111732463,Java разработчик,https://api.hh.ru/vacancies/111732463?host=hh.ru,"['Программист, разработчик']",,,,
6552,111881824,Начинающий программист 1С,https://api.hh.ru/vacancies/111881824?host=hh.ru,"['Программист, разработчик']",45000.0,60000.0,RUR,False
6553,113729830,DevOps-инженер,https://api.hh.ru/vacancies/113729830?host=hh.ru,['DevOps-инженер'],,,,
6554,111948431,Frontend-разработчик,https://api.hh.ru/vacancies/111948431?host=hh.ru,"['Программист, разработчик']",174000.0,174000.0,RUR,False
6555,111976551,Специалист по финансовым операциям,https://api.hh.ru/vacancies/111976551?host=hh.ru,['Казначей'],100000.0,,RUR,False
6556,112173098,Full stack developer PHP (Laravel),https://api.hh.ru/vacancies/112173098?host=hh.ru,"['Программист, разработчик']",250000.0,,RUR,False
6557,112317899,Системный аналитик (SberIDP),https://api.hh.ru/vacancies/112317899?host=hh.ru,['Системный аналитик'],,,,
6558,112499577,Менеджер по развитию бизнеса (BDM),https://api.hh.ru/vacancies/112499577?host=hh.ru,"['Менеджер по продажам, менеджер по работе с клиентами']",200000.0,250000.0,RUR,False
6559,113251579,Middle PHP Разработчик,https://api.hh.ru/vacancies/113251579?host=hh.ru,"['Программист, разработчик']",,250000.0,RUR,True
6560,114015772,Android Developer (Middle / Senior),https://api.hh.ru/vacancies/114015772?host=hh.ru,"['Программист, разработчик']",150000.0,,RUR,False
6561,114170074,GUI-Программист (С++ / Qt),https://api.hh.ru/vacancies/114170074?host=hh.ru,"['Программист, разработчик']",190000.0,,RUR,False
6562,108406300,Тестировщик программного обеспечения,https://api.hh.ru/vacancies/108406300?host=hh.ru,['Тестировщик'],,,,
6563,111890433,Product manager в команду Дискавери и Выбор товара,https://api.hh.ru/vacancies/111890433?host=hh.ru,['Менеджер продукта'],,,,
6564,112314802,Chief Marketing Officer (CMO),https://api.hh.ru/vacancies/112314802?host=hh.ru,['Директор по маркетингу и PR (CMO)'],,,,
6565,112528011,QA Engineer,https://api.hh.ru/vacancies/112528011?host=hh.ru,['Тестировщик'],,,,
6566,112708590,Системный аналитик,https://api.hh.ru/vacancies/112708590?host=hh.ru,['Системный аналитик'],,,,
6567,107145061,Программист JAVA,https://api.hh.ru/vacancies/107145061?host=hh.ru,"['Программист, разработчик']",,,,
6568,108520009,Бизнес аналитик (веб-приложение),https://api.hh.ru/vacancies/108520009?host=hh.ru,['Бизнес-аналитик'],,,,
6569,111742797,Java developer (Электронный архив),https://api.hh.ru/vacancies/111742797?host=hh.ru,"['Программист, разработчик']",,,,
6570,111976072,Веб-разработчик,https://api.hh.ru/vacancies/111976072?host=hh.ru,"['Программист, разработчик']",150000.0,150000.0,RUR,False
6571,112176193,Разработчик Google Sheets,https://api.hh.ru/vacancies/112176193?host=hh.ru,"['Программист, разработчик']",,,,
6572,113721357,Product manager (Mobile),https://api.hh.ru/vacancies/113721357?host=hh.ru,['Менеджер продукта'],,,,
6573,113728788,Интернет-маркетолог / Digital Marketing Manager,https://api.hh.ru/vacancies/113728788?host=hh.ru,"['Менеджер по маркетингу, интернет-маркетолог']",110000.0,,RUR,False
6574,113740102,"QA инженер в команду Логистики (Web, Api, Mobile)",https://api.hh.ru/vacancies/113740102?host=hh.ru,['Тестировщик'],,,,
6575,113764447,Менеджер по продажам через брокеров,https://api.hh.ru/vacancies/113764447?host=hh.ru,"['Менеджер по продажам, менеджер по работе с клиентами']",150000.0,430000.0,RUR,False
6576,114183953,Junior+ / Middle Data Engineer (Oracle),https://api.hh.ru/vacancies/114183953?host=hh.ru,"['Программист, разработчик']",,160000.0,RUR,False
6577,114301702,Ведущий бизнес-аналитик ИТ,https://api.hh.ru/vacancies/114301702?host=hh.ru,['Бизнес-аналитик'],,,,
6578,108422928,Инженер по испытаниям,https://api.hh.ru/vacancies/108422928?host=hh.ru,['Другое'],90000.0,140000.0,RUR,True
6579,110337697,Программист,https://api.hh.ru/vacancies/110337697?host=hh.ru,"['Программист, разработчик']",,,,
6580,112479170,Менеджер по рекламе,https://api.hh.ru/vacancies/112479170?host=hh.ru,"['Менеджер по маркетингу, интернет-маркетолог']",30000.0,30000.0,RUR,False
6581,112845485,"Помощник в департамент продаж ""Самолет плюс"" Prime Plaza",https://api.hh.ru/vacancies/112845485?host=hh.ru,['Офис-менеджер'],155000.0,280000.0,RUR,False
6582,113378499,Middle/Senior Full stack JavaScript Разработчик,https://api.hh.ru/vacancies/113378499?host=hh.ru,"['Программист, разработчик']",200000.0,,RUR,True
6583,113709212,SEO-специалист,https://api.hh.ru/vacancies/113709212?host=hh.ru,"['Менеджер по маркетингу, интернет-маркетолог']",40000.0,,RUR,False
6584,114400795,Senior/Middle Backend разработчик Node.js,https://api.hh.ru/vacancies/114400795?host=hh.ru,"['Программист, разработчик']",150000.0,350000.0,RUR,False
6585,107351690,Менеджер ИТ-проектов в Финтех,https://api.hh.ru/vacancies/107351690?host=hh.ru,['Руководитель проектов'],,,,
6586,109549968,Junior Разработчик C#,https://api.hh.ru/vacancies/109549968?host=hh.ru,"['Программист, разработчик']",,,,
6587,111869377,Системный аналитик,https://api.hh.ru/vacancies/111869377?host=hh.ru,['Системный аналитик'],,300000.0,RUR,False
6588,113852943,Brand & Customer Manager,https://api.hh.ru/vacancies/113852943?host=hh.ru,['Медицинский представитель'],,,,
6589,114171714,Системный аналитик,https://api.hh.ru/vacancies/114171714?host=hh.ru,['Системный аналитик'],120000.0,,RUR,False
6590,109447261,Python-разработчик(Зеленоград),https://api.hh.ru/vacancies/109447261?host=hh.ru,"['Программист, разработчик']",,,,
6591,110425008,Менеджер колл-центра,https://api.hh.ru/vacancies/110425008?host=hh.ru,"['Оператор call-центра, специалист контактного центра']",100000.0,,RUR,False
6592,111065284,Разработчик Frontend (JS/TS) в R&D почтового сервера RuPost,https://api.hh.ru/vacancies/111065284?host=hh.ru,"['Программист, разработчик']",,,,
6593,111912069,Программист-разработчик 1С,https://api.hh.ru/vacancies/111912069?host=hh.ru,"['Программист, разработчик']",,,,
6594,112061776,Менеджер по продажам,https://api.hh.ru/vacancies/112061776?host=hh.ru,"['Менеджер по продажам, менеджер по работе с клиентами']",150000.0,,RUR,False
6595,112350497,Менеджер по работе с клиентами в электроэнергетике,https://api.hh.ru/vacancies/112350497?host=hh.ru,['Руководитель отдела продаж'],300000.0,,RUR,True
6596,114294544,Менеджер продукта / Product manager,https://api.hh.ru/vacancies/114294544?host=hh.ru,['Менеджер продукта'],,250000.0,RUR,False
